Year,Region,Plastic_Type,Packaging_Type,Flex_Class,Waste_Generated_tonnes,Collected_tonnes,Reused_tonnes,Recycled_tonnes,Recovered_tonnes,Landfilled_tonnes,Burned_tonnes,Leaked_tonnes,Collection_Cost_GHS,Recycling_Value_GHS,Carbon_Emission_tCO2e,Leakage_Risk_Score,Circularity_Index,calculated_total,mass_error,Core_Circularity,Collection_Efficiency,Recycling_Efficiency,Recovery_Rate,Reuse_Rate,Leakage_Rate,Landfill_Rate,Burning_Rate,Circularity_Class
2019,Greater Accra,PET,Bottles,Rigid,12186.35,9658.99,1621.16,5383.19,116.91,3138.22,1618.31,308.56,2494496.49,4844871.0,26809.97,0.46,75.0,12186.349999999999,1.8189894035458565e-12,58.436365277544134,79.26073024326398,55.73243165175654,0.9593520619381521,13.303080906095754,2.532013277150254,25.75192736135102,13.279694083954588,Good
2019,Greater Accra,PET,Containers,Rigid,6780.88,5394.1,718.73,2302.47,110.02,2348.76,1021.68,279.22,1183181.56,2072223.0,14917.94,0.2,67.64,6780.88,0.0,46.17719234081712,79.54867214874766,42.68497061604345,1.6225032739113507,10.599361734760091,4.117754627717937,34.637982090820074,15.067070940644872,Good
2019,Greater Accra,PET,Sachets,Flexible,15335.56,10289.0,90.18,883.59,661.81,4459.97,4201.49,5038.52,2636611.3,795231.0,33738.23,2.83,14.43,15335.560000000001,-1.8189894035458565e-12,10.665277303209011,67.09243092524825,8.587715035474778,4.315525484560068,0.5880450404158701,32.85514190547982,29.08253757932544,27.39704321198574,Poor
2019,Greater Accra,PET,Films,Flexible,7661.32,5175.82,6.73,1002.11,487.15,2342.94,1841.72,1980.67,1435635.81,901899.0,16854.9,2.53,29.55,7661.320000000001,-9.094947017729282e-13,19.526530676175906,67.55780988132594,19.361376554826094,6.358564842611979,0.08784387024690264,25.85285564367498,30.58141416883775,24.039199511311367,Poor
2019,Greater Accra,PET,Pouches,Flexible,6933.06,5021.45,3.45,570.31,237.02,2446.02,2230.62,1445.64,1233988.02,513279.0,15252.73,1.77,25.65,6933.06,0.0,11.694403337054633,72.42761493481954,11.357476426131893,3.418692467683822,0.049761577139098755,20.851398949381657,35.28052548225459,32.17367223130911,Poor
2019,Greater Accra,HDPE,Bottles,Rigid,12306.57,9430.15,1817.57,5271.84,196.18,3191.74,1254.18,575.06,1229713.03,4217472.0,23382.48,0.29,74.86,12306.57,0.0,59.20081712451154,76.6269561705658,55.90409484472676,1.5941078627107312,14.769103007580503,4.6727885999104535,25.935252470834687,10.19114180474332,Good
2019,Greater Accra,HDPE,Containers,Rigid,6599.71,4558.44,605.7,1957.73,110.29,2337.5,1161.18,427.31,625174.77,1566184.0,12539.45,1.13,63.0,6599.710000000001,-9.094947017729282e-13,40.51268919391913,69.0703076347294,42.94736795921412,1.6711340346772814,9.177675988793448,6.47467843284023,35.41822292191627,17.594409451324378,Good
2019,Greater Accra,HDPE,Sachets,Flexible,14235.06,9677.1,1.6,1209.14,792.6,4657.38,3178.85,4395.49,1959101.0,967312.0,27046.61,2.7,20.82,14235.06,0.0,14.07328103991132,67.98074612962644,12.49485899701357,5.567942811621448,0.011239854275289323,30.87791691780716,32.71767031540436,22.331131726877164,Poor
2019,Greater Accra,HDPE,Films,Flexible,7240.19,5383.04,35.62,445.15,284.27,2641.82,2222.45,1610.88,1744422.19,356120.0,13756.36,2.2,23.77,7240.19,0.0,10.566573529147716,74.34943005639354,8.269490845321602,3.926278177782627,0.49197603930283595,22.249139870638757,36.48826895426778,30.696017645945755,Poor
2019,Greater Accra,HDPE,Pouches,Flexible,6236.45,4720.91,71.83,394.36,422.86,2294.88,1907.14,1145.38,594109.52,315488.0,11849.25,1.44,29.95,6236.450000000001,-9.094947017729282e-13,14.255706371413224,75.69867472680772,8.353474224249139,6.780460037360999,1.1517770526501456,18.365897265271112,36.797857755614174,30.580538607701502,Poor
2019,Greater Accra,LDPE,Bottles,Rigid,9629.29,7178.27,845.05,3508.33,315.49,3154.94,1470.9,334.58,1239138.65,1754165.0,24073.23,0.0,68.56,9629.289999999999,1.8189894035458565e-12,48.48612929925259,74.5462022641337,48.87431094121564,3.2763578623138363,8.775828747498517,3.4746071621064476,32.76399402240456,15.275269516236401,Good
2019,Greater Accra,LDPE,Containers,Rigid,6106.93,4117.19,588.63,1834.43,147.4,2262.21,784.7,489.56,1339274.85,917215.0,15267.33,0.84,63.83,6106.93,0.0,42.09087053560463,67.41832639313041,44.55538850526695,2.4136513763871537,9.638721911009295,8.01646653883375,37.04332618844493,12.849336737116685,Good
2019,Greater Accra,LDPE,Sachets,Flexible,13533.97,10616.23,101.28,545.25,503.61,4517.79,3976.7,3889.34,1290922.85,272625.0,33834.92,2.88,16.15,13533.970000000001,-1.8189894035458565e-12,8.498171637738224,78.44135903951317,5.136004024027362,3.7210811018496424,0.7483391791174356,28.73761357532195,33.38111433673933,29.383100450200494,Poor
2019,Greater Accra,LDPE,Films,Flexible,6269.7,4284.19,10.27,437.81,440.62,2116.95,1926.98,1337.07,872410.21,218905.0,15674.25,2.6,26.62,6269.699999999999,9.094947017729282e-13,14.174521906949296,68.3316586120548,10.219201295927586,7.027768473770675,0.16380369076670337,21.325900760801954,33.764773434135606,30.73480389811315,Poor
2019,Greater Accra,LDPE,Pouches,Flexible,6964.62,4790.04,47.64,286.45,247.91,2944.87,2449.75,988.0,631519.41,143225.0,17411.55,1.2,28.33,6964.62,0.0,8.356521963868811,68.77676025396934,5.980117076266586,3.5595624743345655,0.6840287050836944,14.185985739351178,42.28328322291812,35.17420907386189,Poor
2019,Greater Accra,PP,Bottles,Rigid,10816.53,7419.43,722.56,3688.01,357.18,3899.21,1744.64,404.93,1295852.68,2212806.0,18388.1,0.6,65.98,10816.529999999999,1.8189894035458565e-12,44.07836894087105,68.59343985548045,49.707457311410714,3.302168070536484,6.680146035743439,3.743622030355391,36.04862187781109,16.12938715096246,Good
2019,Greater Accra,PP,Containers,Rigid,5841.34,4350.9,493.19,1826.94,77.43,2165.0,813.26,465.52,562911.97,1096164.0,9930.28,0.89,63.24,5841.34,0.0,41.04469180016913,74.48462167927221,41.989933117286085,1.3255520137502697,8.443096960628898,7.969404280524674,37.0634135318266,13.922490387479586,Good
2019,Greater Accra,PP,Sachets,Flexible,12426.15,8107.92,124.56,492.99,659.64,4528.4,3541.72,3078.84,2719784.72,295794.0,21124.45,2.12,21.47,12426.15,0.0,10.278243864752962,65.2488502070231,6.080351064144688,5.308482514696829,1.0024021921512294,24.777103125264063,36.44250230360973,28.502150706373254,Poor
2019,Greater Accra,PP,Films,Flexible,5809.28,3874.91,71.66,598.97,170.51,1934.42,1548.26,1485.46,937029.31,359382.0,9875.78,2.3,25.86,5809.28,0.0,14.479246997906797,66.70206979178143,15.45764933895239,2.9351313760052884,1.2335435716646468,25.570466563842682,33.298790900077115,26.651495538173407,Poor
2019,Greater Accra,PP,Pouches,Flexible,5511.72,4324.4,77.88,340.44,236.37,2044.2,1863.78,949.05,1401234.8,204264.0,9369.92,2.0,28.69,5511.72,0.0,11.878143301909386,78.45826711081114,7.872537230598466,4.288497964337811,1.412989048790577,17.218762926999194,37.08824105723803,33.81485271385339,Poor
2019,Greater Accra,Multilayer Laminate,Bottles,Rigid,9641.31,6388.53,634.99,1469.45,362.34,4616.19,2195.0,363.34,774060.9,440835.0,29888.06,0.04,55.74,9641.31,0.0,25.58552727793215,66.26205360059993,23.001379033987476,3.7582029827896832,6.586138190764533,3.7685750172953676,47.87928196479524,22.766615739977244,Fair
2019,Greater Accra,Multilayer Laminate,Containers,Rigid,5679.83,4281.37,493.2,656.11,294.71,2644.44,1246.77,344.6,1153467.73,196833.0,17607.47,0.96,54.47,5679.83,0.0,25.423648242993192,75.37848844067516,15.324767539362401,5.18871163397496,8.683358480799601,6.067082993681149,46.55843572782988,21.95083303549578,Fair
2019,Greater Accra,Multilayer Laminate,Sachets,Flexible,11604.63,8532.26,23.98,258.4,444.41,4490.41,3269.86,3117.57,2774441.02,77520.0,35974.35,2.82,16.48,11604.63,0.0,6.262931261057009,73.52461905291251,3.0285059292614145,3.829592154166053,0.2066416594066334,26.864880655393584,38.69498639767059,28.177201685878828,Poor
2019,Greater Accra,Multilayer Laminate,Films,Flexible,5956.66,4320.93,49.86,207.94,193.29,2152.01,1655.82,1697.74,1159990.94,62382.0,18465.65,2.53,16.41,5956.66,0.0,7.572868016640198,72.53947682090299,4.812389925317003,3.244939278051794,0.8370462641816052,28.501542810904095,36.127796449688255,27.797792722767454,Poor
2019,Greater Accra,Multilayer Laminate,Pouches,Flexible,6120.52,4854.12,88.82,126.61,145.61,2088.53,2111.97,1558.98,1658325.61,37983.0,18973.61,2.9,15.73,6120.52,0.0,5.898845196159804,79.30894760575899,2.6082997536113655,2.37904622483057,1.451183886336455,25.47136517812212,34.123407815022254,34.50638181069582,Poor
2019,Ashanti,PET,Bottles,Rigid,8989.59,5532.79,1007.72,2775.61,79.17,3291.94,1378.96,456.19,1389361.41,2498049.0,19777.1,0.1,65.74,8989.590000000002,-1.8189894035458565e-12,42.966364428188605,61.546633383724945,50.16655249882971,0.8806853260271048,11.209854954452874,5.0746474533321315,36.619467628668275,15.339520489810992,Good
2019,Ashanti,PET,Containers,Rigid,5754.38,4133.42,264.57,2142.05,188.16,1921.44,837.93,400.23,837773.82,1927845.0,12659.64,0.49,64.86,5754.380000000001,-9.094947017729282e-13,45.09226015661114,71.83084884905064,51.822703717502705,3.2698570480225495,4.59771513177788,6.95522367309771,33.39091266131191,14.561603508979246,Good
2019,Ashanti,PET,Sachets,Flexible,11946.06,8215.54,213.7,1130.85,522.34,3717.88,3083.27,3278.02,2312283.3,1017765.0,26281.33,3.04,24.88,11946.060000000001,-1.8189894035458565e-12,15.62766301190518,68.77196330840462,13.764767745029538,4.372487665389258,1.7888743234170932,27.440176928627512,31.122227747056353,25.809932312410954,Poor
2019,Ashanti,PET,Films,Flexible,6063.76,3683.49,27.67,333.7,272.56,2297.49,2017.1,1115.24,684777.32,300330.0,13340.27,1.93,26.31,6063.76,0.0,10.45440452788369,60.74597279575708,9.059343177258523,4.494900853595789,0.45631753235616185,18.391888861036715,37.88886763328364,33.264838977795954,Poor
2019,Ashanti,PET,Pouches,Flexible,5096.81,2835.61,46.65,209.77,106.87,2151.93,1550.2,1031.39,746516.33,188793.0,11212.98,1.61,23.68,5096.81,0.0,7.127791697159595,55.634995222501914,7.397702787054637,2.0968017250005393,0.9152783800063177,20.23599074715361,42.22111477571264,30.41510277997414,Poor
2019,Ashanti,HDPE,Bottles,Rigid,7680.96,4918.35,712.55,2706.9,142.92,2619.79,1011.53,487.27,1489732.92,2165520.0,14593.82,0.41,66.77,7680.959999999999,9.094947017729282e-13,46.37922863808691,64.03301149856269,55.03675012961664,1.8607049118860142,9.276835187268258,6.343868474773987,34.10758551014457,13.169317376994542,Good
2019,Ashanti,HDPE,Containers,Rigid,5000.71,2817.09,148.0,1629.22,109.43,1997.49,734.67,381.9,439411.16,1303376.0,9501.35,0.51,61.08,5000.71,0.0,37.72764267474019,56.33380060031475,57.83343805132246,2.188289262924665,2.959579739676966,7.636915557990765,39.94412793383339,14.691313833435652,Fair
2019,Ashanti,HDPE,Sachets,Flexible,10224.68,6865.68,135.98,498.63,722.42,3022.83,2646.39,3198.43,1486474.74,398904.0,19426.89,2.88,17.98,10224.68,0.0,13.272102403204794,67.14811612686167,7.262645506344601,7.065453393162426,1.3299193715597946,31.281467977481935,29.56405481638545,25.882374802927817,Poor
2019,Ashanti,HDPE,Films,Flexible,4916.67,3337.6,0.96,297.74,103.75,1957.35,1626.44,930.43,764510.59,238192.0,9341.67,1.49,24.69,4916.67,0.0,8.185418179377505,67.88334380790249,8.920781399808247,2.1101680609030096,0.019525410491247126,18.92398717017819,39.81048148441933,33.08011316602497,Poor
2019,Ashanti,HDPE,Pouches,Flexible,5054.01,3186.5,11.04,242.45,193.18,2086.44,1460.93,1059.97,656931.71,193960.0,9602.62,2.22,24.29,5054.01,0.0,8.837932651498512,63.048945292945604,7.608661540875568,3.8223113923399437,0.21844040672653992,20.972851260682113,41.28286251906901,28.906353568750358,Poor
2019,Ashanti,LDPE,Bottles,Rigid,7973.75,5546.57,882.14,2309.82,85.59,2895.46,1354.74,446.0,1865050.56,1154910.0,19934.38,0.63,64.17,7973.75,0.0,41.10424831478288,69.5603699639442,41.6441151919114,1.0733970841824738,11.063050634895752,5.593353190155197,36.31240006270575,16.989998432356167,Good
2019,Ashanti,LDPE,Containers,Rigid,4674.31,3082.05,295.34,1324.4,167.77,1802.68,810.6,273.52,508636.76,662200.0,11685.78,0.15,61.73,4674.3099999999995,9.094947017729282e-13,38.2411521700529,65.93593492943344,42.97139890657192,3.5891928434357157,6.3183657053126545,5.851558839700404,38.56569204866601,17.34159694158068,Fair
2019,Ashanti,LDPE,Sachets,Flexible,8798.99,4866.7,13.79,487.99,158.91,3450.13,2264.21,2423.96,1495671.97,243995.0,21997.47,2.54,18.54,8798.99,0.0,7.508702703378457,55.30975714258114,10.027123101896562,1.8060027344047442,0.15672253292707458,27.548161777658574,39.2105230259382,25.73261249302477,Poor
2019,Ashanti,LDPE,Films,Flexible,4416.12,2951.93,37.13,459.09,236.13,1378.49,1124.55,1180.73,863856.91,229545.0,11040.3,2.98,26.05,4416.120000000001,-9.094947017729282e-13,16.58356204088657,66.84442451744971,15.552198053476879,5.347001440178256,0.8407833120476799,26.736818745867414,31.214957926867932,25.46466128637809,Poor
2019,Ashanti,LDPE,Pouches,Flexible,5250.3,3255.95,24.23,286.64,178.68,1972.92,1497.68,1290.15,953017.69,143320.0,13125.75,2.71,21.44,5250.300000000001,-9.094947017729282e-13,9.324229091670952,62.01455154943526,8.803574993473488,3.40323410090852,0.46149743824162426,24.572881549625734,37.57728129821153,28.52560806049178,Poor
2019,Ashanti,PP,Bottles,Rigid,6904.69,4856.99,683.04,2537.75,96.22,2373.11,810.29,404.28,1594247.98,1522650.0,11737.97,0.18,68.27,6904.69,0.0,48.03995545057055,70.34334633415837,52.24943843820967,1.393545546577761,9.892406465750092,5.855150629499659,34.369537227594584,11.735356692335209,Good
2019,Ashanti,PP,Containers,Rigid,4337.38,3086.09,447.67,1266.4,119.18,1606.9,645.92,251.31,847684.87,759840.0,7373.55,0.83,64.68,4337.380000000001,-9.094947017729282e-13,42.26629901000143,71.15101743448811,41.03574425891662,2.7477417242667235,10.32120773370099,5.794050786419451,37.04771083004025,14.891939373538863,Good
2019,Ashanti,PP,Sachets,Flexible,9524.84,6517.23,17.83,549.37,209.32,2943.08,2897.05,2908.19,1308076.18,329622.0,16192.23,2.67,14.09,9524.84,0.0,8.152577891072186,68.42351157604747,8.429501490663979,2.1976222172760904,0.1871947455285338,30.532691362794544,30.898996728553968,30.4157340175793,Poor
2019,Ashanti,PP,Films,Flexible,4178.69,2839.24,35.11,219.6,97.1,1277.77,1381.35,1167.76,801902.77,131760.0,7103.77,2.38,15.9,4178.69,0.0,8.419145713130192,67.94569589991121,7.734464152378806,2.3236947464396738,0.840215474227569,27.94560017613176,30.578243420784982,33.05701068995307,Poor
2019,Ashanti,PP,Pouches,Flexible,4126.35,2961.6,22.17,189.75,283.63,1453.07,1186.0,991.73,611687.99,113850.0,7014.8,1.99,22.97,4126.35,0.0,12.009402983266082,71.77287433203678,6.407009724473258,6.873629236492299,0.5372787087862154,24.03407369709307,35.21441467640893,28.742108643231912,Poor
2019,Ashanti,Multilayer Laminate,Bottles,Rigid,7420.99,4786.01,626.52,1064.6,123.82,3544.68,1587.74,473.63,636298.85,319380.0,23005.07,0.26,54.63,7420.99,0.0,24.45684470670355,64.49287763492472,22.243998654411502,1.6685105356562937,8.442539337743348,6.382302091769428,47.765594617429755,21.39525858409727,Fair
2019,Ashanti,Multilayer Laminate,Containers,Rigid,3896.04,2572.81,320.58,446.7,210.52,1768.07,876.62,273.55,441049.21,134010.0,12077.72,1.17,53.59,3896.04,0.0,25.097278262030166,66.03653966591719,17.362339232201368,5.403435283005308,8.228354945021097,7.021231814868431,45.38120758513773,22.500282337963675,Fair
2019,Ashanti,Multilayer Laminate,Sachets,Flexible,7614.26,5443.28,7.05,264.69,400.76,2092.98,2079.4,2769.38,1866716.17,79407.0,23604.21,3.66,8.97,7614.26,0.0,8.832112378615912,71.48797125393669,4.862693082112256,5.2632823150247035,0.09258943088363149,36.370967106455524,27.48763504266994,27.309285472258633,Poor
2019,Ashanti,Multilayer Laminate,Films,Flexible,4327.93,2892.26,26.29,155.79,223.83,1362.91,1244.55,1314.56,979303.74,46737.0,13416.58,3.43,14.98,4327.93,0.0,9.378848548844365,66.8277906528063,5.386445202021947,5.1717564748043525,0.6074497508046571,30.37387388428186,31.49103613043649,28.75624143643728,Poor
2019,Ashanti,Multilayer Laminate,Pouches,Flexible,4181.34,2740.54,15.2,60.25,191.17,1830.79,1316.89,767.04,943049.43,18075.0,12962.15,2.32,23.55,4181.34,0.0,6.376424782485997,65.54214677591393,2.1984718340181133,4.571979317635016,0.36351982857170184,18.34435850708146,43.784767562551714,31.494449147880825,Poor
2019,Western,PET,Bottles,Rigid,5847.93,3101.83,363.36,1951.87,72.07,2255.28,992.93,212.42,1049826.71,1756683.0,12865.45,0.59,64.69,5847.93,0.0,40.822992067278506,53.04150357476919,62.92640151136587,1.2324018926355136,6.21348066751825,3.632396420613789,38.56544110480119,16.979170407306516,Good
2019,Western,PET,Containers,Rigid,3451.56,1769.74,253.56,944.9,19.46,1416.74,677.59,139.31,614229.87,850410.0,7593.43,0.05,61.51,3451.56,0.0,35.286073543557116,51.27362699764744,53.39202368709528,0.5638030339904275,7.346243437749887,4.036145974573816,41.046367439650474,19.631413042218593,Fair
2019,Western,PET,Sachets,Flexible,6877.08,3487.6,101.48,454.46,309.14,2254.94,1831.39,1925.67,463733.49,409014.0,15129.58,3.16,21.3,6877.08,0.0,12.57917604564728,50.71338416886236,13.030737469893335,4.495221809256254,1.4756262832481228,28.00127379643686,32.789207047177,26.630343110738863,Poor
2019,Western,PET,Films,Flexible,3586.21,2151.57,42.89,309.24,178.52,1173.76,837.67,1044.13,481145.17,278316.0,7889.66,2.54,23.17,3586.21,0.0,14.796958348786044,59.995650003764425,14.372760356390915,4.977957230613935,1.1959701188720127,29.11513826574573,32.72981782996534,23.358085555502882,Poor
2019,Western,PET,Pouches,Flexible,3681.48,1991.41,9.11,192.32,153.28,1324.09,1348.76,653.92,477282.77,173088.0,8099.26,2.05,24.97,3681.48,0.0,9.6349837565327,54.09264752219216,9.657478871754185,4.163542922954899,0.24745482794962895,17.76242163477732,35.96624183752186,36.63635277116812,Poor
2019,Western,HDPE,Bottles,Rigid,5082.92,2937.05,429.48,1577.46,101.29,2015.99,725.95,232.75,862557.45,1261968.0,9657.55,0.58,65.1,5082.92,0.0,41.47674958488428,57.78273118601119,53.70899371818661,1.9927521975557356,8.449473924437134,4.579060854784258,39.662044651499535,14.282144908831931,Good
2019,Western,HDPE,Containers,Rigid,3161.48,1523.66,96.96,613.86,50.03,1506.1,623.04,271.49,499694.2,491088.0,6006.81,0.71,53.17,3161.4799999999996,4.547473508864641e-13,24.06626010602629,48.194516492275774,40.288515810613916,1.5824866834520543,3.066918025734782,8.587433733567822,47.63908043068436,19.70722572972152,Fair
2019,Western,HDPE,Sachets,Flexible,6092.0,3457.5,41.13,364.18,328.45,1558.55,1696.97,2102.72,806243.18,291344.0,11574.8,3.21,13.39,6092.0,0.0,12.044648719632304,56.754760341431385,10.533044107013739,5.391497045305319,0.6751477347340775,34.516086671043986,25.58355219960604,27.855712409717665,Poor
2019,Western,HDPE,Films,Flexible,3012.67,1798.58,17.72,202.09,137.36,1093.85,934.89,626.76,268798.76,161672.0,5724.07,1.73,25.98,3012.67,0.0,11.855596530652212,59.70053142229318,11.236086245816145,4.559410755243688,0.5881825755890954,20.804137193917686,36.30832450948826,31.031941765941838,Poor
2019,Western,HDPE,Pouches,Flexible,2818.09,1539.05,5.6,108.09,157.8,1161.44,846.27,538.89,252752.76,86472.0,5354.37,1.45,25.75,2818.0899999999997,4.547473508864641e-13,9.633830005429209,54.61323094720182,7.023163639907735,5.59953727524671,0.19871615171978183,19.12252625004879,41.213729866682755,30.029913877839242,Poor
2019,Western,LDPE,Bottles,Rigid,4464.67,2195.67,222.29,952.31,41.72,2107.83,873.33,267.19,517708.19,476155.0,11161.67,0.79,56.41,4464.669999999999,9.094947017729282e-13,27.243222903372477,49.178774691074594,43.37218252287457,0.9344475627537981,4.978867419092564,5.98454085072357,47.211328048881555,19.5609081970224,Fair
2019,Western,LDPE,Containers,Rigid,2604.43,1484.29,167.41,522.01,86.34,1112.07,455.32,261.28,453341.19,261005.0,6511.07,1.25,55.49,2604.4300000000003,-4.547473508864641e-13,29.786172022285108,56.99097307280287,35.16900336187672,3.3151207749872333,6.427894011357571,10.032137550250917,42.69917025990332,17.482520167560658,Fair
2019,Western,LDPE,Sachets,Flexible,5375.49,2587.77,28.76,214.15,200.82,1767.86,1658.05,1505.85,332365.77,107075.0,13438.72,2.55,16.04,5375.49,0.0,8.254689339948545,48.140169547334295,8.275464975635392,3.7358454764123827,0.5350209934350172,28.01326018651323,32.887420495619935,30.84462997791829,Poor
2019,Western,LDPE,Films,Flexible,2991.16,1747.68,17.88,211.51,60.19,1114.63,865.32,721.63,317948.33,105755.0,7477.9,2.29,22.53,2991.1600000000003,-4.547473508864641e-13,9.681193918078606,58.428168336030176,12.102329945985533,2.0122628010537715,0.5977614036026156,24.125422912849864,37.26413832760535,28.92924484146619,Poor
2019,Western,LDPE,Pouches,Flexible,2593.39,1292.32,5.47,79.77,49.22,957.96,847.47,653.5,389646.61,39885.0,6483.47,2.52,16.11,2593.3900000000003,-4.547473508864641e-13,5.184719614095836,49.8313018867197,6.172619784573481,1.8979019738643244,0.21092084106131356,25.198678177983258,36.938524479542224,32.67807772837869,Poor
2019,Western,PP,Bottles,Rigid,4128.23,2190.3,329.47,1105.75,51.99,1764.47,720.91,155.64,588229.08,663450.0,7017.99,0.45,62.4,4128.2300000000005,-9.094947017729282e-13,36.02536680369069,53.05663686374065,50.48395197004976,1.2593775056137864,7.980902226862361,3.7701387761825287,42.74156236450005,17.462932055626744,Fair
2019,Western,PP,Containers,Rigid,2622.29,1568.07,173.39,589.71,31.52,1230.25,462.62,134.8,255454.94,353826.0,4457.89,0.3,58.82,2622.29,0.0,30.30252184159647,59.79773404162011,37.60737722168016,1.2020028295878793,6.612159600959466,5.140545096080144,46.91510092323885,17.64183213908454,Fair
2019,Western,PP,Sachets,Flexible,5047.24,2950.19,7.1,256.29,179.84,1436.73,1337.85,1829.43,1011850.85,153774.0,8580.31,3.99,9.98,5047.24,0.0,8.781631148905145,58.45154975788748,8.687237093204168,3.563135495835348,0.1406709409499053,36.24614640873032,28.465656477599637,26.5065659647649,Poor
2019,Western,PP,Films,Flexible,2871.22,1403.12,4.8,190.45,137.27,1022.82,796.12,719.76,416703.31,114270.0,4881.07,2.19,22.65,2871.2200000000003,-4.547473508864641e-13,11.58113972457701,48.86842526870111,13.573322310279949,4.780894532637695,0.1671763222602239,25.068089522920573,35.62318456962546,27.72758618287697,Poor
2019,Western,PP,Pouches,Flexible,2604.79,1338.38,13.59,75.41,50.39,980.87,919.01,565.52,208122.67,45246.0,4428.14,2.15,18.74,2604.79,0.0,5.351295114001512,51.38149332575755,5.634423706271761,1.9345129549790963,0.5217311184394904,21.710771309779293,37.65639456539683,35.28153901082237,Poor
2019,Western,Multilayer Laminate,Bottles,Rigid,4246.25,1943.82,234.02,345.22,48.72,2149.36,1037.28,431.65,347102.79,103566.0,13163.38,1.2,47.2,4246.25,0.0,14.788578157197529,45.77733294083014,17.75987488553467,1.1473653223432438,5.511215778628201,10.165440094200765,50.61783926994408,24.428142478657637,Poor
2019,Western,Multilayer Laminate,Containers,Rigid,2662.99,1436.27,139.54,241.62,64.78,1292.97,605.58,318.5,213413.01,72486.0,8255.27,1.43,47.23,2662.99,0.0,16.74583832459003,53.934487174191425,16.822742242057554,2.432603952699785,5.239974615000432,11.96024018114976,48.553317887036755,22.740603607223463,Poor
2019,Western,Multilayer Laminate,Sachets,Flexible,5506.32,2627.53,5.24,113.91,204.94,1577.09,1655.2,1949.94,437153.42,34173.0,17069.59,3.2,6.86,5506.32,0.0,5.885782155777361,47.718439901785594,4.33525021598231,3.7219050109692136,0.0951633759025992,35.41276206250273,28.641452004242396,30.06000377747752,Poor
2019,Western,Multilayer Laminate,Films,Flexible,2361.28,1351.09,17.97,66.61,78.9,742.83,726.22,728.75,298592.28,19983.0,7319.97,2.96,12.26,2361.28,0.0,6.9233635994037135,57.21854248543162,4.930093480079047,3.3414080498712564,0.7610279170619324,30.862498306003523,31.458785065727064,30.755353028865702,Poor
2019,Western,Multilayer Laminate,Pouches,Flexible,2512.36,1244.14,18.6,36.54,60.52,924.97,831.94,639.79,408685.79,10962.0,7788.32,2.67,15.07,2512.36,0.0,4.603639605788979,49.52076931649923,2.9369685083672254,2.408890445636772,0.7403397602254455,25.465697591109553,36.81677785030807,33.113884952793384,Poor
2019,Central,PET,Bottles,Rigid,4616.9,2497.63,387.94,1301.64,34.37,1829.97,757.53,305.45,813216.57,1171476.0,10157.18,0.95,61.81,4616.9,0.0,37.339990036604654,54.09755463622778,52.11500502476347,0.7444389092248045,8.402607810435574,6.615911109185818,39.63633606965713,16.407762784552407,Fair
2019,Central,PET,Containers,Rigid,2791.0,1246.9,93.33,690.75,15.28,1212.85,557.14,221.65,247732.6,621675.0,6140.2,1.12,55.84,2791.0,0.0,28.640630598351848,44.67574346112505,55.39738551607988,0.5474740236474381,3.343962737370118,7.941597993550699,43.455750627015405,19.96202078108205,Fair
2019,Central,PET,Sachets,Flexible,5532.76,2915.59,11.15,260.61,269.03,1817.83,1813.89,1360.25,832717.0,234549.0,12172.07,2.6,19.55,5532.76,0.0,9.774326014502705,52.69684569726502,8.93849958327474,4.862491776256334,0.20152690519740601,24.585378725988473,32.8557537286996,32.78454153080922,Poor
2019,Central,PET,Films,Flexible,3116.37,1500.25,7.56,181.34,60.77,1051.5,851.22,963.98,339448.57,163206.0,6856.01,3.54,14.91,3116.3700000000003,-4.547473508864641e-13,8.011564737178192,48.140946036574604,12.0873187802033,1.9500251895634986,0.24258993636827464,30.932783976228755,33.741179641698515,27.314471644894546,Poor
2019,Central,PET,Pouches,Flexible,2792.01,1362.32,13.78,125.15,38.7,1082.22,843.6,688.56,381762.51,112635.0,6142.42,2.89,18.86,2792.0099999999998,4.547473508864641e-13,6.3620832303609225,48.793521513175094,9.186534734864056,1.3860981873274094,0.4935512408623177,24.6618027872393,38.76132248809997,30.214791494299803,Poor
2019,Central,HDPE,Bottles,Rigid,4686.51,1981.84,295.6,1075.44,41.64,2022.01,919.36,332.46,443323.84,860352.0,8904.37,0.32,57.27,4686.51,0.0,30.14353964890718,42.288184597920406,54.264723691115336,0.8885076528162749,6.307465470040606,7.09397824820602,43.14532562610556,19.61715647678123,Fair
2019,Central,HDPE,Containers,Rigid,2961.81,1557.42,97.29,879.67,62.86,1231.79,485.13,205.07,206506.38,703736.0,5627.44,0.53,59.91,2961.81,0.0,35.10758623949544,52.58338651027581,56.48251595587573,2.122350859778311,3.2848157039107844,6.923806726292368,41.589095856925326,16.37951117728686,Fair
2019,Central,HDPE,Sachets,Flexible,5727.08,2294.81,22.96,193.85,162.84,1768.32,1504.42,2074.69,664635.01,155080.0,10881.45,3.57,8.55,5727.08,0.0,6.629032596017516,40.06945948022378,8.447322436280128,2.843333775676261,0.400902379572138,36.225965064221214,30.876467589068074,26.268534750693203,Poor
2019,Central,HDPE,Films,Flexible,2551.29,1193.66,3.36,114.4,80.53,1001.95,732.59,618.46,302634.97,91520.0,4847.45,2.56,20.41,2551.29,0.0,7.772146639543134,46.78652759976326,9.583968634284469,3.1564424271642975,0.13169808214667872,24.241070203700872,39.27228970442404,28.714493452331958,Poor
2019,Central,HDPE,Pouches,Flexible,2437.07,1217.39,4.33,135.15,46.76,839.93,951.96,458.94,286701.25,108120.0,4630.43,1.98,22.01,2437.07,0.0,7.641963505356843,49.9530173528048,11.101619037448968,1.9186974522685025,0.17767236886917487,18.831629784946678,34.46474660145174,39.06166010824473,Poor
2019,Central,LDPE,Bottles,Rigid,3882.02,1989.51,209.27,1104.05,32.77,1642.09,733.19,160.65,497205.33,552025.0,9705.05,0.0,61.11,3882.02,0.0,34.674988794493586,51.24934956543243,55.49356374182588,0.844148149674654,5.390750176454526,4.138309436839584,42.29988511135955,18.88681665730728,Fair
2019,Central,LDPE,Containers,Rigid,2690.52,1259.15,128.99,516.97,40.51,1286.5,496.36,221.19,400674.99,258485.0,6726.3,1.27,54.49,2690.52,0.0,25.51439870359633,46.799503441713874,41.05706230393519,1.505656899038104,4.794240518561469,8.221087373444538,47.816035561898815,18.448478361060317,Fair
2019,Central,LDPE,Sachets,Flexible,4970.78,2190.18,42.31,165.91,63.99,1845.24,1568.63,1284.7,276470.97,82955.0,12426.95,2.31,16.47,4970.78,0.0,5.476202929922467,44.061093027653605,7.575176469513922,1.2873231162916081,0.8511742623894039,25.84503840443552,37.12173944531844,31.557019220323575,Poor
2019,Central,LDPE,Films,Flexible,2412.85,1208.32,0.48,94.96,113.51,973.98,730.12,499.8,172634.52,47480.0,6032.12,1.81,23.52,2412.8500000000004,-4.547473508864641e-13,8.659883540211782,50.07853782870879,7.85884533898305,4.704395217274178,0.01989348695526038,20.71409329216487,40.366371718092715,30.25965144953064,Poor
2019,Central,LDPE,Pouches,Flexible,2663.36,1407.2,23.37,91.52,116.47,985.75,1016.64,429.61,173072.15,45760.0,6658.4,1.2,25.21,2663.36,0.0,8.686771596780007,52.83551603988946,6.5036952814098905,4.373047578997957,0.8774630541871921,16.13037666706716,37.01151928391205,38.171332452240776,Poor
2019,Central,PP,Bottles,Rigid,3766.31,1521.51,154.85,774.37,40.23,1810.95,671.3,314.61,273365.73,464622.0,6402.73,0.72,54.69,3766.31,0.0,25.74004795144319,40.39789608396547,50.89483473654462,1.0681542411538083,4.111451261314125,8.353268849351222,48.08287156394455,17.823811635261038,Fair
2019,Central,PP,Containers,Rigid,2443.34,1075.58,120.91,431.61,41.68,1103.9,561.71,183.53,317973.0,258966.0,4153.68,0.39,53.29,2443.34,0.0,24.319169661201464,44.020889438228,40.1281169229625,1.7058616483993223,4.9485540285019685,7.5114392593744626,45.17995858128627,22.989432498137795,Fair
2019,Central,PP,Sachets,Flexible,5153.73,2438.31,65.44,262.17,144.1,1810.76,1684.98,1186.28,647858.94,157302.0,8761.34,2.06,21.51,5153.7300000000005,-9.094947017729282e-13,9.152788368812493,47.31155881274339,10.752119295741723,2.7960331643295246,1.269759960261791,23.01789189577258,35.134941100911384,32.69437863450356,Poor
2019,Central,PP,Films,Flexible,2226.89,1169.65,23.03,139.45,45.78,719.07,813.38,486.18,172035.34,83670.0,3785.71,2.26,21.56,2226.89,0.0,9.352056006358644,52.523923498691005,11.922369939725556,2.0557818302655275,1.0341777097207316,21.83224137698764,32.29032417407237,36.525378442581356,Poor
2019,Central,PP,Pouches,Flexible,2291.55,1107.11,14.42,100.39,48.2,866.75,939.46,322.33,355376.46,60234.0,3895.64,1.5,25.56,2291.55,0.0,7.1135257794942275,48.312714101808815,9.067752978475491,2.103379808426611,0.6292683991185005,14.06602517946368,37.823743754227486,40.9967052868146,Poor
2019,Central,Multilayer Laminate,Bottles,Rigid,3825.39,1911.76,193.17,440.83,86.49,2138.95,727.43,238.52,302526.8,132249.0,11858.71,0.86,52.2,3825.3899999999994,4.547473508864641e-13,18.83441949709703,49.97555804767619,23.058856760262795,2.26094594276662,5.049681208974771,6.235181249493516,55.914560345481114,19.01583890792834,Poor
2019,Central,Multilayer Laminate,Containers,Rigid,2062.26,1011.48,75.39,172.94,42.72,1174.44,433.8,162.97,253146.2,51882.0,6393.01,0.77,48.55,2062.2599999999998,4.547473508864641e-13,14.113157409831928,49.04716185156091,17.09771819512002,2.071513776148497,3.6556981175991385,7.902495320667616,56.949172267318374,21.035175002182072,Poor
2019,Central,Multilayer Laminate,Sachets,Flexible,4647.3,2511.98,55.21,61.48,78.58,1850.55,1313.33,1288.15,588215.88,18444.0,14406.63,2.87,14.74,4647.299999999999,9.094947017729282e-13,4.201794590407332,54.052460568502134,2.447471715539136,1.6908742710821336,1.1880016353581648,27.718245002474557,39.81989542314892,28.260064983969187,Poor
2019,Central,Multilayer Laminate,Films,Flexible,2175.41,1121.72,2.39,34.87,103.61,822.2,654.22,558.12,198177.04,10461.0,6743.77,2.88,16.77,2175.41,0.0,6.475560928744467,51.56361329588446,3.108618906679028,4.7627803494513685,0.10986434741037322,25.655853379362973,37.79517424301627,30.073411448876307,Poor
2019,Central,Multilayer Laminate,Pouches,Flexible,2384.74,1202.4,6.54,38.22,72.34,1135.9,764.6,367.14,407078.04,11466.0,7392.69,1.49,25.56,2384.74,0.0,4.910388553888474,50.42059092395817,3.1786427145708576,3.03345438077107,0.27424373306943317,15.395389015154691,47.63202697149376,32.06219545946309,Poor
2019,Eastern,PET,Bottles,Rigid,4919.39,2492.68,460.53,1415.28,63.29,1844.94,848.9,286.45,442260.36,1273752.0,10822.66,0.57,63.01,4919.389999999999,9.094947017729282e-13,39.41748875368694,50.67050996160092,56.77744435707752,1.2865416240631458,9.361526530728401,5.822876413539077,37.50343030335061,17.25620452942336,Fair
2019,Eastern,PET,Containers,Rigid,2974.36,1719.26,248.27,673.54,74.56,1167.03,527.57,283.39,568322.55,606186.0,6543.59,0.49,57.77,2974.3599999999997,4.547473508864641e-13,33.498635000470685,57.8026869645907,39.17615718390471,2.506757756290429,8.347005742411813,9.527763955943461,39.23633991850347,17.73726112508237,Fair
2019,Eastern,PET,Sachets,Flexible,6548.75,3062.04,84.92,437.95,291.96,2086.05,1806.53,1841.34,592177.44,394155.0,14407.25,3.14,20.67,6548.75,0.0,12.442527199847298,46.757625501049816,14.302556465624225,4.458255392250429,1.2967360183241077,28.117426989883565,31.854170643252534,27.585875167016603,Poor
2019,Eastern,PET,Films,Flexible,2858.31,1473.18,6.78,138.53,49.03,942.72,910.23,811.02,198926.38,124677.0,6288.28,2.65,14.7,2858.31,0.0,6.799122558434879,51.54024580958678,9.403467329179055,1.7153492798191938,0.23720310253261545,28.37410917640144,32.98172696453499,31.845041300628697,Poor
2019,Eastern,PET,Pouches,Flexible,3174.88,1735.12,11.06,161.74,171.45,1223.81,955.59,651.23,555451.37,145566.0,6984.74,1.57,25.45,3174.88,0.0,10.842929496547901,54.65151438794537,9.321545483885842,5.400204102202288,0.34835962304087087,20.511956357405634,38.546653731794585,30.098460414251875,Poor
2019,Eastern,HDPE,Bottles,Rigid,5079.09,2563.06,493.87,1395.19,80.75,2080.23,797.26,231.79,590455.7,1116152.0,9650.27,0.58,63.72,5079.09,0.0,38.782734702476226,50.462976635578414,54.43454308521846,1.589851725407504,9.723592218291072,4.5636127731542455,40.956746188785786,15.696906335583735,Fair
2019,Eastern,HDPE,Containers,Rigid,3046.87,1759.43,223.14,778.71,51.46,1273.33,468.28,251.95,354636.16,622968.0,5789.05,0.61,59.56,3046.87,0.0,34.57023108960999,57.74548963362401,44.25922031567042,1.688946361347875,7.323581248953845,8.269141775001888,41.791412170522534,15.369214964865582,Fair
2019,Eastern,HDPE,Sachets,Flexible,5439.01,2487.68,3.14,122.23,280.87,1779.64,1672.01,1581.12,423399.14,97784.0,10334.12,3.36,13.78,5439.01,0.0,7.469006308133282,45.737735359927626,4.913413300746077,5.1639912410530595,0.05773109444549651,29.069996194160332,32.71992513343421,30.74107236427217,Poor
2019,Eastern,HDPE,Films,Flexible,2997.36,1301.77,10.87,227.48,122.32,1107.24,817.25,712.2,452975.32,181984.0,5694.98,2.11,24.81,2997.3599999999997,4.547473508864641e-13,12.032922304961698,43.4305522192863,17.474669104373277,4.080924546934636,0.36265246750473745,23.760909600448397,36.940507646729124,27.265660447860785,Poor
2019,Eastern,HDPE,Pouches,Flexible,3086.03,1616.91,19.65,130.33,74.46,1290.33,1076.35,494.91,483948.32,104264.0,5863.46,1.45,26.07,3086.0299999999997,4.547473508864641e-13,7.272774405951983,52.39450037750767,8.060436264232393,2.4128086894813072,0.6367404075786689,16.0371091661455,41.81197201582616,34.87814441207635,Poor
2019,Eastern,LDPE,Bottles,Rigid,4067.87,2339.25,435.23,1190.43,85.3,1505.91,704.46,146.54,655188.23,595215.0,10169.67,0.01,65.41,4067.87,0.0,42.06034116134488,57.50552500448638,50.88938762423854,2.0969205013926207,10.699211135065772,3.60237667378751,37.01961960436297,17.31766256050464,Good
2019,Eastern,LDPE,Containers,Rigid,2846.63,1297.81,93.94,570.38,52.81,1248.21,642.35,238.94,235017.83,285190.0,7116.58,0.47,53.14,2846.63,0.0,25.19224486498069,45.59110246150711,43.949422488653966,1.8551761205355104,3.300042506402307,8.393784931656027,43.84869125948929,22.565278943873984,Fair
2019,Eastern,LDPE,Sachets,Flexible,5771.35,3306.43,85.52,358.52,254.67,1743.07,1642.26,1687.31,680193.35,179260.0,14428.38,2.68,18.96,5771.35,0.0,12.106526202708203,57.29040865655348,10.843114779384413,4.412659083230093,1.4818023512696334,29.23596732133729,30.202119088254914,28.45538738769958,Poor
2019,Eastern,LDPE,Films,Flexible,2797.14,1396.72,2.26,126.14,116.04,1132.36,880.65,539.69,321992.72,63070.0,6992.85,2.02,24.72,2797.14,0.0,8.738926188892941,49.933861015179794,9.031158714703018,4.148523134344367,0.08079681388847179,19.29435065817228,40.48277883838492,31.48394431454986,Poor
2019,Eastern,LDPE,Pouches,Flexible,2851.37,1356.25,18.39,101.89,66.78,1070.21,890.13,703.97,428078.34,50945.0,7128.42,2.84,18.29,2851.37,0.0,6.560355197676906,47.56485478910138,7.512626728110599,2.342032075809173,0.6449531277947093,24.68883378867001,37.533185801912765,31.217625211740323,Poor
2019,Eastern,PP,Bottles,Rigid,4375.02,2423.42,396.71,1181.82,72.39,1619.73,824.63,279.74,776764.3,709092.0,7437.53,0.17,61.46,4375.02,0.0,37.73514178220899,55.3922039213535,48.76661907552137,1.6546210074468228,9.067615690899697,6.394027913015254,37.022230755516546,18.848599549259202,Fair
2019,Eastern,PP,Containers,Rigid,2684.21,1182.71,98.77,551.61,23.67,1247.55,494.02,268.59,143662.31,330966.0,4563.16,0.79,53.35,2684.21,0.0,25.111671590523837,44.06175373759878,46.63949742540437,0.881823702318373,3.6796673881700754,10.006296079665896,46.47736205438471,18.404670275425545,Fair
2019,Eastern,PP,Sachets,Flexible,5157.86,2976.03,56.41,188.56,237.77,1851.01,1276.65,1547.46,878037.23,113136.0,8768.36,3.04,17.21,5157.860000000001,-9.094947017729282e-13,9.359307930033,57.69892940095311,6.335957634835671,4.609857576591843,1.093670630843024,30.0019775643387,35.88717026053441,24.7515442450939,Poor
2019,Eastern,PP,Films,Flexible,2753.35,1307.01,16.54,210.43,42.37,965.63,672.36,846.02,247314.55,126258.0,4680.69,3.28,17.98,2753.35,0.0,9.782265240525177,47.46980950478508,16.100106349607117,1.5388526703833512,0.600722755915521,30.726932645686166,35.07109521128807,24.41970690250059,Poor
2019,Eastern,PP,Pouches,Flexible,2301.94,1181.23,8.17,93.19,36.84,851.05,742.97,569.72,345415.18,55914.0,3913.3,2.11,17.54,2301.94,0.0,6.003631719332389,51.31454338514471,7.889234103434554,1.600389236904524,0.3549180256653084,24.749559067569095,36.97098968695969,32.27581952613882,Poor
2019,Eastern,Multilayer Laminate,Bottles,Rigid,4140.88,1755.46,145.1,346.47,93.5,2283.13,903.13,369.55,321133.55,103941.0,12836.73,1.39,47.77,4140.88,0.0,14.129122312165531,42.39340430053515,19.736707187859594,2.2579741504221325,3.5040860879812987,8.924431521802129,55.13634782944688,21.810098336585458,Poor
2019,Eastern,Multilayer Laminate,Containers,Rigid,2327.62,1145.71,76.03,227.99,77.8,1209.58,580.81,155.41,309957.61,68397.0,7215.62,0.44,49.16,2327.62,0.0,16.40388035847776,49.22238166023664,19.899450995452604,3.3424699908060593,3.266426650398261,6.676777137161564,51.9663862657994,24.952956238561274,Poor
2019,Eastern,Multilayer Laminate,Sachets,Flexible,5151.07,2287.95,29.67,114.1,145.32,1751.04,1429.77,1681.17,792351.08,34230.0,15968.32,3.17,10.72,5151.07,0.0,5.612232021696463,44.416985208898346,4.986997093467952,2.8211614285963886,0.575996831726224,32.63729671699278,33.993713927397614,27.75675733391315,Poor
2019,Eastern,Multilayer Laminate,Films,Flexible,2548.71,1164.23,4.96,33.98,99.76,1014.35,780.43,615.23,398963.56,10194.0,7901.0,2.1,17.5,2548.71,0.0,5.441968682196091,45.67918672583385,2.9186672736486776,3.9141369555579097,0.19460825280239807,24.13887809911681,39.79856476413558,30.620588454551516,Poor
2019,Eastern,Multilayer Laminate,Pouches,Flexible,2536.67,1380.6,21.29,51.92,128.77,992.06,802.37,540.26,458076.18,15576.0,7863.68,2.25,21.78,2536.67,0.0,7.962407408137441,54.42568406611817,3.760683760683761,5.076340241340025,0.83928930448186,21.29800092246922,39.10875281372823,31.630838855665104,Poor
2019,Northern,PET,Bottles,Rigid,3310.34,1232.2,115.92,641.9,43.5,1606.03,701.97,201.02,166061.2,577710.0,7282.75,0.69,54.38,3310.3399999999997,4.547473508864641e-13,24.206576967924743,37.22276261652881,52.09381593897094,1.3140644163439403,3.5017551067261974,6.072488022378366,48.515560335192156,21.205374674504736,Fair
2019,Northern,PET,Containers,Rigid,1788.37,750.46,60.81,373.13,9.83,883.38,371.78,89.44,193622.23,335817.0,3934.41,0.29,55.49,1788.3700000000001,-2.2737367544323206e-13,24.814216297522325,41.96335210275279,49.720171628068115,0.5496625418677343,3.400303069275374,5.001202212070209,49.395818538669296,20.788762951738175,Fair
2019,Northern,PET,Sachets,Flexible,3896.24,1671.56,39.11,88.09,113.12,1293.4,1390.99,971.53,255370.87,79281.0,8571.73,2.49,15.77,3896.24,0.0,6.16799786460793,42.90187462784634,5.269927492880902,2.903311910970577,1.003788267663183,24.935065601708313,33.19610701599491,35.70082951768885,Poor
2019,Northern,PET,Films,Flexible,1919.31,778.03,8.71,62.45,41.98,678.4,626.28,501.49,99305.19,56205.0,4222.48,2.19,15.74,1919.31,0.0,5.894826786709807,40.53696380470065,8.026682775728442,2.1872443742803402,0.453808920914287,26.128660820815814,35.34603581495433,32.63047657752004,Poor
2019,Northern,PET,Pouches,Flexible,1836.35,587.46,6.67,57.07,53.45,777.35,639.2,302.61,156486.98,51363.0,4039.97,1.85,24.68,1836.35,0.0,6.381681052087021,31.990633593813815,9.714703979845437,2.910665178206769,0.36322051896424973,16.478884744193646,42.3312549350614,34.80817926865794,Poor
2019,Northern,HDPE,Bottles,Rigid,2549.02,1122.67,96.82,641.51,36.06,1087.42,490.28,196.93,222371.23,513208.0,4843.14,1.09,56.8,2549.02,0.0,30.379910710782966,44.04320091643063,57.141457418475596,1.4146613208213354,3.79832249256577,7.72571419604397,42.66031651379746,19.234058579375603,Fair
2019,Northern,HDPE,Containers,Rigid,1545.79,671.22,70.32,350.2,17.73,672.23,304.7,130.61,93148.49,280160.0,2937.0,0.41,55.46,1545.79,0.0,28.35119906326215,43.422457125482765,52.17365394356545,1.1469863306141197,4.549130218205577,8.44940127701693,43.487795884305115,19.711603775415806,Fair
2019,Northern,HDPE,Sachets,Flexible,3204.29,1037.97,27.15,69.06,110.97,1030.76,1065.61,900.74,281811.75,55248.0,6088.15,2.81,13.6,3204.29,0.0,6.465706911671541,32.39313545278361,6.653371484724992,3.4631696881368415,0.847301586310852,28.110439442122903,32.16812460794747,33.25572903825808,Poor
2019,Northern,HDPE,Films,Flexible,1706.19,695.92,3.18,131.33,66.1,530.4,527.2,447.98,95066.59,105064.0,3241.76,2.16,20.66,1706.19,0.0,11.757776097621015,40.787954448215025,18.87142200252903,3.874128907097099,0.1863801804019482,26.256161388825394,31.086807448173996,30.899255065379588,Poor
2019,Northern,HDPE,Pouches,Flexible,1605.72,593.14,10.3,55.87,51.03,636.63,546.27,305.62,205914.13,44696.0,3050.87,1.44,23.17,1605.7199999999998,2.2737367544323206e-13,7.298906409585731,36.939192387215705,9.419361364939137,3.178013601375084,0.6414567919687119,19.03320628752211,39.64763470592631,34.02025259696585,Poor
2019,Northern,LDPE,Bottles,Rigid,2851.24,1102.86,146.28,565.14,28.89,1361.28,515.04,234.61,202562.73,282570.0,7128.1,0.92,54.9,2851.2400000000002,-4.547473508864641e-13,25.964492641797953,38.68001290666517,51.243131494478,1.0132433607833784,5.130399405171084,8.228349770626114,47.743437942789804,18.06371964478613,Fair
2019,Northern,LDPE,Containers,Rigid,1725.19,572.07,64.24,248.77,24.86,877.15,410.51,99.66,92290.4,124385.0,4312.98,0.32,51.8,1725.19,0.0,19.584509532283402,33.15982587425154,43.48593703567745,1.4410007013720227,3.7236478300940763,5.776755024084303,50.84367518939943,23.795060254232865,Poor
2019,Northern,LDPE,Sachets,Flexible,3488.01,1141.09,29.25,93.78,53.19,1093.99,957.29,1260.51,231211.85,46890.0,8720.03,3.71,7.36,3488.01,0.0,5.052164414666242,32.71464244655262,8.218457790358343,1.5249382885943559,0.8385870453353058,36.13837116292671,31.364302281243457,27.445162141163582,Poor
2019,Northern,LDPE,Films,Flexible,1486.5,533.15,10.34,49.32,42.19,612.88,427.3,344.47,182901.82,24660.0,3716.25,2.27,20.88,1486.5,0.0,6.851664984863774,35.866128489741,9.25067992122292,2.8382105617221662,0.6955936764211235,23.1732256979482,41.22973427514295,28.745375042045072,Poor
2019,Northern,LDPE,Pouches,Flexible,1509.62,469.53,1.59,34.36,26.16,596.51,477.9,373.1,122990.26,17180.0,3774.05,2.68,16.13,1509.62,0.0,4.114280414938859,31.102529113286785,7.317956254126468,1.7328864217485196,0.1053245187530637,24.714828897338407,39.51391740967926,31.65697327804348,Poor
2019,Northern,PP,Bottles,Rigid,2333.52,758.73,64.04,411.73,25.39,1164.76,515.11,152.49,193196.56,247038.0,3966.98,1.02,52.64,2333.5200000000004,-4.547473508864641e-13,21.476567588878606,32.51439884809215,54.26568080871984,1.088055812677843,2.744351880420995,6.534762933251055,49.91429257088004,22.0743769069903,Fair
2019,Northern,PP,Containers,Rigid,1411.75,447.23,34.43,161.9,19.52,739.89,283.45,172.56,100182.1,97140.0,2399.97,1.66,46.96,1411.75,0.0,15.289534265981938,31.679121657517268,36.200612660152494,1.382681069594475,2.4388170710111563,12.223127324242961,52.409420931468034,20.077917478307064,Poor
2019,Northern,PP,Sachets,Flexible,2889.69,1086.77,1.36,59.82,121.84,762.39,875.77,1068.51,290164.97,35892.0,4912.47,4.07,5.4,2889.6899999999996,4.547473508864641e-13,6.333551349798768,37.60853240312974,5.50438455238919,4.216369229917396,0.04706387190321454,36.97663071125276,26.383106838449798,30.306711100498667,Poor
2019,Northern,PP,Films,Flexible,1486.42,560.88,5.48,75.55,20.43,559.6,542.14,283.22,93345.18,45330.0,2526.91,2.08,22.35,1486.42,0.0,6.825796208339501,37.73361499441611,13.469904435886464,1.374443293281845,0.36867103510447924,19.053834044213616,37.64750205190996,36.47286769553693,Poor
2019,Northern,PP,Pouches,Flexible,1640.97,515.4,6.93,35.04,51.19,672.27,607.73,267.81,173824.46,21024.0,2789.65,1.82,23.28,1640.9699999999998,2.2737367544323206e-13,5.67712999018873,31.408252436059158,6.79860302677532,3.1194963954246573,0.42231119398892114,16.320225232636794,40.96784219089928,37.03480258627519,Poor
2019,Northern,Multilayer Laminate,Bottles,Rigid,2342.43,919.82,169.49,174.41,18.85,1222.88,528.81,227.99,156006.33,52323.0,7261.53,1.13,48.38,2342.4300000000003,-4.547473508864641e-13,15.48605507955414,39.26776894080079,18.961318518840642,0.8047198849058458,7.235648450540679,9.733054989903648,52.205615536003215,22.575274394539004,Poor
2019,Northern,Multilayer Laminate,Containers,Rigid,1376.4,547.37,33.2,104.66,49.12,811.38,301.51,76.53,175307.99,31398.0,4266.84,0.84,49.01,1376.3999999999999,2.2737367544323206e-13,13.584713746004068,39.7682359779134,19.12052176772567,3.568730020342923,2.4120895088637027,5.560156931124673,58.94943330427201,21.90569601859924,Poor
2019,Northern,Multilayer Laminate,Sachets,Flexible,2850.2,1170.77,30.86,36.07,65.6,951.19,814.91,951.57,355325.35,10821.0,8835.62,3.27,9.08,2850.2000000000003,-4.547473508864641e-13,4.649849133394148,41.07676654269876,3.080878396269122,2.301592870675742,1.082731036418497,33.38607816995299,33.372745772226516,28.591326924426358,Poor
2019,Northern,Multilayer Laminate,Films,Flexible,1495.64,475.66,5.18,13.29,27.07,556.63,523.74,369.73,99588.16,3987.0,4636.48,2.42,13.88,1495.6399999999999,2.2737367544323206e-13,3.044850365061111,31.803107699713834,2.794012529958373,1.8099275226658822,0.3463400283490679,24.720520980984727,37.21684362547137,35.01778502848279,Poor
2019,Northern,Multilayer Laminate,Pouches,Flexible,1332.43,474.33,2.16,9.11,39.04,537.96,440.46,303.7,98352.67,2733.0,4130.53,2.64,16.8,1332.43,0.0,3.775808109994521,35.59886823322801,1.9206037990428602,2.929985064881457,0.1621098294094249,22.792942218352934,40.37435362458066,33.05689604707189,Poor
2020,Greater Accra,PET,Bottles,Rigid,13049.61,9420.22,782.6,5340.2,211.75,4370.61,1821.23,523.22,2447544.33,4806180.0,28709.14,0.67,68.67,13049.609999999999,1.8189894035458565e-12,48.542063709183644,72.18775120482526,56.68869729157069,1.6226538570884494,5.9971140899996245,4.009468482199851,33.49226528608901,13.95620252252749,Good
2020,Greater Accra,PET,Containers,Rigid,8288.26,6280.17,914.09,2434.3,139.61,3064.38,1444.6,291.28,1105315.75,2190870.0,18234.17,0.78,65.55,8288.260000000002,-1.8189894035458565e-12,42.083621894100816,75.77187491705135,38.76168957209757,1.6844307490353827,11.028732206759923,3.5143685164316754,36.9725370584417,17.429472531025812,Good
2020,Greater Accra,PET,Sachets,Flexible,14228.03,11242.5,118.59,669.02,770.82,4860.43,4153.78,3655.39,3425544.29,602118.0,31301.67,2.61,20.78,14228.029999999999,1.8189894035458565e-12,10.953238080043407,79.016560971547,5.950811652212586,5.417615790801678,0.8334955717692469,25.691469585037417,34.16094849392361,29.19434384099555,Poor
2020,Greater Accra,PET,Films,Flexible,7505.64,5565.81,79.72,618.36,327.21,2532.91,2532.89,1414.55,900163.02,556524.0,16512.41,1.91,28.53,7505.64,0.0,13.6602608171988,74.15503541336915,11.109973211446311,4.359521639726925,1.062134608108036,18.846494103101133,33.74675577299204,33.74648930670802,Poor
2020,Greater Accra,PET,Pouches,Flexible,8126.11,5412.25,61.41,363.64,581.82,3110.77,2493.06,1515.41,703510.68,327276.0,17877.44,2.0,27.85,8126.110000000001,-9.094947017729282e-13,12.390553413625954,66.60320866933871,6.718832278627188,7.159883388238654,0.7557121427103497,18.648652307192496,38.281170203209165,30.679624075972388,Poor
2020,Greater Accra,HDPE,Bottles,Rigid,12756.28,9442.73,1683.66,5357.63,121.34,3751.01,1479.93,362.71,2957161.81,4286104.0,24236.93,0.68,74.12,12756.279999999999,1.8189894035458565e-12,56.1498336505627,74.02416692013658,56.73814670121883,0.9512177531380622,13.198675475922448,2.8433838078185802,29.405202770713718,11.601579770904998,Good
2020,Greater Accra,HDPE,Containers,Rigid,6814.2,4671.34,598.18,1953.95,220.47,2720.6,924.37,396.63,1230840.37,1563160.0,12946.98,0.53,63.99,6814.2,0.0,40.68856212027824,68.55302163129934,41.82846891898256,3.235449502509465,8.778433271697338,5.820639253323941,39.925449796014206,13.565348830383611,Good
2020,Greater Accra,HDPE,Sachets,Flexible,14283.2,9644.05,213.19,1220.97,406.44,4488.82,4664.49,3289.29,2503900.4,976776.0,27138.08,2.35,24.71,14283.2,0.0,12.886468018371232,67.52023356110675,12.660344979546975,2.8455808222247114,1.4925926963145513,23.029083118628876,31.42727119973115,32.65717766326873,Poor
2020,Greater Accra,HDPE,Films,Flexible,6643.65,4707.93,55.98,616.99,479.76,2396.64,1883.72,1210.56,1028616.38,493592.0,12622.93,2.04,33.42,6643.65,0.0,17.350853822823296,70.8636066017927,13.105335041090244,7.221331647513039,0.8426091079451808,18.221309069562665,36.074145989027116,28.353691118586923,Poor
2020,Greater Accra,HDPE,Pouches,Flexible,7290.18,5822.58,14.95,316.07,522.74,2789.45,2197.56,1449.41,813422.56,252856.0,13851.34,2.38,26.16,7290.18,0.0,11.711096296662085,79.86880982362575,5.4283496319500975,7.170467670208418,0.20507038234995567,19.881676446946443,38.263115588366816,30.144111668024653,Poor
2020,Greater Accra,LDPE,Bottles,Rigid,10369.03,7242.83,776.42,3413.29,110.67,3689.17,1855.55,523.93,1258469.08,1706645.0,25922.58,0.55,64.14,10369.03,0.0,41.473310425372475,69.85060319046235,47.126468521282426,1.0673129501988132,7.487874950694519,5.052835221809561,35.578737837579794,17.895116515238165,Good
2020,Greater Accra,LDPE,Containers,Rigid,7133.98,5333.59,550.94,2093.06,161.3,2701.03,1107.11,520.54,1324278.05,1046530.0,17834.95,0.96,62.21,7133.98,0.0,39.32307071228123,74.76317567472856,39.24298643127799,2.2610099832071304,7.722757843447839,7.296628249588588,37.86147424018571,15.518826797944484,Fair
2020,Greater Accra,LDPE,Sachets,Flexible,13167.73,8677.82,146.39,1057.03,342.16,3856.31,3657.4,4108.44,1234294.79,528515.0,32919.32,3.07,17.53,13167.73,0.0,11.737634353073766,65.90217144488838,12.180824216220202,2.5984736928840433,1.1117330018158027,31.200822009564288,29.286065251945477,27.77547838541647,Poor
2020,Greater Accra,LDPE,Films,Flexible,6969.67,4893.65,65.08,720.11,466.09,2456.61,1916.84,1344.94,1704317.38,360055.0,17424.17,2.36,33.4,6969.67,0.0,17.95321729723215,70.21351082619405,14.715192136748644,6.687404138216014,0.9337601349848701,19.297039888545655,35.247149434621726,27.502593379600466,Poor
2020,Greater Accra,LDPE,Pouches,Flexible,6682.98,5188.03,54.05,408.68,179.66,2200.91,2340.49,1499.19,1555716.19,204340.0,16707.45,2.45,21.52,6682.98,0.0,9.612328631837894,77.6304881953859,7.877363854873623,2.6883216768567317,0.8087709375158986,22.43295655530916,32.9330627953398,35.02165201751314,Poor
2020,Greater Accra,PP,Bottles,Rigid,9435.21,6561.9,732.13,3082.33,104.09,3533.36,1345.64,637.66,1386567.19,1849398.0,16039.86,0.62,64.05,9435.21,0.0,41.53113709180825,69.54694172148793,46.97313278166385,1.1032080896980565,7.75955172168929,6.7583021469580435,37.44866303982636,14.261897721407369,Good
2020,Greater Accra,PP,Containers,Rigid,6365.54,4629.99,657.18,1855.24,252.61,2054.07,1054.51,491.93,679517.11,1113144.0,10821.42,1.09,63.56,6365.540000000001,-9.094947017729282e-13,43.437477417469694,72.73522749051926,40.0700649461446,3.968398596191368,10.324025927101236,7.728016790405842,32.26858993895255,16.565915853171923,Good
2020,Greater Accra,PP,Sachets,Flexible,12182.04,9522.65,247.99,1029.52,833.61,3651.92,3441.01,2977.99,1522773.04,617712.0,20709.47,2.64,27.52,12182.039999999999,1.8189894035458565e-12,17.329773995160085,78.16958407623025,10.811276272886223,6.842942561344405,2.035701737968353,24.445741435752957,29.977901894920716,28.24658267416623,Poor
2020,Greater Accra,PP,Films,Flexible,6047.93,4816.22,61.74,722.17,169.06,1939.96,1477.22,1677.78,1249511.33,433302.0,10281.48,3.04,25.68,6047.93,0.0,15.756961472768369,79.6341888877682,14.994539285996069,2.7953365862369437,1.0208451486707022,27.74139250950325,32.076429456028755,24.42521656169962,Poor
2020,Greater Accra,PP,Pouches,Flexible,5834.2,4232.04,33.74,214.99,251.26,2398.21,2088.59,847.41,1445311.39,128994.0,9918.14,1.5,27.65,5834.2,0.0,8.569983888108053,72.53847999725755,5.080055954102514,4.306674436940797,0.5783140790511124,14.524870590655103,41.10606424188406,35.799081279352784,Poor
2020,Greater Accra,Multilayer Laminate,Bottles,Rigid,10658.35,7619.38,894.65,1532.77,361.13,5451.0,1967.1,451.7,2000127.1,459831.0,33040.89,0.57,56.92,10658.35,0.0,26.163055257145807,71.4874253519541,20.116728657712308,3.388235514878006,8.393888359830555,4.237991809238766,51.143000558247756,18.45595237536767,Fair
2020,Greater Accra,Multilayer Laminate,Containers,Rigid,5442.87,3587.95,459.53,593.42,89.32,2463.11,1194.39,643.1,1242313.88,178026.0,16872.9,0.92,49.89,5442.870000000001,-9.094947017729282e-13,20.986538352009138,65.92018549037549,16.53924943212698,1.6410459922798084,8.442788455355355,11.815457653774573,45.25388260237706,21.944121391839232,Fair
2020,Greater Accra,Multilayer Laminate,Sachets,Flexible,10862.86,7258.65,66.04,151.31,649.87,3708.39,3694.94,2592.31,2229952.82,45393.0,33674.87,2.5,17.92,10862.859999999999,1.8189894035458565e-12,7.98334876818812,66.82080041536021,2.0845474020651222,5.98249448119556,0.607943027895048,23.863973207792423,34.13824720193392,34.01443082208553,Poor
2020,Greater Accra,Multilayer Laminate,Films,Flexible,5623.32,4181.41,44.08,189.88,164.86,1956.54,1528.25,1739.71,855452.3,56964.0,17432.29,3.01,13.91,5623.32,0.0,7.0922515524636704,74.35838614910764,4.541051941809103,2.931720051499826,0.7838785628418798,30.93741775321341,34.79332493971533,27.1770057546076,Poor
2020,Greater Accra,Multilayer Laminate,Pouches,Flexible,6233.22,4737.51,72.89,82.89,309.06,2373.02,2169.15,1226.21,1396933.75,24867.0,19322.98,1.6,21.8,6233.22,0.0,7.457461793422983,76.00421611943746,1.7496532988848572,4.958271968581247,1.169379550216421,19.672175857742868,38.07053176367912,34.79983058515502,Poor
2020,Ashanti,PET,Bottles,Rigid,9818.85,5759.58,469.14,3164.95,250.44,3829.68,1474.97,629.67,836517.52,2848455.0,21601.47,0.69,62.62,9818.849999999999,1.8189894035458565e-12,39.56196499590074,58.658396859102645,54.95105545890498,2.5506041949922853,4.77795261155838,6.412869124184603,39.00334560564628,15.021820274268372,Fair
2020,Ashanti,PET,Containers,Rigid,5796.62,4020.19,240.44,2069.97,74.38,2224.41,883.01,304.41,829985.53,1862973.0,12752.56,0.42,64.15,5796.62,0.0,41.1410442637261,69.35403735280215,51.489357468179364,1.2831615665681033,4.147934485959059,5.251508637792369,38.374259482250004,15.233187616231527,Good
2020,Ashanti,PET,Sachets,Flexible,11605.11,7931.55,212.27,1123.41,665.0,3756.71,2992.22,2855.5,1416370.54,1011069.0,25531.24,2.8,28.63,11605.11,0.0,17.239647017563815,68.34532374100719,14.163814134689941,5.730234353659724,1.8291080394757138,24.605540145677203,32.371170975544395,25.783641861214583,Poor
2020,Ashanti,PET,Films,Flexible,5309.96,3734.49,34.47,578.92,278.84,1584.38,1356.64,1476.71,505388.42,521028.0,11681.91,2.8,25.13,5309.96,0.0,16.802951434662408,70.32990832322653,15.50198286780792,5.251263663003111,0.649157432447702,27.81019066056995,29.83788955095707,25.548968353810576,Poor
2020,Ashanti,PET,Pouches,Flexible,5440.7,3674.45,37.64,355.01,110.76,2448.0,1694.27,795.02,501154.74,319509.0,11969.54,0.97,30.82,5440.700000000001,-9.094947017729282e-13,9.252669693238003,67.53634642601136,9.661582005470207,2.035767456393479,0.6918227433969893,14.61245795577775,44.994210303821205,31.140662047163048,Poor
2020,Ashanti,HDPE,Bottles,Rigid,9576.16,6467.51,791.56,3285.48,146.95,3539.14,1255.19,557.84,1035093.59,2628384.0,18194.7,0.18,65.98,9576.16,0.0,44.10943426175001,67.5376142420344,50.79976683453137,1.5345399408531186,8.265943760338173,5.825299493742795,36.95782025362985,13.107445990877345,Good
2020,Ashanti,HDPE,Containers,Rigid,5433.8,3694.68,282.66,1472.22,72.54,2081.34,994.52,530.52,974185.96,1177776.0,10324.22,0.86,57.54,5433.800000000001,-9.094947017729282e-13,33.63060841400125,67.99440538849424,39.84702328753776,1.3349773639073945,5.20188450071773,9.763333210644484,38.30358128749678,18.302477087857483,Fair
2020,Ashanti,HDPE,Sachets,Flexible,9910.18,5655.1,104.34,672.14,429.08,2726.85,3109.2,2868.57,1717477.98,537712.0,18829.34,2.69,18.1,9910.18,0.0,12.164864815775294,57.063544759025575,11.885554632101995,4.3296892690142865,1.052856759413048,28.945690189280114,27.515645528133696,31.373799466810894,Poor
2020,Ashanti,HDPE,Films,Flexible,5770.41,3764.15,43.85,600.01,321.57,1767.29,1603.54,1434.15,1255190.59,480008.0,10963.78,2.21,27.04,5770.41,0.0,16.73070024486995,65.23193325950842,15.940119283237916,5.5727409317535495,0.7599113407886094,24.85351994052416,30.62676655558271,27.789013259023186,Poor
2020,Ashanti,HDPE,Pouches,Flexible,5130.39,3198.56,28.11,279.83,332.07,1972.11,1704.21,814.06,1036310.18,223864.0,9747.74,1.73,29.9,5130.389999999999,9.094947017729282e-13,12.474880077343046,62.3453577603262,8.748624380971437,6.472607345640389,0.547911562278891,15.86740969010153,38.439767736955666,33.21794249559975,Poor
2020,Ashanti,LDPE,Bottles,Rigid,7932.64,5463.3,1001.77,2727.81,195.4,2681.64,1054.87,271.15,1713616.86,1363905.0,19831.6,0.57,69.96,7932.639999999999,9.094947017729282e-13,49.47886201819319,68.8711450412473,49.92971281093844,2.4632404848827125,12.628456604610822,3.418155872445995,33.80513927267593,13.297842836684884,Good
2020,Ashanti,LDPE,Containers,Rigid,5247.43,3471.42,235.16,1537.72,201.48,2014.01,786.54,472.52,521746.16,768860.0,13118.58,1.13,60.02,5247.43,0.0,37.62527561110868,66.15467000036207,44.2965702795974,3.8395938583268374,4.481431862835712,9.004789011001575,38.38088359444528,14.989051783444465,Fair
2020,Ashanti,LDPE,Sachets,Flexible,10577.08,6201.31,94.11,695.98,519.22,3371.79,2825.23,3070.75,1168550.94,347990.0,26442.7,2.97,19.83,10577.08,0.0,12.378747253495293,58.62969742121644,11.223112535899672,4.908916260442391,0.8897540720123134,29.032114723534285,31.878268860592907,26.71086916237752,Poor
2020,Ashanti,LDPE,Films,Flexible,5160.35,3604.32,45.87,518.23,135.01,1704.44,1555.68,1201.12,1034750.51,259115.0,12900.88,2.82,26.02,5160.35,0.0,13.54772447605298,69.84642514558121,14.378024148799218,2.616295406319338,0.8888931952290057,23.275940585425403,33.029542569786926,30.146792368734676,Poor
2020,Ashanti,LDPE,Pouches,Flexible,4573.88,2827.82,45.25,152.04,210.33,1803.56,1340.72,1021.98,570480.03,76020.0,11434.7,2.52,22.66,4573.879999999999,9.094947017729282e-13,8.911908489072735,61.82540862462504,5.376579838886491,4.59850280287196,0.9893132307799942,22.34383062082958,39.43172973492965,29.312531155168042,Poor
2020,Ashanti,PP,Bottles,Rigid,7884.59,4343.53,744.13,1704.33,184.04,3596.38,1318.66,337.05,847832.18,1022598.0,13403.8,0.08,60.96,7884.59,0.0,33.38791237083983,55.0888505299578,39.238361424923966,2.334173368558162,9.43777672650068,4.2747942505570995,45.612771241117166,16.724522137485906,Fair
2020,Ashanti,PP,Containers,Rigid,4498.05,3144.27,470.49,1190.13,104.41,1700.83,690.6,341.59,660456.78,714078.0,7646.69,0.67,62.26,4498.05,0.0,39.239892842453955,69.90295794844432,37.85075709147115,2.3212280877269036,10.45986594190816,7.594179700092261,37.81260768555262,15.353319771901159,Fair
2020,Ashanti,PP,Sachets,Flexible,9726.2,5354.73,99.53,382.14,494.51,3517.9,2922.57,2309.55,1433647.95,229284.0,16534.54,1.94,21.76,9726.2,0.0,10.036602167341819,55.054697620859116,7.136494277022372,5.084308362978347,1.023318459418889,23.74565606300508,36.169315868478954,30.04842590117415,Poor
2020,Ashanti,PP,Films,Flexible,4754.86,3069.04,34.41,393.15,240.06,1376.51,1399.76,1310.97,719993.12,235890.0,8083.26,2.33,21.54,4754.86,0.0,14.040791947607289,64.54532835877399,12.810194718869743,5.048729089815474,0.7236806130990187,27.571158772287724,28.949537946437964,29.438511333667027,Poor
2020,Ashanti,PP,Pouches,Flexible,4266.8,2589.18,40.64,215.62,235.57,1669.83,1285.04,820.1,506144.13,129372.0,7253.56,1.86,27.37,4266.8,0.0,11.526905409205963,60.68200993718945,8.327733104689516,5.520999343770507,0.9524702353051466,19.220493109590326,39.13541764319864,30.11718383800506,Poor
2020,Ashanti,Multilayer Laminate,Bottles,Rigid,6710.83,3942.64,598.44,815.97,303.01,3168.6,1248.98,575.83,1050007.01,244791.0,20803.57,1.14,54.05,6710.83,0.0,25.59176733727423,58.750407922715965,20.696031085769942,4.515238800565653,8.917525850006632,8.580607763868256,47.21621617594246,18.611408722915048,Fair
2020,Ashanti,Multilayer Laminate,Containers,Rigid,4052.59,2511.32,336.47,400.97,144.52,1986.97,825.7,357.96,494573.32,120291.0,12563.03,0.41,51.86,4052.59,0.0,21.762872632069865,61.96827214201289,15.966503671376008,3.566114509486526,8.302591675940572,8.832869843729565,49.029632901428464,20.374624622772103,Fair
2020,Ashanti,Multilayer Laminate,Sachets,Flexible,7939.96,5489.6,44.97,194.01,298.68,2373.66,2133.59,2895.05,1760668.2,58203.0,24613.88,3.99,7.9,7939.96,0.0,6.771570637635453,69.13888734955844,3.534137277761585,3.761731797137517,0.5663756492476033,36.46177058826493,29.89511282172706,26.871545952372557,Poor
2020,Ashanti,Multilayer Laminate,Films,Flexible,4112.05,2822.71,25.87,135.04,111.83,1677.05,1347.98,814.28,622338.85,40512.0,12747.36,2.21,22.48,4112.05,0.0,6.6327014506146575,68.6448365170657,4.784055039306198,2.7195680986369326,0.6291265913595409,19.80228839629868,40.7837939713768,32.78121618170985,Poor
2020,Ashanti,Multilayer Laminate,Pouches,Flexible,4620.49,2666.09,32.54,54.82,251.75,1984.82,1288.71,1007.85,354916.79,16446.0,14323.52,1.96,22.08,4620.49,0.0,7.339264883161743,57.70145590619178,2.056194652093515,5.448556321948538,0.7042543106899918,21.81262160506786,42.95691582494497,27.891197686825425,Poor
2020,Western,PET,Bottles,Rigid,5571.2,2713.44,512.16,1320.57,47.98,2256.63,1053.16,380.7,366407.24,1188513.0,12256.64,0.67,59.5,5571.2,0.0,33.75771826536473,48.7047673750718,48.66774279143817,0.8612148190695004,9.192992533026995,6.833357265939115,40.50527713957496,18.9036473291212,Fair
2020,Western,PET,Containers,Rigid,3182.6,1462.08,205.63,600.39,51.12,1403.74,696.15,225.57,182788.34,540351.0,7001.72,0.87,55.14,3182.6000000000004,-4.547473508864641e-13,26.9320681204047,45.939797649720354,41.064100459619176,1.6062338968139256,6.461069565763841,7.087601332244077,44.10670520957708,21.873625337774147,Fair
2020,Western,PET,Sachets,Flexible,7670.61,4096.3,115.13,219.86,254.61,2604.31,2430.12,2046.58,733245.54,197874.0,16875.34,2.82,16.85,7670.61,0.0,7.686481257683549,53.40253252348901,5.367282669726339,3.3192927290006926,1.500923655354659,26.680798528409085,33.95179783615645,31.68092237775092,Poor
2020,Western,PET,Films,Flexible,3298.06,1763.8,16.37,343.62,119.0,1138.33,969.14,711.6,303061.22,309258.0,7255.73,1.91,28.46,3298.06,0.0,14.523386475685706,53.47992456171203,19.481800657670938,3.608181779591639,0.4963524011085305,21.576320624852187,34.51513920304664,29.38515369641547,Poor
2020,Western,PET,Pouches,Flexible,3756.13,2006.46,21.0,115.22,200.89,1263.58,1321.32,834.12,491610.37,103698.0,8263.49,1.8,20.18,3756.13,0.0,8.974928982756188,53.41827892005868,5.7424518804262235,5.34832393979974,0.5590860806202128,22.20689912223485,33.64047570238517,35.177696192623785,Poor
2020,Western,HDPE,Bottles,Rigid,5221.09,2729.09,272.62,1724.89,77.91,2022.83,818.24,304.6,736100.79,1379912.0,9920.07,0.63,63.13,5221.09,0.0,39.750703397183344,52.2705029026506,63.20385183339502,1.4922171423974686,5.2215150476241545,5.834030824980991,38.74344246124851,15.67182331658715,Fair
2020,Western,HDPE,Containers,Rigid,2882.44,1518.69,198.4,679.63,22.22,1234.1,488.89,259.2,239774.52,543704.0,5476.64,0.73,57.39,2882.4399999999996,4.547473508864641e-13,31.23221992478594,52.68765351577136,44.75106835496381,0.7708746756220424,6.883057409694564,8.992381454600963,42.81442111544386,16.960977505169232,Fair
2020,Western,HDPE,Sachets,Flexible,6642.43,3506.59,21.55,456.17,330.64,1890.79,1722.91,2220.37,1215200.42,364936.0,12620.62,3.61,15.45,6642.43,0.0,12.169642736167335,52.79077084741578,13.00893460598473,4.9776964153178875,0.32442946331387756,33.42707412799231,28.465335728039285,25.937947407801058,Poor
2020,Western,HDPE,Films,Flexible,2860.26,1315.09,12.2,234.07,83.88,910.06,925.1,694.95,406472.92,187256.0,5434.49,2.31,22.23,2860.26,0.0,11.542656961255268,45.977988015075546,17.798781832422115,2.9326005328186944,0.42653465069609053,24.29674225420067,31.817387230531484,32.34321355401257,Poor
2020,Western,HDPE,Pouches,Flexible,3333.13,1982.12,8.08,162.47,101.16,1218.79,1067.87,774.76,601613.57,129976.0,6332.95,2.22,20.46,3333.13,0.0,8.151797259632838,59.46722750087755,8.196779206102557,3.0349851340931795,0.24241478730202543,23.244217897291733,36.56593052176183,32.038054321313595,Poor
2020,Western,LDPE,Bottles,Rigid,5385.31,2853.97,282.41,1506.43,108.0,2221.26,1015.43,251.78,524240.13,753215.0,13463.28,0.95,60.84,5385.31,0.0,35.22248487088023,52.9954635851975,52.783666261383274,2.0054555819442146,5.244080656452461,4.6753111705732815,41.246650610642654,18.855553347903832,Fair
2020,Western,LDPE,Containers,Rigid,2769.11,1330.01,91.0,662.22,51.27,1263.55,556.29,144.78,185133.06,331110.0,6922.78,0.91,57.24,2769.11,0.0,29.052294780633485,48.030233540740525,49.790603078172346,1.8514974125260462,3.2862544283181236,5.228394682768109,45.63018442748753,20.089126109110865,Fair
2020,Western,LDPE,Sachets,Flexible,6329.32,3327.84,96.55,252.07,353.25,2109.51,1547.28,1970.66,1074371.13,126035.0,15823.3,3.04,17.39,6329.32,0.0,11.08918493613848,52.57816005510861,7.574582912640031,5.581168277160896,1.525440331662801,31.135414230912644,33.32917280213357,24.446228030815316,Poor
2020,Western,LDPE,Films,Flexible,2781.95,1257.14,14.07,151.4,103.43,817.24,857.61,838.2,205045.5,75700.0,6954.88,3.37,15.13,2781.95,0.0,9.665881845468107,45.18916587285897,12.043209189111794,3.7178957206276175,0.5057603479573681,30.12994482287604,29.37651647225867,30.82765685939719,Poor
2020,Western,LDPE,Pouches,Flexible,3173.89,1685.71,23.95,101.71,112.96,1194.58,986.88,753.81,393897.94,50855.0,7934.72,2.7,19.68,3173.89,0.0,7.518218967891137,53.11179656509836,6.033659407608663,3.5590395382322635,0.7545945196588414,23.750350516243472,37.63772531499201,31.09370520087338,Poor
2020,Western,PP,Bottles,Rigid,4525.75,2154.55,356.45,1093.09,27.54,2008.99,836.05,203.63,481715.85,655854.0,7693.77,0.7,60.3,4525.75,0.0,32.63724244600342,47.60647406507209,50.734027987282715,0.608517925205767,7.876042644865492,4.499364746174668,44.39021156714357,18.47318124067834,Fair
2020,Western,PP,Containers,Rigid,2892.88,1571.24,133.93,755.37,49.38,1236.23,428.51,289.46,432909.36,453222.0,4917.9,0.83,57.5,2892.88,0.0,32.44794115206991,54.314039987832196,48.07476897227667,1.7069494759547579,4.629642432454855,10.005945632034512,42.733538895495144,14.812574320400431,Fair
2020,Western,PP,Sachets,Flexible,5825.28,2682.23,14.07,307.47,119.09,1716.91,1645.5,2022.24,750098.04,184482.0,9902.98,3.48,10.33,5825.28,0.0,7.564099923093826,46.04465364754999,11.463222766131167,2.0443652493957374,0.24153345418589323,34.714897824653924,29.473433036695234,28.24756921555702,Poor
2020,Western,PP,Films,Flexible,2698.66,1300.48,0.86,128.67,103.96,881.48,743.69,840.0,391890.4,77202.0,4587.72,3.28,14.46,2698.66,0.0,8.652071768952,48.18984236621138,9.894039124015746,3.8522822437802464,0.03186766765728176,31.126559107112424,32.663618240163636,27.55775088377195,Poor
2020,Western,PP,Pouches,Flexible,2673.38,1566.81,21.02,117.24,57.13,994.91,967.37,515.71,385010.8,70344.0,4544.75,1.81,22.43,2673.38,0.0,7.308725284097283,58.60782978850742,7.482719666073104,2.136995114798495,0.7862705638554938,19.290561012650652,37.21543514202993,36.18527856122212,Poor
2020,Western,Multilayer Laminate,Bottles,Rigid,4805.89,2242.47,293.1,380.99,151.49,2358.95,1166.55,454.81,419813.24,114297.0,14898.26,1.36,48.4,4805.89,0.0,17.17850387753361,46.66086822628066,16.989747911900718,3.152173686871734,6.098766305512611,9.4635957127608,49.084560820160256,24.273339589545326,Poor
2020,Western,Multilayer Laminate,Containers,Rigid,2766.21,1578.78,81.78,336.67,110.7,1500.58,540.9,195.58,506367.45,101001.0,8575.25,0.32,51.25,2766.21,0.0,19.12906106188612,57.07375795763879,21.324693750870928,4.001865368139079,2.956391597167243,7.070323655832349,54.246785312756444,19.55382996952509,Poor
2020,Western,Multilayer Laminate,Sachets,Flexible,5479.48,2910.18,8.43,75.35,87.95,1860.99,1746.61,1700.15,548175.17,22605.0,16986.39,2.9,8.94,5479.48,0.0,3.1340565163117673,53.11051413637791,2.5891869231456472,1.6050793140954984,0.15384671538175154,31.027579259345785,33.962894289239124,31.875469935103336,Poor
2020,Western,Multilayer Laminate,Films,Flexible,2760.54,1262.18,22.79,79.07,104.55,1074.63,741.4,738.1,174386.46,23721.0,8557.67,2.41,18.28,2760.54,0.0,7.477160265745107,45.72221376976969,6.264558145430921,3.787302484296551,0.8255631144631123,26.7375223688119,38.928253167858465,26.857064197584528,Poor
2020,Western,Multilayer Laminate,Pouches,Flexible,2787.6,1268.92,14.79,52.53,128.59,971.19,1056.06,564.44,327083.24,15759.0,8641.56,1.64,19.65,2787.6,0.0,7.027909312670398,45.52016071172335,4.139740882009898,4.612928684172765,0.5305639259578132,20.248242215525902,34.83964700817908,37.88420146362462,Poor
2020,Central,PET,Bottles,Rigid,4777.61,2562.92,410.85,1540.58,66.72,1788.62,722.42,248.42,494381.41,1386522.0,10510.74,0.45,65.06,4777.61,0.0,42.24183221317772,53.64439541946706,60.110342890140934,1.39651415665992,8.599488028533097,5.199670965189708,37.43754722549559,15.120949596136981,Good
2020,Central,PET,Containers,Rigid,3290.9,1613.49,224.68,748.12,54.23,1384.96,614.45,264.46,281731.0,673308.0,7239.98,0.82,57.35,3290.8999999999996,4.547473508864641e-13,31.208180133094288,49.02883709623507,46.36657184116418,1.6478774803245313,6.827311677656568,8.036099547236319,42.08453614512747,18.671184174541917,Fair
2020,Central,PET,Sachets,Flexible,5746.07,2629.84,38.47,298.58,264.93,1882.7,1511.89,1749.5,699126.99,268722.0,12641.35,2.62,17.03,5746.070000000001,-9.094947017729282e-13,10.47637776776127,45.76762900556381,11.353542420831685,4.610629525919455,0.669501067686262,30.44689674856032,32.76500286282625,26.31172262085217,Poor
2020,Central,PET,Films,Flexible,2966.74,1347.72,12.74,114.11,52.01,1234.48,880.07,673.33,311147.37,102699.0,6526.83,1.97,20.63,2966.74,0.0,6.028839736545838,45.42764111448931,8.466892232808002,1.7531027322920107,0.42942758718323815,22.695955830305323,41.61065681522479,29.664547617924054,Poor
2020,Central,PET,Pouches,Flexible,3189.13,1409.92,5.84,120.98,39.13,1435.49,1131.21,456.48,204221.16,108882.0,7016.09,1.27,26.14,3189.13,0.0,5.203613524691687,44.210176443105176,8.580628688152519,1.2269803990429993,0.18312204268875837,14.313621583315825,45.01196251015167,35.47080238184081,Poor
2020,Central,HDPE,Bottles,Rigid,4963.22,2411.17,341.23,1196.97,99.39,2088.6,978.33,258.7,352471.66,957576.0,9430.12,0.37,59.45,4963.22,0.0,32.994507597890085,48.580760071082885,49.64270457910475,2.002530615205451,6.875173778313272,5.212341987661236,42.08155189574509,19.711598518703582,Fair
2020,Central,HDPE,Containers,Rigid,2812.16,1493.63,148.4,754.58,70.5,1206.36,500.24,132.08,324148.3,603664.0,5343.1,0.38,60.69,2812.16,0.0,34.61680700955849,53.11326524806555,50.51987439995179,2.50696973145198,5.2770823850705515,4.696745562130178,42.89798588984979,17.78846153846154,Fair
2020,Central,HDPE,Sachets,Flexible,6073.83,3080.07,56.17,232.51,290.7,2014.75,1318.96,2160.74,820445.38,186008.0,11540.28,3.11,12.91,6073.83,0.0,9.538956473921727,50.710507208795775,7.548854409153039,4.786106953931868,0.9247871606548093,35.57458802765306,33.17099754191342,21.71545795651179,Poor
2020,Central,HDPE,Films,Flexible,2671.87,1092.6,13.19,166.52,36.79,996.08,826.85,632.44,161525.34,133216.0,5076.55,2.29,21.04,2671.87,0.0,8.10293914000307,40.89270810331341,15.240710232473004,1.3769382492411684,0.49366174252489825,23.670313301171092,37.280256898726364,30.946490660099485,Poor
2020,Central,HDPE,Pouches,Flexible,2949.06,1211.03,1.94,85.96,128.89,1172.66,912.3,647.31,310680.04,68768.0,5603.21,1.71,21.02,2949.06,0.0,7.351155961560632,41.06494950933518,7.098090055572529,4.370545190670925,0.06578367344170685,21.94970600801611,39.76385695781029,30.93528107261297,Poor
2020,Central,LDPE,Bottles,Rigid,4540.31,2438.11,374.27,1271.38,75.41,2006.79,647.71,164.75,592003.63,635690.0,11350.78,0.0,64.0,4540.31,0.0,37.906222262356536,53.69919675088265,52.146129583981036,1.6608998064008844,8.24326973268345,3.628606857241025,44.19940488645048,14.265765993951954,Fair
2020,Central,LDPE,Containers,Rigid,2393.01,1108.69,88.15,474.67,44.73,1148.64,522.67,114.15,220550.03,237335.0,5982.53,0.71,55.42,2393.01,0.0,25.388527419442458,46.33035382217375,42.81359081438455,1.8691940276054004,3.6836452835550206,4.7701430416086845,47.99979941579851,21.84153012315034,Fair
2020,Central,LDPE,Sachets,Flexible,5465.55,2879.47,59.82,222.88,235.18,1757.8,1748.58,1441.29,641190.27,111440.0,13663.88,2.94,18.15,5465.549999999999,9.094947017729282e-13,9.475350147743594,52.683993376695845,7.740313321548757,4.302952127416271,1.0944918626670692,26.37044762192277,32.16144761277456,31.992754617559072,Poor
2020,Central,LDPE,Films,Flexible,2823.01,1492.34,27.36,164.02,76.36,948.53,872.53,734.21,421264.82,82010.0,7057.53,2.79,19.5,2823.01,0.0,9.484203031516007,52.86343300236271,10.990792982832332,2.7049142581854118,0.969178288422641,26.008055231827022,33.59995182447104,30.907789912185923,Poor
2020,Central,LDPE,Pouches,Flexible,2585.46,1098.9,9.46,55.54,113.84,1075.99,861.43,469.2,295097.67,27770.0,6463.65,1.95,23.54,2585.4599999999996,4.547473508864641e-13,6.917144337951467,42.50307488802766,5.054145054145054,4.403084944265237,0.36589233637341134,18.147641038731983,41.616965646345335,33.31824897697121,Poor
2020,Central,PP,Bottles,Rigid,4027.38,1654.27,213.66,749.7,62.83,1976.42,747.45,277.32,574442.4,449820.0,6846.55,0.64,55.22,4027.3800000000006,-4.547473508864641e-13,25.480337092601147,41.075587602858434,45.319083341897034,1.560071311870248,5.3051860018175585,6.885866245549216,49.074584469307595,18.559212192542052,Fair
2020,Central,PP,Containers,Rigid,2589.99,1090.6,107.49,380.64,45.48,1303.05,451.53,301.8,138636.89,228384.0,4402.98,1.05,50.42,2589.99,0.0,20.60278225012452,42.10827068830382,34.90188886851275,1.7559913358738837,4.15020907416631,11.652554643068122,50.31100506179561,17.433658045011757,Fair
2020,Central,PP,Sachets,Flexible,4652.57,1877.33,42.59,149.48,94.43,1273.13,1411.95,1680.99,360846.0,89688.0,7909.37,4.0,6.98,4652.57,0.0,6.157886931308933,40.35038699041605,7.962372092279993,2.0296309351605673,0.9154080432965008,36.13035376146947,27.364016016954075,30.34774329026753,Poor
2020,Central,PP,Films,Flexible,2547.39,1334.85,26.27,127.48,137.6,909.76,763.27,583.01,326402.53,76488.0,4330.56,1.94,23.73,2547.3900000000003,-4.547473508864641e-13,11.437196503087476,52.400692473472844,9.550136719481591,5.401607135146169,1.0312515947695484,22.886562324575348,35.71341647725711,29.962824695080066,Poor
2020,Central,PP,Pouches,Flexible,2522.81,1214.12,18.5,110.12,75.59,1028.98,850.7,438.92,161792.35,66072.0,4288.78,1.58,25.68,2522.8100000000004,-4.547473508864641e-13,8.094545368061805,48.12570110313499,9.06994366289988,2.9962621045580127,0.7333092860738621,17.398060099650785,40.78705887482609,33.72033565746133,Poor
2020,Central,Multilayer Laminate,Bottles,Rigid,3720.79,2027.69,297.92,375.03,111.42,1914.92,846.06,175.44,471329.45,112509.0,11534.45,0.37,53.38,3720.79,0.0,21.080738230322055,54.496222576388355,18.495430761112395,2.994525356174361,8.006901760110084,4.715127701375246,51.46541460281284,22.738719465489854,Fair
2020,Central,Multilayer Laminate,Containers,Rigid,2571.12,1367.96,153.68,239.65,83.68,1434.31,496.21,163.59,313776.63,71895.0,7970.47,0.68,51.82,2571.12,0.0,18.552615202713216,53.204829023927324,17.518787099037983,3.254612775755313,5.977161703848907,6.362596844954728,55.78541647219889,19.29937148013317,Poor
2020,Central,Multilayer Laminate,Sachets,Flexible,4425.17,2409.97,65.75,100.27,175.04,1233.57,1296.56,1553.98,358383.72,30081.0,13718.03,3.81,9.14,4425.17,0.0,7.707274522786693,54.46050660200624,4.160632704971431,3.955554249893224,1.4858186239172733,35.116842968744706,27.876217184876513,29.299665323592087,Poor
2020,Central,Multilayer Laminate,Films,Flexible,2235.06,1188.08,22.43,39.92,80.65,694.86,670.95,726.25,303445.43,11976.0,6928.69,3.12,10.42,2235.06,0.0,6.3980385314040795,53.15651481391998,3.360043094741095,3.6084042486555177,1.003552477338416,32.49353484917631,31.08909827924083,30.01932834017879,Poor
2020,Central,Multilayer Laminate,Pouches,Flexible,2239.75,964.18,14.69,25.61,70.23,862.3,811.27,455.65,333191.73,7683.0,6943.23,1.94,18.97,2239.75,0.0,4.934925772965733,43.04855452617479,2.6561430438299904,3.1356178144882243,0.6558767719611563,20.343788369237636,38.499832570599395,36.22145328719723,Poor
2020,Eastern,PET,Bottles,Rigid,5817.65,3155.05,469.55,1990.52,33.39,2263.61,868.95,191.63,993218.69,1791468.0,12798.83,0.72,66.56,5817.65,0.0,42.86026144577278,54.232379053397864,63.08996687849637,0.5739430869852947,8.071128376578173,3.2939417118596,38.90935343308725,14.93644340928038,Good
2020,Eastern,PET,Containers,Rigid,2989.32,1678.07,159.13,838.59,58.78,1142.83,512.87,277.12,466798.92,754731.0,6576.5,1.15,58.76,2989.3199999999997,4.547473508864641e-13,35.34248591652951,56.13550907898785,49.97348143998761,1.9663334805239987,5.323284225174955,9.27033572852689,38.23043367722425,17.156744677719345,Fair
2020,Eastern,PET,Sachets,Flexible,6804.29,3004.16,26.98,255.66,278.68,2128.79,2292.39,1821.79,366623.35,230094.0,14969.44,3.18,15.99,6804.29,0.0,8.249501417488084,44.150969461913,8.510199190455902,4.095651419913025,0.3965145518489071,26.774138080534488,31.285997510394175,33.69036299158325,Poor
2020,Eastern,PET,Films,Flexible,3391.85,1874.18,11.04,152.25,164.94,1211.55,856.02,996.05,549675.29,137025.0,7462.07,3.21,17.72,3391.8500000000004,-4.547473508864641e-13,9.67701991538541,55.25539160045403,8.123552700380966,4.862832967259755,0.325486091660893,29.365980217285554,35.71944514055751,25.237554726771528,Poor
2020,Eastern,PET,Pouches,Flexible,3379.88,1833.85,31.03,167.58,62.1,1261.65,1191.92,665.6,391773.61,150822.0,7435.74,1.54,22.87,3379.88,0.0,7.713587464643716,54.25784347373279,9.138151975352402,1.8373433376332886,0.9180799318318994,19.693006852314284,37.32824834017776,35.26515734286424,Poor
2020,Eastern,HDPE,Bottles,Rigid,4765.42,2086.11,369.22,1206.22,18.64,2026.84,773.9,370.6,287212.03,964976.0,9054.3,0.78,59.4,4765.42,0.0,33.450986481779154,43.77599456081521,57.82149551078323,0.39115125214566604,7.74790049985101,7.7768591225957,42.53224269844001,16.239911697185136,Fair
2020,Eastern,HDPE,Containers,Rigid,3122.07,1664.48,91.58,694.2,58.22,1488.53,592.31,197.23,507335.22,555360.0,5931.93,1.06,55.91,3122.07,0.0,27.03334646564619,53.31334659376631,41.70671921561088,1.8647884256278686,2.9333102717107558,6.317283084620138,47.67766257643166,18.971707873302005,Fair
2020,Eastern,HDPE,Sachets,Flexible,5784.88,3268.33,31.52,300.25,147.83,1949.06,1520.21,1836.01,661174.14,240200.0,10991.27,3.32,14.59,5784.88,0.0,8.29057819695482,56.49780116441482,9.186648839009525,2.555454910041349,0.5448686921768472,31.738082726002958,33.69231513877556,26.279023938266654,Poor
2020,Eastern,HDPE,Films,Flexible,2726.04,1532.54,15.42,193.02,109.54,835.31,865.46,707.29,269181.89,154416.0,5179.48,2.81,20.56,2726.04,0.0,11.664539038311984,56.21854411527344,12.594777297819308,4.018282930551276,0.5656556763657173,25.94569412040909,30.641883464659358,31.74788337661957,Poor
2020,Eastern,HDPE,Pouches,Flexible,3138.59,1721.94,19.03,139.79,66.99,1138.96,1043.31,730.51,319218.47,111832.0,5963.32,1.96,19.5,3138.59,0.0,7.194631984426128,54.8634896561832,8.118169041894605,2.134397930280795,0.6063232215740189,23.275101239728667,36.28890680209903,33.24135997374617,Poor
2020,Eastern,LDPE,Bottles,Rigid,4761.26,2041.12,346.66,883.64,24.33,2273.07,932.76,300.8,576829.89,441820.0,11903.15,0.19,56.08,4761.26,0.0,26.35079789803539,42.869324506538184,43.29191816257741,0.5109991892902298,7.280845826524912,6.317655410542587,47.74093412248018,19.590612568941836,Fair
2020,Eastern,LDPE,Containers,Rigid,2973.58,1250.72,93.41,588.44,33.26,1515.22,587.03,156.22,392505.62,294220.0,7433.95,0.34,55.09,2973.5799999999995,4.547473508864641e-13,24.04878967439921,42.06108461854062,47.04810029423053,1.11851707369568,3.1413313245313725,5.253600037665037,50.95608660268095,19.741523685254812,Fair
2020,Eastern,LDPE,Sachets,Flexible,5891.02,3314.87,43.14,392.1,184.18,1570.84,1620.53,2080.23,774278.15,196050.0,14727.55,3.42,12.23,5891.02,0.0,10.514647718052222,56.26988195592614,11.828518162099872,3.126453483437503,0.7323010276658372,35.31188147383645,26.664991801080284,27.50847900703104,Poor
2020,Eastern,LDPE,Films,Flexible,2858.51,1522.49,0.13,129.45,131.18,997.97,820.57,779.21,515633.45,64725.0,7146.28,2.93,18.01,2858.51,0.0,9.122235010547453,53.26166429363549,8.502518899959934,4.5891041136816035,0.004547823866279985,27.259306421877135,34.91224449101105,28.70621407656436,Poor
2020,Eastern,LDPE,Pouches,Flexible,2672.13,1167.34,18.25,92.88,36.27,1153.31,874.54,496.88,256263.47,46440.0,6680.33,1.82,23.25,2672.13,0.0,5.516198687938087,43.68574882210072,7.956550790686519,1.3573441411907357,0.6829757534251701,18.59490369106293,43.16069951686482,32.72819810413415,Poor
2020,Eastern,PP,Bottles,Rigid,4113.68,1970.42,245.08,821.95,89.51,1876.88,846.19,234.07,332525.38,493170.0,6993.26,0.73,56.6,4113.68,0.0,28.114486299371848,47.89920460512242,41.71445681631327,2.1759106201746365,5.957682658835884,5.690039089088115,45.62532817331441,20.570146438225628,Fair
2020,Eastern,PP,Containers,Rigid,2606.27,1461.66,104.62,675.44,57.73,1098.57,516.8,153.11,423702.22,405264.0,4430.66,0.4,58.38,2606.27,0.0,32.14517298668212,56.08244732894136,46.21047302382223,2.215042954106827,4.014165838535532,5.87467913915289,42.15104344523015,19.829104428934833,Fair
2020,Eastern,PP,Sachets,Flexible,5393.43,2606.22,55.76,151.58,264.16,1977.33,1501.93,1442.67,379590.23,90948.0,9168.83,2.69,18.59,5393.43,0.0,8.742117724713214,48.3221252523904,5.816086132406322,4.89781085505884,1.0338504439660845,26.748655308403002,36.66182744561438,27.847399521269395,Poor
2020,Eastern,PP,Films,Flexible,2498.98,1383.63,0.41,147.54,74.59,938.94,875.61,461.89,322882.31,88524.0,4248.27,1.75,24.65,2498.98,0.0,8.905233335200762,55.367790058343815,10.663255350057456,2.9848178056647114,0.016406693931123897,18.483141121577603,37.572929755340176,35.03869578788146,Poor
2020,Eastern,PP,Pouches,Flexible,2637.02,1358.65,0.27,95.24,147.43,1061.67,811.76,520.65,404902.18,57144.0,4482.93,2.25,24.44,2637.02,0.0,9.212671879621693,51.522172755610505,7.009899532624295,5.5907805022335815,0.010238830194689462,19.74387755875951,40.26021797331837,30.78323258830043,Poor
2020,Eastern,Multilayer Laminate,Bottles,Rigid,4112.44,2369.43,225.25,415.3,171.7,2101.55,847.16,351.48,293897.09,124590.0,12748.56,0.65,50.68,4112.4400000000005,-9.094947017729282e-13,19.75104803960666,57.61615974944315,17.527422207028696,4.175136901693398,5.477283559152232,8.546750834054723,51.1022653218041,20.599935804534535,Poor
2020,Eastern,Multilayer Laminate,Containers,Rigid,2591.22,1303.06,110.51,218.86,29.33,1373.64,664.69,194.19,410234.55,65658.0,8032.78,0.27,47.86,2591.2200000000003,-4.547473508864641e-13,13.842900255478115,50.28750935852611,16.795849769005265,1.1318992598081212,4.264786471237487,7.494153333178967,53.011322851784115,25.65162355955882,Poor
2020,Eastern,Multilayer Laminate,Sachets,Flexible,5305.71,2893.27,67.74,94.74,179.74,1850.39,1646.7,1466.4,511295.31,28422.0,16447.7,2.75,15.04,5305.710000000001,-9.094947017729282e-13,6.450032135190201,54.53125029449405,3.274495639881518,3.3876710185818677,1.2767377033422482,27.63814833453016,34.87544551059142,31.036374019688225,Poor
2020,Eastern,Multilayer Laminate,Films,Flexible,2578.59,1278.49,1.48,87.13,136.65,910.78,694.72,747.83,436523.43,26139.0,7993.63,2.48,16.41,2578.59,0.0,8.735781958357085,49.580972547012124,6.815070903957012,5.299407815899387,0.05739570850736255,29.001508576392528,35.32085364482139,26.941855820428994,Poor
2020,Eastern,Multilayer Laminate,Pouches,Flexible,2391.0,1090.44,4.27,22.75,91.47,977.63,723.18,571.7,334283.61,6825.0,7412.1,2.53,17.5,2391.0,0.0,4.955667084901714,45.6060225846926,2.0863137815927515,3.825595984943538,0.178586365537432,23.910497699707236,40.887913007109994,30.24592220828105,Poor
2020,Northern,PET,Bottles,Rigid,3177.31,1274.48,141.71,701.23,48.58,1431.85,693.17,160.77,360392.24,631107.0,6990.08,0.07,56.65,3177.31,0.0,28.058955531566017,40.11191857262905,55.0208712572971,1.5289663268614018,4.4600621280265385,5.05994064161193,45.06485045525932,21.816253371562734,Fair
2020,Northern,PET,Containers,Rigid,1812.45,545.87,61.73,261.21,9.38,921.2,342.51,216.42,128355.23,235089.0,3987.39,1.37,49.05,1812.45,0.0,18.33540235592706,30.11779635300284,47.852052686537085,0.5175315181108445,3.4058870589533505,11.940743192915667,50.82622968909487,18.8976247620624,Poor
2020,Northern,PET,Sachets,Flexible,3569.47,1217.92,29.48,114.05,85.08,1220.17,1068.58,1052.11,270956.24,102645.0,7852.83,2.66,13.88,3569.4700000000003,-4.547473508864641e-13,6.404592278405478,34.120471666662,9.364326064109301,2.383547137250068,0.8258929196771511,29.4752442239324,34.18350623481918,29.936657262842942,Poor
2020,Northern,PET,Films,Flexible,1774.49,756.9,14.85,129.99,65.39,710.69,483.94,369.63,256459.56,116991.0,3903.88,2.58,27.8,1774.4900000000002,-2.2737367544323206e-13,11.847347688631665,42.654509182920165,17.173999207292905,3.6850024514085735,0.8368601682737011,20.83021037030358,40.05038067275668,27.27206126830808,Poor
2020,Northern,PET,Pouches,Flexible,2032.57,908.91,10.35,61.25,58.05,729.48,741.17,432.27,314183.74,55125.0,4471.65,1.82,19.26,2032.57,0.0,6.378624106426837,44.71727910969856,6.738841029364844,2.855990199599522,0.5092075549673566,21.267164230506204,35.889538859670274,36.46467280339669,Poor
2020,Northern,HDPE,Bottles,Rigid,3096.17,1350.5,260.98,768.03,24.73,1338.26,462.32,241.85,310192.33,614424.0,5882.72,1.0,59.92,3096.17,0.0,34.033660942390114,43.61840596608067,56.870048130322104,0.7987287519742132,8.429123723826534,7.811263593407339,43.22307883611042,14.931996628092126,Fair
2020,Northern,HDPE,Containers,Rigid,1666.32,660.02,77.0,267.26,25.53,845.21,283.49,167.83,80574.48,213808.0,3166.01,0.86,52.21,1666.32,0.0,22.192015939315375,39.60943876326276,40.49271234205024,1.5321186806855827,4.620961159921263,10.071894954150466,50.72315041528639,17.012938691247783,Fair
2020,Northern,HDPE,Sachets,Flexible,3809.19,1273.42,24.23,85.69,68.59,1333.21,927.95,1369.52,278371.48,68552.0,7237.46,3.12,8.34,3809.19,0.0,4.686298136874243,33.43020432165368,6.729123148686214,1.8006452815427954,0.6360932376699509,35.953050386040076,34.99982936004768,24.360822117038005,Poor
2020,Northern,HDPE,Films,Flexible,1748.29,698.21,1.65,75.88,40.84,659.09,420.04,550.79,205994.17,60704.0,3321.75,3.02,14.44,1748.29,0.0,6.770615858925007,39.93673818416853,10.867790492831668,2.3359968883880824,0.09437793501078197,31.504498681568844,37.69912314318563,24.02576231632052,Poor
2020,Northern,HDPE,Pouches,Flexible,1717.25,709.46,13.03,77.12,50.75,733.76,532.95,309.64,177178.43,61696.0,3262.77,1.66,26.23,1717.25,0.0,8.20497889066822,41.31372834473723,10.870239336960505,2.9553064492648127,0.7587712913087785,18.031154462075992,42.72878148202067,31.035085165235117,Poor
2020,Northern,LDPE,Bottles,Rigid,2849.04,957.45,98.61,535.57,12.66,1484.88,529.22,188.1,122825.83,267785.0,7122.6,0.34,54.13,2849.0400000000004,-4.547473508864641e-13,22.70378794260523,33.606056777019624,55.937124654028935,0.4443602055429197,3.461165866397102,6.602223907000253,52.11860837334682,18.57537977704771,Fair
2020,Northern,LDPE,Containers,Rigid,1779.08,609.11,88.35,250.68,18.72,865.15,396.69,159.49,112669.57,125340.0,4447.7,0.75,50.8,1779.0800000000002,-2.2737367544323206e-13,20.10870787148414,34.23735863480001,41.15512797360083,1.0522292420801762,4.9660498684713446,8.964745823684153,48.629066708635925,22.29747959619579,Fair
2020,Northern,LDPE,Sachets,Flexible,3576.28,1580.6,42.32,120.22,142.14,1251.86,968.08,1051.66,404570.33,60110.0,8940.7,2.63,16.4,3576.2799999999997,4.547473508864641e-13,8.519467155815539,44.196763116981884,7.605972415538403,3.9745210106591196,1.1833525339179258,29.406534163991633,35.0045298466563,27.069468833536526,Poor
2020,Northern,LDPE,Films,Flexible,1601.66,685.92,2.84,51.41,22.87,549.02,455.48,520.04,210235.9,25705.0,4004.15,3.58,10.37,1601.6599999999999,2.2737367544323206e-13,4.815004432900865,42.825568472709556,7.49504315372055,1.4278935604310528,0.17731603461408788,32.46881360588389,34.278186381629055,28.43799557958618,Poor
2020,Northern,LDPE,Pouches,Flexible,1601.87,647.22,9.98,51.9,25.55,624.13,490.7,399.61,140966.12,25950.0,4004.67,2.03,17.58,1601.87,0.0,5.45799596721332,40.404027792517496,8.018911652915547,1.5950108310911624,0.6230218432207358,24.94646881457297,38.96258747588756,30.632947742326156,Poor
2020,Northern,PP,Bottles,Rigid,2406.49,998.29,79.86,494.41,32.66,1266.98,435.72,96.86,189640.86,296646.0,4091.03,0.21,56.65,2406.4900000000002,-4.547473508864641e-13,25.220549430913902,41.48323907433649,49.525688928067,1.3571633374749115,3.3185261521967684,4.0249491998720135,52.64846311432835,18.106038254885746,Fair
2020,Northern,PP,Containers,Rigid,1475.89,443.09,54.47,212.52,8.84,725.41,331.03,143.62,96241.24,127512.0,2509.01,0.78,49.66,1475.8899999999999,2.2737367544323206e-13,18.689062192981858,30.02188509983806,47.96316775372949,0.5989606271470095,3.690654452567603,9.73107751932732,49.150681961392785,22.42917832629803,Poor
2020,Northern,PP,Sachets,Flexible,3010.98,1225.15,30.02,69.24,71.36,911.53,834.46,1094.37,359553.47,41544.0,5118.67,3.53,7.29,3010.98,0.0,5.666593600754571,40.689410092395164,5.65155287107701,2.369992494138121,0.9970175823153923,36.34597373612578,30.273532205461347,27.7139004576583,Poor
2020,Northern,PP,Films,Flexible,1588.28,633.97,0.99,78.2,52.06,621.84,507.22,327.97,214922.81,46920.0,2700.08,1.61,23.08,1588.28,0.0,8.263656282267611,39.915506082051024,12.334968531633988,3.277759588989347,0.062331578814818545,20.649381721107112,39.15178683859269,31.935175158032592,Poor
2020,Northern,PP,Pouches,Flexible,1486.78,580.19,3.44,49.03,51.88,623.09,533.55,225.79,118900.99,29418.0,2527.53,1.95,25.86,1486.78,0.0,7.018523251590686,39.023258316630574,8.45067994967166,3.489420089051508,0.2313724962671007,15.186510445392054,41.90868857531041,35.886277727706855,Poor
2020,Northern,Multilayer Laminate,Bottles,Rigid,2597.16,1050.76,174.13,197.08,76.71,1327.43,609.84,211.97,192327.4,59124.0,8051.2,1.12,49.42,2597.16,0.0,17.246530825979146,40.45803878082213,18.755948075678557,2.9536108672550014,6.7046312125552525,8.161607294121271,51.11082875140539,23.481033128494204,Poor
2020,Northern,Multilayer Laminate,Containers,Rigid,1373.36,483.15,40.37,100.07,36.7,743.18,305.78,147.26,163222.98,30021.0,4257.42,1.07,45.98,1373.36,0.0,12.898293237024525,35.18014213316246,20.711994204698332,2.6722782081901326,2.9395060290091455,10.722607328013048,54.11399778645075,22.265101648511678,Poor
2020,Northern,Multilayer Laminate,Sachets,Flexible,2855.1,926.35,21.85,39.08,55.9,1235.26,808.09,694.92,261092.63,11724.0,8850.81,2.9,17.85,2855.1,0.0,4.09197576267031,32.44544849567441,4.218707831813029,1.9578998984273757,0.7652971874890547,24.33960281601345,43.265034499667266,28.303386921648983,Poor
2020,Northern,Multilayer Laminate,Films,Flexible,1444.27,484.19,6.83,29.75,35.44,452.85,445.9,473.5,138112.49,8925.0,4477.24,3.64,8.91,1444.27,0.0,4.986602228115242,33.52489492961842,6.144282203267312,2.453834809280813,0.47290326600981814,32.78472861722531,31.35494055820588,30.87372859645357,Poor
2020,Northern,Multilayer Laminate,Pouches,Flexible,1368.68,574.85,6.35,15.47,23.15,516.55,459.7,347.46,107330.52,4641.0,4242.91,2.91,14.05,1368.68,0.0,3.285647485168191,42.00032147762808,2.6911368183004263,1.691410702282491,0.4639506677967092,25.386503784668434,37.74074290557325,33.58710582459011,Poor
2021,Greater Accra,PET,Bottles,Rigid,13966.3,10747.1,1182.78,6455.68,253.22,4122.02,1294.73,657.87,2955716.68,5810112.0,30725.86,0.02,73.21,13966.300000000001,-1.8189894035458565e-12,56.50515884665231,76.95023019697416,60.06904188106559,1.8130786249758348,8.468814217079684,4.710410058497956,29.514044521455222,9.270386573394529,Good
2021,Greater Accra,PET,Containers,Rigid,8179.15,5669.34,457.39,2713.3,214.67,3147.69,1214.35,431.75,769449.83,2441970.0,17994.13,0.81,64.19,8179.15,0.0,41.39012000024453,69.31453757419781,47.85918643087202,2.6246003557826914,5.592145883129665,5.278665876038464,38.484316829988444,14.846897293728563,Good
2021,Greater Accra,PET,Sachets,Flexible,15505.86,11085.37,227.95,903.83,349.3,5417.19,4314.77,4292.82,3042271.21,813447.0,34112.89,2.9,19.35,15505.86,0.0,9.5517436633634,71.49148773431465,8.153358886532429,2.2526967224004344,1.47008937266298,27.685146131849503,34.936404688292036,27.826705516495053,Poor
2021,Greater Accra,PET,Films,Flexible,7612.37,5425.72,81.49,492.55,266.88,2550.28,2586.21,1634.96,735323.88,443295.0,16747.21,2.17,23.88,7612.37,0.0,11.046756791905805,71.27504312060502,9.078057843014383,3.5058726782854746,1.0704944714983637,21.477673838765064,33.501787222638946,33.97378214669019,Poor
2021,Greater Accra,PET,Pouches,Flexible,7580.57,6031.11,13.67,470.88,534.74,2716.74,2259.39,1585.15,1275283.32,423792.0,16677.25,1.86,26.78,7580.57,0.0,13.446086508006655,79.56011223430428,7.807518019071116,7.0540869617983875,0.18032944752175628,20.91069668903526,35.83820214047228,29.805014662485803,Poor
2021,Greater Accra,HDPE,Bottles,Rigid,11433.96,8260.53,927.03,4232.29,276.34,3948.2,1343.52,706.58,1134866.56,3385832.0,21724.52,1.07,67.51,11433.960000000001,-1.8189894035458565e-12,47.53961007385018,72.24557371199481,51.235090242393646,2.4168354620796295,8.107689724294994,6.179661289701906,34.53046888392123,11.750259752526684,Good
2021,Greater Accra,HDPE,Containers,Rigid,6994.45,4642.99,510.29,2256.43,165.8,2419.63,1300.83,341.47,825084.4,1805144.0,13289.45,0.66,64.03,6994.45,0.0,41.92638449056037,66.38105926841996,48.59864010045251,2.370450857465562,7.295641544367321,4.882013596494364,34.593570616703246,18.59803129624202,Good
2021,Greater Accra,HDPE,Sachets,Flexible,15182.53,11257.86,105.68,816.94,865.99,5002.43,3302.95,5088.54,1751842.13,653552.0,28846.81,3.8,16.51,15182.530000000002,-1.8189894035458565e-12,11.78071111995168,74.15009224417801,7.256618931129006,5.703858316104101,0.6960631726069371,33.51575791386547,32.94859288932741,21.75493807685544,Poor
2021,Greater Accra,HDPE,Films,Flexible,7634.87,5973.9,24.21,850.72,474.73,2524.07,1862.9,1898.24,1517806.65,680576.0,14506.25,2.24,28.9,7634.870000000001,-9.094947017729282e-13,17.67757669744213,78.24494719621946,14.240613334672494,6.2179185762167535,0.31709773709310046,24.862767800892485,33.05976395144908,24.399891550216314,Poor
2021,Greater Accra,HDPE,Pouches,Flexible,7217.47,5728.05,45.71,587.25,239.31,2925.05,1913.67,1506.48,698327.12,469800.0,13713.19,2.02,28.36,7217.469999999999,9.094947017729282e-13,12.085536898663936,79.36368284177142,10.252180061277398,3.31570481068851,0.6333244197759049,20.872688074907135,40.527359310118364,26.514415716310562,Poor
2021,Greater Accra,LDPE,Bottles,Rigid,10540.08,8034.26,1524.47,3523.64,159.11,3707.27,1196.78,428.81,2053351.32,1761820.0,26350.2,0.52,70.34,10540.08,0.0,49.40398934353439,76.22579714764973,43.857679487594375,1.509571084849451,14.463552458804868,4.068375192598158,35.173072690150356,11.354562773717088,Good
2021,Greater Accra,LDPE,Containers,Rigid,7074.6,4855.32,589.46,1697.97,123.09,3035.95,979.95,648.18,860006.03,848985.0,17686.5,0.63,59.24,7074.6,0.0,34.072880445537564,68.63031125434654,34.97133041694471,1.7398863539988128,8.332061176603624,9.162072767364938,42.91338026178158,13.85166652531592,Fair
2021,Greater Accra,LDPE,Sachets,Flexible,13138.8,9028.12,16.93,734.5,794.12,4486.74,3153.1,3953.41,3059114.03,367250.0,32847.0,3.35,18.82,13138.8,0.0,11.763250829603923,68.71342892806041,8.135691594706316,6.044083173501385,0.1288549943678266,30.089582001400434,34.14878071056717,23.998386458428474,Poor
2021,Greater Accra,LDPE,Films,Flexible,7305.11,5650.12,105.4,684.85,233.4,2382.74,2061.28,1837.44,1355651.8,342425.0,18262.77,2.08,25.19,7305.110000000001,-9.094947017729282e-13,14.012793784077173,77.34476277564609,12.12098150127785,3.1950237573424634,1.4428256384914124,25.152803996106837,32.61744176336838,28.216960456447616,Poor
2021,Greater Accra,LDPE,Pouches,Flexible,6707.52,5286.3,61.79,389.39,262.05,2652.14,2155.89,1186.26,1591699.73,194695.0,16768.8,1.72,27.9,6707.52,0.0,10.633289203759363,78.8115428653213,7.366021603011558,3.906809073994561,0.9212048566385191,17.68552311435523,39.53980010495682,32.14138757692858,Poor
2021,Greater Accra,PP,Bottles,Rigid,11081.33,7615.73,1253.97,3436.57,204.26,4237.21,1358.8,590.52,2358522.62,2061942.0,18838.26,0.33,66.66,11081.33,0.0,44.17159312104233,68.72577569659958,45.1246302061654,1.8432805448443463,11.316060436788725,5.328963220118885,38.237377643297336,12.262066015541455,Good
2021,Greater Accra,PP,Containers,Rigid,6407.32,4185.82,335.3,1801.84,71.82,2832.9,928.0,437.46,1238255.0,1081104.0,10892.44,0.59,60.44,6407.320000000001,-9.094947017729282e-13,34.47556856844984,65.32871777904022,43.04628483785734,1.1209054643751208,5.233077167989113,6.827503542822896,44.21349331701867,14.483434571708608,Fair
2021,Greater Accra,PP,Sachets,Flexible,13362.21,9207.04,44.05,514.4,314.33,4690.47,4328.81,3470.15,2828852.98,308640.0,22715.76,2.78,16.45,13362.210000000001,-1.8189894035458565e-12,6.531703962143986,68.9035720887488,5.587029056026692,2.3523803322953314,0.32966103660996193,25.969880730807255,35.10250175682017,32.3959135502286,Poor
2021,Greater Accra,PP,Films,Flexible,5975.12,4143.02,25.67,384.95,284.97,2053.64,1745.86,1480.03,1286688.56,230970.0,10157.7,2.77,22.45,5975.12,0.0,11.641439837191555,69.33785430250774,9.29153129842482,4.769276600302589,0.4296148027152593,24.769879098662454,34.36985365984281,29.218827404303177,Poor
2021,Greater Accra,PP,Pouches,Flexible,6230.9,4904.14,93.45,297.98,279.33,2348.61,2012.03,1199.5,704188.56,178788.0,10592.53,1.82,26.26,6230.9,0.0,10.765058017300872,78.70676788264939,6.076090813068142,4.482979986839783,1.4997833378805632,19.25083053812451,37.692949654143064,32.29116179043156,Poor
2021,Greater Accra,Multilayer Laminate,Bottles,Rigid,10233.08,7423.79,766.61,1681.72,452.39,4563.33,1972.34,796.69,1640794.47,504516.0,31722.55,0.89,55.53,10233.08,0.0,28.346499783056515,72.54697510426968,22.6531192288575,4.420858627119108,7.491488388637634,7.785437033620377,44.593905256286476,19.27415792703663,Fair
2021,Greater Accra,Multilayer Laminate,Containers,Rigid,5662.34,4252.68,288.86,816.85,159.44,3019.73,1067.11,310.35,1213332.61,245055.0,17553.25,0.78,54.2,5662.34,0.0,22.343236188572217,75.10463871826842,19.20788773197137,2.8157970026526136,5.101424499411904,5.48094957208504,53.33007201969504,18.845742219647704,Fair
2021,Greater Accra,Multilayer Laminate,Sachets,Flexible,12186.29,8216.05,20.59,148.91,361.43,3820.22,3363.82,4471.32,1184996.47,44673.0,37777.5,3.39,5.54,12186.289999999999,1.8189894035458565e-12,4.356781268130005,67.42043722905001,1.8124281132661073,2.9658739452286134,0.1689603644751602,36.69139664327699,31.348507215895893,27.603314872697105,Poor
2021,Greater Accra,Multilayer Laminate,Films,Flexible,6098.36,4519.88,22.18,136.84,284.3,2084.88,2240.49,1329.67,1183074.58,41052.0,18904.92,2.24,18.71,6098.360000000001,-9.094947017729282e-13,7.269495405322088,74.11631979745374,3.0275140047965876,4.661909103431086,0.3637043401832624,21.803730839110848,34.18755206317765,36.73922169238943,Poor
2021,Greater Accra,Multilayer Laminate,Pouches,Flexible,5972.67,4266.53,46.16,145.87,379.72,2440.13,2030.1,930.69,1366233.37,43761.0,18515.28,1.69,27.48,5972.67,0.0,9.572770636917827,71.43421618806998,3.4189376378462124,6.357625651509292,0.772853681854179,15.582478188147011,40.8549275282244,33.98982364671077,Poor
2021,Ashanti,PET,Bottles,Rigid,10190.82,5804.87,886.27,2820.53,126.62,4406.07,1569.89,381.44,1219763.73,2538477.0,22419.8,0.77,63.67,10190.82,0.0,37.61640378301256,56.96175577627708,48.589029556217454,1.2424907907312661,8.696748642405616,3.742976522007061,43.235676815015864,15.404942879964517,Fair
2021,Ashanti,PET,Containers,Rigid,5715.74,3637.08,334.35,1498.2,182.89,2418.62,1036.67,245.01,962146.18,1348380.0,12574.63,0.62,61.05,5715.74,0.0,35.26122601797842,63.632705476456245,41.192385100135276,3.1997606609117977,5.849636267569904,4.286584064355622,42.31508081193336,18.137109105732595,Fair
2021,Ashanti,PET,Sachets,Flexible,11550.45,6372.34,138.3,645.63,588.18,3590.77,2788.93,3798.64,1253659.32,581067.0,25410.99,3.58,16.55,11550.449999999999,1.8189894035458565e-12,11.879277430749452,55.16962542584921,10.131756937012149,5.092269132371465,1.1973559471708894,32.88737668229376,31.087706539572046,24.14563934738473,Poor
2021,Ashanti,PET,Films,Flexible,6015.82,3496.31,59.79,638.87,201.34,2042.69,1991.87,1081.26,1144719.96,574983.0,13234.8,1.5,31.11,6015.82,0.0,14.960554005937679,58.11859397388884,18.272693210842288,3.3468421595061026,0.9938794711277932,17.973609582733527,33.95530451376537,33.11053189756342,Poor
2021,Ashanti,PET,Pouches,Flexible,5548.87,3879.49,30.21,338.44,411.21,2352.54,1659.85,756.62,800563.23,304596.0,12207.51,1.67,34.48,5548.87,0.0,14.054393056604317,69.9149556576384,8.723827100984924,7.410698034014132,0.5444351732875342,13.635569043787294,42.39674023720145,29.91329766240694,Poor
2021,Ashanti,HDPE,Bottles,Rigid,8991.25,6469.39,951.56,3219.77,114.47,3220.31,1134.42,350.72,1326238.31,2575816.0,17083.38,0.35,69.06,8991.25,0.0,47.66634227721396,71.95206450715975,49.76929818730977,1.2731266509106074,10.583178089809536,3.9006812178506887,35.816043375503966,12.616933129431393,Good
2021,Ashanti,HDPE,Containers,Rigid,5711.06,3778.69,456.76,1425.4,94.05,2462.97,825.37,446.51,1152628.05,1140320.0,10851.01,1.05,60.09,5711.06,0.0,34.60320851120458,66.16442481780965,37.722067700711094,1.646804621208672,7.997814766435653,7.818338452056185,43.126319807531345,14.452133229207886,Fair
2021,Ashanti,HDPE,Sachets,Flexible,11040.89,6197.24,142.51,623.35,545.18,3456.89,2743.34,3529.62,943682.48,498680.0,20977.69,3.37,17.26,11040.89,0.0,11.87440505249124,56.12989532546743,10.058509917318032,4.937826570140631,1.2907473944582366,31.96861847188044,31.309885344388,24.84709113124033,Poor
2021,Ashanti,HDPE,Films,Flexible,5599.24,3786.11,12.86,370.64,374.75,1814.91,1513.29,1512.79,974339.21,296512.0,10638.56,2.86,21.99,5599.24,0.0,13.542016416513668,67.6182839099592,9.789467289645572,6.692872604139133,0.22967402718940427,27.017773840735526,32.41350611868754,27.026703624063263,Poor
2021,Ashanti,HDPE,Pouches,Flexible,5893.01,3821.01,48.33,218.46,258.22,2224.84,1838.03,1305.13,734322.34,174768.0,11196.72,1.96,22.16,5893.01,0.0,8.909029511234497,64.83969991566279,5.717336515737985,4.381801490240132,0.8201241810212436,22.147086124069027,37.753881293260996,31.19000307143548,Poor
2021,Ashanti,LDPE,Bottles,Rigid,8115.54,5049.69,954.09,2267.73,85.75,3280.22,1261.44,266.31,1560460.85,1133865.0,20288.85,0.49,65.66,8115.54,0.0,40.75600637788737,62.2224768776939,44.90830130166407,1.0566148401708326,11.756334144123496,3.2814821934215104,40.41899861253841,15.543512816152717,Good
2021,Ashanti,LDPE,Containers,Rigid,5469.69,3261.2,388.85,1227.62,188.35,2327.98,907.09,429.8,534553.45,613810.0,13674.22,0.98,58.42,5469.69,0.0,32.99675118699597,59.62312306547538,37.64319882251932,3.443522393408036,7.109178033855668,7.857849347952079,42.561461435657236,16.58393802939472,Fair
2021,Ashanti,LDPE,Sachets,Flexible,9746.51,6346.94,50.39,621.89,586.45,3134.9,2240.38,3112.5,890656.81,310945.0,24366.28,3.39,18.43,9746.51,0.0,12.914674073078466,65.12013017993107,9.798264990688427,6.017025581464545,0.517005574303007,31.93450783921629,32.164333694830255,22.98648439287499,Poor
2021,Ashanti,LDPE,Films,Flexible,5027.79,3134.82,1.95,295.98,93.7,1594.5,1503.03,1538.63,404282.83,147990.0,12569.48,3.23,14.01,5027.79,0.0,7.789307031518819,62.34985948100458,9.441690431986526,1.8636418784396327,0.03878443610413323,30.602511242514108,31.713735060533555,29.89444666543352,Poor
2021,Ashanti,LDPE,Pouches,Flexible,4980.98,3499.87,62.17,212.64,358.26,1671.31,1461.36,1215.24,620428.99,106320.0,12452.45,2.52,22.96,4980.98,0.0,12.709747880939092,70.2646868688491,6.075654238586004,7.192560500142544,1.248147954820136,24.397608502744443,33.55383880280588,29.338804813510595,Poor
2021,Ashanti,PP,Bottles,Rigid,7398.95,4188.81,837.21,1752.98,155.6,2825.58,1332.18,495.4,735321.27,1051788.0,12578.22,0.21,61.29,7398.95,0.0,37.11053595442596,56.61357354759797,41.84911705233706,2.103001101507646,11.315254191473114,6.6955446380905395,38.1889322133546,18.004987194128898,Fair
2021,Ashanti,PP,Containers,Rigid,4773.68,2731.09,142.68,1148.67,144.75,2037.06,930.2,370.32,473473.18,689202.0,8115.26,0.29,56.21,4773.679999999999,9.094947017729282e-13,30.083709004373986,57.21141760654254,42.05903137575107,3.0322518476311773,2.9888890750951047,7.757537162105545,42.67273885136833,19.486014982152135,Fair
2021,Ashanti,PP,Sachets,Flexible,10233.9,6713.81,153.54,300.52,659.41,3192.97,2799.8,3127.66,2140494.53,180312.0,17397.63,3.14,16.32,10233.9,0.0,10.880211844946695,65.60363106928932,4.476146927005678,6.443389128289313,1.5003078005452466,30.561760423689893,31.19993355416801,27.3580941771954,Poor
2021,Ashanti,PP,Films,Flexible,4938.68,3548.02,53.7,395.26,290.28,1589.68,1524.68,1085.08,1183200.39,237156.0,8395.76,2.63,27.14,4938.68,0.0,14.968372115626035,71.8414637109511,11.140297969008065,5.877683915540184,1.0873350773891,21.9710529939174,32.18835802279151,30.872216867665042,Poor
2021,Ashanti,PP,Pouches,Flexible,4706.33,3010.66,12.74,305.01,318.57,1688.72,1427.13,954.16,772012.68,183006.0,8000.76,1.58,27.39,4706.33,0.0,13.52051386111896,63.9704398119129,10.131001175821913,6.768968601861748,0.27069924973386905,20.273971438466916,35.88188673552428,30.323627964889845,Poor
2021,Ashanti,Multilayer Laminate,Bottles,Rigid,7525.05,5002.0,806.84,917.14,376.16,3514.17,1575.94,334.8,1402266.86,275142.0,23327.66,0.59,56.96,7525.05,0.0,27.908651769755682,66.47131912744766,18.335465813674528,4.998770772287227,10.722055002956791,4.449139872824765,46.69962325831722,20.94258509910233,Fair
2021,Ashanti,Multilayer Laminate,Containers,Rigid,4351.48,2508.87,284.99,443.56,82.15,2143.43,960.2,437.15,784258.78,133068.0,13489.59,0.67,49.53,4351.48,0.0,18.630442975723202,57.65555627051027,17.679672521892325,1.8878634395653897,6.549265996856243,10.0460073354353,49.25749400204069,22.066055686800816,Poor
2021,Ashanti,Multilayer Laminate,Sachets,Flexible,8236.14,5620.73,102.81,231.68,557.35,2617.54,2006.27,2720.49,1305999.07,69504.0,25532.03,3.21,14.85,8236.14,0.0,10.828373485637691,68.24471172175315,4.121884523896362,6.767126348022254,1.2482789267788068,33.031128659784805,31.78114990760235,24.359347946975163,Poor
2021,Ashanti,Multilayer Laminate,Films,Flexible,4240.68,2745.18,15.21,182.08,210.17,1548.11,1177.6,1107.51,349464.34,54624.0,13146.11,2.53,19.87,4240.68,0.0,9.608364696227964,64.73442938396671,6.632716251757627,4.9560447852702865,0.35866889272475166,26.11633039984153,36.506173538206134,27.76913136572436,Poor
2021,Ashanti,Multilayer Laminate,Pouches,Flexible,4177.69,2728.72,48.08,104.9,230.05,1663.3,1457.96,673.4,450867.29,31470.0,12950.84,1.85,26.59,4177.69,0.0,9.168463911874746,65.31647872388808,3.844293295024774,5.506631655292758,1.1508752444532744,16.118955690824354,39.81386842968244,34.898711967618475,Poor
2021,Western,PET,Bottles,Rigid,5815.62,3317.21,662.34,1476.12,130.56,2328.15,886.54,331.91,1044586.85,1328508.0,12794.36,0.13,63.31,5815.62,0.0,39.015960465092284,57.03966215124097,44.49884089340138,2.2449884964973643,11.388983461780516,5.707216083581803,40.03270502543151,15.244118425894401,Fair
2021,Western,PET,Containers,Rigid,3524.92,1621.65,239.25,847.96,57.04,1427.24,609.62,343.81,221092.56,763164.0,7754.82,0.69,57.3,3524.9199999999996,4.547473508864641e-13,32.46172962790645,46.005299411050466,52.289951592513795,1.6181927533107134,6.787388082566413,9.753696537793765,40.489996936100674,17.294576898199107,Fair
2021,Western,PET,Sachets,Flexible,6895.42,3588.14,28.91,213.9,150.79,2599.91,2132.82,1769.09,1229243.43,192510.0,15169.92,2.51,16.73,6895.42,0.0,5.708136705233329,52.036569201005875,5.961305857630974,2.186813856153795,0.41926380118977524,25.656015152086454,37.704882371197115,30.930965771483105,Poor
2021,Western,PET,Films,Flexible,3483.43,1984.66,12.95,228.57,88.77,1311.36,1149.82,691.96,545818.55,205713.0,7663.55,1.55,24.78,3483.43,0.0,9.48174643957249,56.9743040623753,11.516834117682626,2.548350332861576,0.37176001814303716,19.864329123880776,37.645653852668204,33.008270583878534,Poor
2021,Western,PET,Pouches,Flexible,3433.96,1962.01,5.77,144.73,195.32,1302.1,1260.62,525.42,371911.72,130257.0,7554.71,1.59,27.24,3433.96,0.0,10.070589057531247,57.13549371571014,7.3766188755409,5.6878938601497975,0.16802758331489007,15.30070239606751,37.918321704387935,36.7103868420133,Poor
2021,Western,HDPE,Bottles,Rigid,5799.71,2729.18,408.51,1435.44,38.04,2481.46,1069.25,367.01,379144.88,1148352.0,11019.45,0.59,59.13,5799.71,0.0,32.44972593457259,47.05718044522916,52.59601785151584,0.6558948637087026,7.043628043471138,6.328075024440877,42.785932400068276,18.43626664091825,Fair
2021,Western,HDPE,Containers,Rigid,3153.52,1808.09,100.71,865.7,59.98,1292.97,567.74,266.42,540115.06,692560.0,5991.69,1.21,57.55,3153.5200000000004,-4.547473508864641e-13,32.5474390522337,57.33561226819553,47.87925379820695,1.9020015728455821,3.1935741647428904,8.448337096324108,41.000849843983865,18.003374007458333,Fair
2021,Western,HDPE,Sachets,Flexible,6316.77,3352.33,84.49,462.39,308.76,1958.85,1832.7,1669.58,974111.78,369912.0,12001.86,2.64,22.58,6316.7699999999995,9.094947017729282e-13,13.545530389740327,53.070319166282765,13.793093162069367,4.887941147136907,1.3375506785904818,26.4309132673819,31.0103106492717,29.013245693606066,Poor
2021,Western,HDPE,Films,Flexible,3269.46,1882.34,13.61,325.19,102.82,1091.79,1031.25,704.8,280431.89,260152.0,6211.97,1.85,26.9,3269.46,0.0,13.507429361423599,57.57342191065191,17.27583752138296,3.1448618426284463,0.41627669401063166,21.557076703798177,33.39358793195206,31.541906002826153,Poor
2021,Western,HDPE,Pouches,Flexible,3576.69,1703.66,19.34,144.89,114.02,1299.24,1227.97,771.23,350272.24,115912.0,6795.71,2.32,20.9,3576.69,0.0,7.779539182875787,47.632308083731054,8.504631205757015,3.1878636392866024,0.5407234062778714,21.5626738688564,36.32520570695252,34.332581241315296,Poor
2021,Western,LDPE,Bottles,Rigid,4793.22,2567.4,262.47,1186.74,55.56,2263.91,818.03,206.51,855556.45,593370.0,11983.05,0.9,59.83,4793.22,0.0,31.39371862756143,53.56315796061938,46.22341668614162,1.1591372814099916,5.475859651758109,4.308377249531629,47.23150616913056,17.066397953776374,Fair
2021,Western,LDPE,Containers,Rigid,3142.41,1481.49,129.56,700.45,41.09,1440.56,676.69,154.06,448984.91,350225.0,7856.02,0.17,56.65,3142.41,0.0,27.72076209024284,47.14502563319236,47.280103139406954,1.3075951260338403,4.1229502197358086,4.902606598120551,45.84252214065001,21.5341091709866,Fair
2021,Western,LDPE,Sachets,Flexible,6410.61,3096.81,20.27,359.33,142.57,1970.42,2213.39,1704.63,936155.78,179665.0,16026.52,2.79,16.4,6410.61,0.0,8.145402699587091,48.30757135436409,11.60323042098159,2.223969325851986,0.31619455870814167,26.59076125360925,30.736856554992432,34.52697949181123,Poor
2021,Western,LDPE,Films,Flexible,3253.33,1538.2,14.1,158.24,52.5,1336.26,865.7,826.53,287698.79,79120.0,8133.32,2.25,19.94,3253.33,0.0,6.9110726547875565,47.280786148346465,10.287348849304383,1.613731161609797,0.433402083403774,25.405661276292292,41.0736076573849,26.609658411535257,Poor
2021,Western,LDPE,Pouches,Flexible,2935.99,1721.27,16.11,119.78,156.08,1192.44,1001.88,449.7,442864.63,59890.0,7339.97,2.03,28.34,2935.99,0.0,9.944516159796187,58.62656207957112,6.958815293358973,5.316094400866489,0.5487075909659093,15.316809662158251,40.61457974993103,34.12409442811454,Poor
2021,Western,PP,Bottles,Rigid,5121.9,2610.53,468.08,1063.77,35.32,2326.18,999.94,228.61,682600.61,638262.0,8707.23,0.86,59.22,5121.899999999999,9.094947017729282e-13,30.59743454577403,50.96800015619205,40.749196523311355,0.689587848259435,9.13879614986626,4.463382729065386,45.41634940158926,19.522833323571334,Fair
2021,Western,PP,Containers,Rigid,2921.75,1534.48,84.43,563.25,70.59,1479.94,504.43,219.11,192950.86,337950.0,4966.97,0.7,54.38,2921.75,0.0,24.58355437665783,52.5192093779413,36.70624576403733,2.4160177975528363,2.889706511508514,7.499272696158125,50.6525198938992,17.264653033284848,Fair
2021,Western,PP,Sachets,Flexible,5525.79,2527.73,54.95,128.55,198.67,1908.78,1732.1,1502.74,769270.46,77130.0,9393.84,2.61,15.64,5525.79,0.0,6.916115161813967,45.74422842706654,5.08559062874595,3.595323021685587,0.9944279460493431,27.195025507664965,34.543115102094,31.345744228427066,Poor
2021,Western,PP,Films,Flexible,3062.25,1435.65,22.19,130.27,116.73,1151.35,846.06,795.65,194125.71,78162.0,5205.82,2.12,19.82,3062.25,0.0,8.79059515062454,46.88219446485428,9.073938634068192,3.811903012490816,0.7246305820883338,25.982529186056002,37.5981712792881,27.628704384031348,Poor
2021,Western,PP,Pouches,Flexible,3106.62,1642.5,25.47,91.28,93.16,1361.85,1089.02,445.84,549641.55,54768.0,5281.25,1.2,27.07,3106.62,0.0,6.7568611545667,52.87096587287792,5.55738203957382,2.9987574920653315,0.8198621009328466,14.351288538669035,43.83703188674507,35.05481842001919,Poor
2021,Western,Multilayer Laminate,Bottles,Rigid,4657.82,2570.07,303.54,570.87,195.42,2334.27,852.08,401.64,474876.18,171261.0,14439.24,1.33,52.73,4657.820000000001,-9.094947017729282e-13,22.968470228561863,55.177529402166684,22.212235464403694,4.195524945146013,6.516782529166005,8.622918017441636,50.115075292733515,18.293536461262995,Fair
2021,Western,Multilayer Laminate,Containers,Rigid,2466.0,1374.57,165.81,243.07,115.02,1306.11,464.95,171.04,304939.52,72921.0,7644.6,0.45,52.66,2465.9999999999995,4.547473508864641e-13,21.24493106244931,55.74087591240876,17.683348247088183,4.664233576642336,6.723844282238443,6.935928629359286,52.9647201946472,18.8544201135442,Fair
2021,Western,Multilayer Laminate,Sachets,Flexible,5296.24,3046.32,85.49,71.06,183.57,1639.01,1387.71,1929.4,479618.49,21318.0,16418.34,3.74,8.16,5296.24,0.0,6.421914414754619,57.518541455825265,2.3326505422936528,3.4660438348715314,1.6141640106943793,36.42961799314231,30.94667160098485,26.201795991118225,Poor
2021,Western,Multilayer Laminate,Films,Flexible,2542.65,1513.41,13.52,73.59,74.45,919.92,816.74,644.43,444018.84,22077.0,7882.22,2.61,16.87,2542.65,0.0,6.354000747251883,59.52097221402867,4.86252899082205,2.9280475094881324,0.5317287082374688,25.344817414901772,36.17957642616955,32.121605411676796,Poor
2021,Western,Multilayer Laminate,Pouches,Flexible,2954.83,1691.97,25.62,31.43,50.06,1304.95,1036.97,505.8,359634.04,9429.0,9159.97,2.1,22.08,2954.83,0.0,3.624912431510442,57.26116223268344,1.85759794795416,1.6941752994250092,0.8670549574764032,17.11773604572852,44.16328519745637,35.094066325304674,Poor
2021,Central,PET,Bottles,Rigid,5827.21,3125.58,367.77,1897.96,46.82,2331.46,960.58,222.62,684159.0,1708164.0,12819.86,0.71,64.25,5827.21,0.0,39.685372588254076,53.637675662967354,60.72344972773054,0.8034719874519709,6.311253584476963,3.8203531364066166,40.00988466178497,16.48438961355434,Fair
2021,Central,PET,Containers,Rigid,2993.69,1527.5,157.55,695.37,50.16,1364.12,544.62,181.87,241059.77,625833.0,6586.12,0.22,57.91,2993.6899999999996,4.547473508864641e-13,30.166116064121535,51.02398711957484,45.52340425531915,1.6755241858709482,5.26273595462456,6.075111317471081,45.566508222294225,18.19226439611316,Fair
2021,Central,PET,Sachets,Flexible,6540.52,3501.55,36.13,427.29,271.24,1965.6,1577.53,2262.73,949329.78,384561.0,14389.14,3.86,14.54,6540.52,0.0,11.232440234109827,53.53626317173558,12.202881581014122,4.147070875098616,0.5524025612642419,34.59556732492218,30.0526563637142,24.119336077253795,Poor
2021,Central,PET,Films,Flexible,3174.89,1425.59,0.31,255.39,119.43,1200.85,995.09,603.82,209993.81,229851.0,6984.76,2.38,27.8,3174.8900000000003,-4.547473508864641e-13,11.815527467093348,44.902028101761005,17.914687953759493,3.76170512994151,0.00976411781195569,19.01861166843576,37.82335765963545,31.34250320483545,Poor
2021,Central,PET,Pouches,Flexible,3055.12,1252.86,14.91,125.93,36.61,1266.33,933.27,678.07,200057.3,113337.0,6721.26,2.29,20.79,3055.1200000000003,-4.547473508864641e-13,5.808282489722171,41.00853648956505,10.051402391328642,1.19831626908272,0.488033203278431,22.194545549765643,41.449435701379976,30.547736259132215,Poor
2021,Central,HDPE,Bottles,Rigid,4662.06,2521.0,449.37,1469.57,32.13,1713.31,678.11,319.57,331714.17,1175656.0,8857.91,0.24,64.32,4662.0599999999995,9.094947017729282e-13,41.84995474103722,54.074808132027464,58.29313764379215,0.6891803194296083,9.638872086588332,6.8546951347687495,36.750063276748904,14.54528684744512,Good
2021,Central,HDPE,Containers,Rigid,3027.98,1419.18,103.11,716.15,31.65,1304.59,628.68,243.8,438186.18,572920.0,5753.16,0.78,55.26,3027.98,0.0,28.101572665605453,46.86886967549324,50.4622387575924,1.0452512896386368,3.405240457334593,8.051572335352281,43.08449857660882,20.762356422433438,Fair
2021,Central,HDPE,Sachets,Flexible,5658.0,2570.9,62.14,197.38,112.83,2094.96,1802.13,1388.56,805743.21,157904.0,10750.2,2.18,18.39,5658.0,0.0,6.580947331212442,45.43831742665253,7.677467034890505,1.9941675503711558,1.0982679392011312,24.541534110993283,37.02651113467657,31.85100742311771,Poor
2021,Central,HDPE,Films,Flexible,2846.59,1483.82,24.44,174.9,91.61,1157.49,770.76,627.39,496727.1,139920.0,5408.52,2.39,25.44,2846.5899999999997,4.547473508864641e-13,10.221001268184036,52.126228223945134,11.787143993206724,3.2182365567222537,0.8585711324778068,22.040054942931718,40.66233633926909,27.076607449615153,Poor
2021,Central,HDPE,Pouches,Flexible,2934.41,1188.14,11.3,87.81,48.47,1203.2,927.8,655.83,337899.0,70248.0,5575.38,1.8,19.37,2934.41,0.0,5.029290385460791,40.4899110894524,7.390543201979565,1.6517800852641589,0.38508592868753855,22.349637576207826,41.003131805030655,31.617940233300736,Poor
2021,Central,LDPE,Bottles,Rigid,4514.42,1884.56,289.35,1000.26,53.28,2086.77,909.13,175.63,400917.12,500130.0,11286.05,0.72,58.68,4514.42,0.0,29.74667842159126,41.745340486707036,53.076580209704126,1.1802180568046394,6.409461237545466,3.89042224693316,46.22454268765422,20.138356643821353,Fair
2021,Central,LDPE,Containers,Rigid,2927.32,1439.58,125.74,559.57,29.82,1382.98,625.82,203.39,390668.56,279785.0,7318.3,0.26,54.09,2927.32,0.0,24.42951231843461,49.177404588497325,38.870364967559986,1.0186792014538895,4.295396471858218,6.947993386442206,47.24389544019786,21.378598854925322,Fair
2021,Central,LDPE,Sachets,Flexible,5392.62,2304.09,10.84,258.73,68.71,1680.48,1792.47,1581.39,571689.24,129365.0,13481.55,2.66,12.89,5392.62,0.0,6.273017568454666,42.72672652625255,11.22916205530166,1.2741487440242405,0.20101546187196576,29.325077606061623,31.162588871457658,33.23931595402606,Poor
2021,Central,LDPE,Films,Flexible,2755.34,1404.46,26.91,124.65,137.51,903.81,723.57,838.89,371983.52,62325.0,6888.35,2.95,16.97,2755.3399999999997,4.547473508864641e-13,10.491264235992654,50.97229380040213,8.875297267277103,4.990672657457881,0.9766489797992263,30.44597037026283,32.80212242409285,26.26064296965166,Poor
2021,Central,LDPE,Pouches,Flexible,2893.02,1387.76,18.8,93.08,122.27,959.11,1015.95,683.81,338985.64,46540.0,7232.55,2.71,18.42,2893.02,0.0,8.093618433332642,47.96925012616573,6.7072116216060405,4.226379354446219,0.6498399596269643,23.636545893218848,33.15255338711796,35.11728228633055,Poor
2021,Central,PP,Bottles,Rigid,4260.64,1946.5,369.46,804.6,81.86,1989.16,763.52,252.04,490128.13,482760.0,7243.09,0.42,57.97,4260.64,0.0,29.477261632055274,45.68562469488152,41.33573079886977,1.9213075969807352,8.67146719741635,5.915543204776746,46.686882721844604,17.920312441323365,Fair
2021,Central,PP,Containers,Rigid,2353.16,1037.27,52.53,540.45,51.95,1122.29,422.69,163.25,284576.5,324270.0,4000.37,1.0,55.84,2353.16,0.0,27.406976151217943,44.07987557157185,52.10311683553945,2.2076696867191354,2.2323173944823136,6.937479814377263,47.6928895612708,17.962654473134,Fair
2021,Central,PP,Sachets,Flexible,5647.2,2597.89,61.05,165.16,282.54,2042.85,1791.13,1304.47,722864.13,99096.0,9600.24,1.93,20.9,5647.2,0.0,9.008889361099307,46.00315200453322,6.357467021313451,5.003187420314493,1.0810667233319167,23.099412098030882,36.17456438589035,31.71713415497946,Poor
2021,Central,PP,Films,Flexible,2819.33,1204.35,15.0,107.89,62.35,1063.47,827.89,742.73,191871.47,64734.0,4792.86,2.55,17.41,2819.33,0.0,6.570355368119377,42.7175960245874,8.958359280939927,2.2115183394636317,0.5320413005926939,26.344202345947444,37.720664129420825,29.36477815651236,Poor
2021,Central,PP,Pouches,Flexible,2725.38,1457.25,2.45,95.86,53.03,1181.41,1000.97,391.66,229508.71,57516.0,4633.15,1.17,25.61,2725.38,0.0,5.552987106385165,53.469607907888076,6.578143763938926,1.9457837072261484,0.08989572096368213,14.370840029647242,43.34845049130763,36.72772237265996,Poor
2021,Central,Multilayer Laminate,Bottles,Rigid,3664.2,1924.59,379.07,312.17,62.69,1880.0,707.84,322.43,253359.13,93651.0,11359.02,0.42,52.08,3664.2000000000003,-4.547473508864641e-13,20.575569019158348,52.524152611757,16.220078042596086,1.7108782271710061,10.34523224714808,8.799465094700071,51.30724305441843,19.31772283172316,Fair
2021,Central,Multilayer Laminate,Containers,Rigid,2465.94,1131.7,59.83,212.58,26.65,1393.62,489.69,283.57,288946.79,63774.0,7644.41,1.05,45.98,2465.94,0.0,12.127626787350868,45.893249632999996,18.784130069806487,1.0807237807894756,2.426255302237686,11.499468762419198,56.514757050049866,19.85814740018005,Poor
2021,Central,Multilayer Laminate,Sachets,Flexible,5320.53,2562.53,21.16,107.58,132.48,1632.71,1475.54,1951.06,337310.47,32274.0,16493.64,3.59,6.18,5320.530000000001,-9.094947017729282e-13,4.90966125555161,48.163058943375944,4.198194752841918,2.489977502241318,0.3977047399413217,36.67040689555364,30.686980432400535,27.732951416494224,Poor
2021,Central,Multilayer Laminate,Films,Flexible,2591.53,1349.79,6.06,50.38,133.94,811.97,773.85,815.33,266738.05,15114.0,8033.74,3.52,11.66,2591.53,0.0,7.34623948015265,52.08467584785821,3.7324324524555674,5.1683754384475575,0.23383869760334625,31.461337511045596,31.331684371780376,29.860738637021374,Poor
2021,Central,Multilayer Laminate,Pouches,Flexible,2227.59,961.58,14.47,17.76,69.08,902.06,783.07,441.15,232593.06,5328.0,6905.53,1.64,19.62,2227.59,0.0,4.547964392011097,43.16683052087682,1.846960211318871,3.1011092705569694,0.6495809372460821,19.80391364658667,40.49488460623364,35.15323735516859,Poor
2021,Eastern,PET,Bottles,Rigid,5751.64,3156.9,540.52,1519.54,47.64,2405.05,988.29,250.6,872347.31,1367586.0,12653.61,0.0,62.63,5751.64,0.0,36.64520032547238,54.88695398182084,48.13392885425575,0.828285497701525,9.397667447893122,4.357018172208274,41.815030147923025,17.18275135439631,Fair
2021,Eastern,PET,Containers,Rigid,3085.39,1489.34,178.3,640.69,58.81,1392.22,631.29,184.08,280556.0,576621.0,6787.86,0.33,56.67,3085.39,0.0,28.450212128774645,48.27072104336891,43.018383982166604,1.9060799445126873,5.778848054865026,5.966182557148367,45.12298283199207,20.460622482084922,Fair
2021,Eastern,PET,Sachets,Flexible,6683.3,3064.19,61.81,398.14,235.89,2104.55,1645.68,2237.23,887783.84,358326.0,14703.26,3.21,15.03,6683.300000000001,-9.094947017729282e-13,10.411623000613467,45.84845809704787,12.993319604854788,3.5295437882483203,0.9248425179177951,33.47493004952643,31.489683240315415,24.623763709544686,Poor
2021,Eastern,PET,Films,Flexible,3518.53,1630.15,2.65,324.05,57.43,1117.41,925.39,1091.6,442858.42,291645.0,7740.77,3.18,17.78,3518.5299999999997,4.547473508864641e-13,10.917343322353368,46.3304277638673,19.878538784774406,1.6322157264539454,0.07531554370717317,31.02431981537744,31.757864790125424,26.30047207214376,Poor
2021,Eastern,PET,Pouches,Flexible,3651.1,1702.55,15.93,157.46,102.46,1396.48,1284.91,693.86,537379.5,141714.0,8032.42,1.6,23.04,3651.1,0.0,7.555257319711868,46.63115225548465,9.248480220845204,2.8062775601873406,0.4363068664238175,19.004135739914,38.24819917285202,35.19240776752212,Poor
2021,Eastern,HDPE,Bottles,Rigid,5546.38,2940.99,525.83,1517.15,89.94,2448.36,790.55,174.55,954880.86,1213720.0,10538.12,0.81,64.64,5546.380000000001,-9.094947017729282e-13,38.456074051904125,53.02539674526447,51.58637057589451,1.6215982316393756,9.48059815591431,3.1470977466383476,44.14338721832979,14.253440983127733,Fair
2021,Eastern,HDPE,Containers,Rigid,2935.7,1331.78,168.52,553.22,65.82,1307.17,692.2,148.77,366216.79,442576.0,5577.83,0.85,55.65,2935.7000000000003,-4.547473508864641e-13,26.826991858841158,45.364989610655044,41.5398939764826,2.2420547058623153,5.740368566270396,5.067615900807304,44.526688694348884,23.57870354600266,Fair
2021,Eastern,HDPE,Sachets,Flexible,5908.45,3121.06,55.64,321.25,250.89,1936.84,1567.92,1775.91,926248.54,257000.0,11226.05,2.73,17.62,5908.45,0.0,10.625121647809493,52.823667797815,10.292977385888127,4.246291328521017,0.9417021384627102,30.057121580109847,32.78084776887339,26.53690900320727,Poor
2021,Eastern,HDPE,Films,Flexible,3179.59,1454.13,18.19,231.43,59.85,1139.69,1130.6,599.83,458592.87,185144.0,6041.22,1.43,25.23,3179.59,0.0,9.733015891986074,45.73325491651439,15.915358324221355,1.8823181605175507,0.5720863381756768,18.865010897631457,35.843929563245574,35.55804364713689,Poor
2021,Eastern,HDPE,Pouches,Flexible,3205.18,1521.21,14.56,164.63,80.36,1252.59,1073.0,620.04,273020.79,131704.0,6089.84,1.46,23.96,3205.18,0.0,8.097829139081112,47.460985030481915,10.822305927518224,2.5071914837856224,0.45426465908310926,19.344935385844163,39.08017646434834,33.47705901072639,Poor
2021,Eastern,LDPE,Bottles,Rigid,4946.13,2414.82,352.03,1025.6,58.74,2407.62,763.56,338.58,784305.51,512800.0,12365.33,0.76,57.82,4946.129999999999,9.094947017729282e-13,29.040279976466447,48.82241267415131,42.47107444861314,1.1875951501476913,7.117281591870815,6.84535182051422,48.676844320711346,15.437523882307985,Fair
2021,Eastern,LDPE,Containers,Rigid,2928.67,1464.47,83.39,549.36,69.93,1472.07,552.05,201.87,223997.62,274680.0,7321.68,0.9,54.09,2928.67,0.0,23.99314364540901,50.00460960094514,37.512547201376606,2.3877732895819603,2.8473675764084034,6.8928899466310645,50.264113061560366,18.84985334639956,Fair
2021,Eastern,LDPE,Sachets,Flexible,5544.38,2794.78,58.51,325.68,244.19,1646.41,1541.84,1727.75,525529.15,162840.0,13860.95,2.62,16.57,5544.38,0.0,11.333638747704883,50.407439605510454,11.653153378799045,4.404279648941811,1.0553028472074424,31.16218585306202,29.69511469271587,27.80906070651723,Poor
2021,Eastern,LDPE,Films,Flexible,2759.81,1255.33,16.62,164.3,89.62,1129.82,855.53,503.92,342658.49,82150.0,6899.52,1.88,27.25,2759.81,0.0,9.802848746834023,45.48610230414412,13.088191949527218,3.247324997010664,0.6022153698986524,18.25922799033267,40.93832546443414,30.999597798399165,Poor
2021,Eastern,LDPE,Pouches,Flexible,2800.75,1236.62,2.34,113.52,126.26,1012.2,946.51,599.92,355721.18,56760.0,7001.88,2.42,21.46,2800.75,0.0,8.64482727840757,44.15317325716326,9.179861234655757,4.50807819334107,0.0835490493617781,21.419976791930733,36.14031955726145,33.79487637240025,Poor
2021,Eastern,PP,Bottles,Rigid,4189.65,1759.67,291.15,775.56,36.66,1989.9,939.28,157.1,598737.01,465336.0,7122.4,0.44,56.76,4189.650000000001,-9.094947017729282e-13,26.33561276001576,42.00040576181782,44.07417299834628,0.8750134259425012,6.94926783860227,3.749716563436087,47.49561419211629,22.419056484431877,Fair
2021,Eastern,PP,Containers,Rigid,2729.47,1183.52,124.14,473.65,49.58,1380.51,503.83,197.76,227746.22,284190.0,4640.1,0.32,54.1,2729.4700000000003,-4.547473508864641e-13,23.71779136608939,43.36079898295274,40.02044747870758,1.8164698641128134,4.548135718656003,7.24536265282271,50.577951030786195,18.45889495030171,Fair
2021,Eastern,PP,Sachets,Flexible,5091.46,2942.73,39.21,254.67,287.73,1407.54,1301.37,1800.94,574410.41,152802.0,8655.48,3.34,12.85,5091.46,0.0,11.423245984452397,57.797370498835306,8.654208846887073,5.651227742140762,0.7701130913333307,35.37177941101374,27.645115546424798,25.55985905810907,Poor
2021,Eastern,PP,Films,Flexible,2668.64,1407.98,19.21,139.09,52.47,873.53,859.61,724.73,393512.23,83454.0,4536.69,2.92,16.7,2668.64,0.0,7.898030457461479,52.7602074464896,9.878691458685493,1.9661700341747106,0.7198423166856527,27.15727861382577,32.73315246717429,32.21153846153847,Poor
2021,Eastern,PP,Pouches,Flexible,2859.57,1600.38,16.0,136.18,124.15,1110.8,1022.27,450.17,355120.73,81708.0,4861.27,1.69,27.36,2859.57,0.0,9.663340991827443,55.9657570893526,8.5092290580987,4.34156184321419,0.5595246837811279,15.742576681109396,38.8450011715048,35.74908115555835,Poor
2021,Eastern,Multilayer Laminate,Bottles,Rigid,4550.14,2053.93,195.26,483.15,54.64,2467.81,1030.57,318.71,287113.53,144945.0,14105.43,0.26,49.84,4550.139999999999,9.094947017729282e-13,16.110493303502746,45.13992976040297,23.52319699308156,1.2008421718892164,4.291296531535293,7.0043998646195496,54.235913620240254,22.649193211637442,Poor
2021,Eastern,Multilayer Laminate,Containers,Rigid,2350.18,1207.27,126.08,187.98,78.07,1169.05,527.0,262.0,336274.67,56394.0,7285.56,0.87,47.56,2350.18,0.0,16.6851049706831,51.36925682288166,15.570667704821622,3.3218732182215827,5.364695470134203,11.148082274549184,49.74299840863253,22.42381434613519,Poor
2021,Eastern,Multilayer Laminate,Sachets,Flexible,4906.81,2542.62,68.49,113.43,194.71,1500.63,1400.8,1628.75,577738.61,34029.0,15211.11,3.01,11.33,4906.81,0.0,7.67565893115894,51.81818737631985,4.461146376572198,3.968158538847031,1.3958152037678246,33.19366350031894,30.582598470289252,28.548079098232858,Poor
2021,Eastern,Multilayer Laminate,Films,Flexible,2654.45,1351.21,9.69,88.91,39.94,915.39,978.17,622.35,380344.96,26673.0,8228.8,2.18,16.38,2654.45,0.0,5.219160278023696,50.903577012187085,6.580028270957142,1.5046431464145116,0.36504737327883363,23.445534856561626,34.48510990977415,36.85019495564053,Poor
2021,Eastern,Multilayer Laminate,Pouches,Flexible,2641.14,1276.59,19.31,35.99,81.95,1009.95,814.1,679.84,324821.84,10797.0,8187.53,3.04,15.97,2641.1400000000003,-4.547473508864641e-13,5.196619641518435,48.334809968422725,2.8192293531987564,3.1028268096352334,0.73112368144059,25.740399978797036,38.239169449555874,30.82381093012866,Poor
2021,Northern,PET,Bottles,Rigid,3292.54,1018.4,122.94,583.11,13.92,1688.37,637.06,247.14,205296.78,524799.0,7243.59,0.65,53.1,3292.5399999999995,4.547473508864641e-13,21.866704732516535,30.930527799206693,57.25746268656716,0.42277390707478113,3.7338954120527013,7.506059151900963,51.2786480953914,19.348588020191094,Fair
2021,Northern,PET,Containers,Rigid,1869.13,808.38,73.95,387.38,31.02,928.19,311.21,137.38,248299.07,348642.0,4112.09,1.18,55.65,1869.13,0.0,26.34113197048894,43.24899819702214,47.92053242287043,1.6595956407526493,3.956386126165649,7.34994355662795,49.65893223050296,16.649992242380144,Fair
2021,Northern,PET,Sachets,Flexible,4170.5,1848.3,8.4,179.83,139.72,1388.27,1158.34,1295.94,275710.03,161847.0,9175.1,3.0,13.96,4170.5,0.0,7.863565519721857,44.31842704711666,9.729481144835797,3.350197818007433,0.20141469847740082,31.07397194580986,33.287855173240615,27.77460736122767,Poor
2021,Northern,PET,Films,Flexible,1888.38,774.53,3.23,67.12,56.13,697.73,554.48,509.69,154488.22,60408.0,4154.44,3.0,16.55,1888.38,0.0,6.697804467321196,41.01557949141592,8.665900610692939,2.9723890318685857,0.17104608182675096,26.99085989048814,36.94860144674271,29.36273419544795,Poor
2021,Northern,PET,Pouches,Flexible,2041.31,636.67,7.21,71.48,36.64,847.79,715.1,363.09,139772.9,64332.0,4490.88,1.87,23.05,2041.31,0.0,5.649803312578687,31.189285311883054,11.2271663499144,1.7949258074471786,0.3532045598169803,17.787107298744434,41.53166349060162,35.031425898075256,Poor
2021,Northern,HDPE,Bottles,Rigid,2782.72,1227.0,209.35,645.15,38.95,1238.99,545.21,105.07,381094.14,516120.0,5287.17,0.66,60.02,2782.7200000000003,-4.547473508864641e-13,32.10707509199632,44.093548758049685,52.57946210268949,1.3997096366145356,7.523214696412143,3.775802092916283,44.52442214811408,19.59270066697332,Fair
2021,Northern,HDPE,Containers,Rigid,1741.24,768.12,47.96,427.61,34.34,856.85,280.97,93.51,163799.48,342088.0,3308.36,0.55,58.08,1741.24,0.0,29.284303140290824,44.1133904573752,55.66968702806854,1.97215777262181,2.7543589625783924,5.370310812983851,49.20918425949324,16.13620178723209,Fair
2021,Northern,HDPE,Sachets,Flexible,3703.79,1631.11,32.9,148.99,149.08,951.85,1096.87,1324.1,228046.13,119192.0,7037.2,3.89,9.31,3703.79,0.0,8.935981791624256,44.0389438926073,9.13427052743224,4.025066215957169,0.8882793030922379,35.749867028098244,25.699351205116923,29.614799975160576,Poor
2021,Northern,HDPE,Films,Flexible,1742.43,557.28,4.9,82.53,30.2,661.37,625.17,338.26,115992.0,66024.0,3310.62,1.66,22.03,1742.43,0.0,6.750916823057454,31.98292040426301,14.809431524547806,1.733211664170153,0.28121646206734274,19.41311846099987,37.95676153417928,35.879203181763394,Poor
2021,Northern,HDPE,Pouches,Flexible,1801.57,553.54,9.08,55.78,40.52,756.08,607.82,332.29,171577.71,44624.0,3422.98,1.98,22.94,1801.5700000000002,-2.2737367544323206e-13,5.84934251791493,30.72542282564652,10.076959208006649,2.2491493530642717,0.5040048402226947,18.444467880792867,41.967839162508255,33.738350438783954,Poor
2021,Northern,LDPE,Bottles,Rigid,3031.93,1181.8,153.28,648.33,29.92,1368.88,628.3,203.22,297186.96,324165.0,7579.82,0.36,55.84,3031.93,0.0,27.425765106714206,38.978472458137226,54.859536300558474,0.9868301708812539,5.055525688257974,6.70266134112595,45.14879960948967,20.72277394267018,Fair
2021,Northern,LDPE,Containers,Rigid,1569.64,613.19,77.49,252.57,14.27,750.06,328.23,147.02,96623.02,126285.0,3924.1,0.62,51.77,1569.6399999999999,2.2737367544323206e-13,21.936877245737875,39.06564562574858,41.18951711541284,0.9091256593868656,4.936800795086771,9.36647893784562,47.78547947300017,20.911164343416324,Fair
2021,Northern,LDPE,Sachets,Flexible,3237.53,1159.06,1.78,88.31,81.3,1045.41,1031.92,988.81,177828.94,44155.0,8093.83,3.06,10.93,3237.53,0.0,5.293850558913739,35.800749336685676,7.6191051369212985,2.5111736416342083,0.05498018551179448,30.54211080669522,32.29035715499162,31.87368147939942,Poor
2021,Northern,LDPE,Films,Flexible,1570.48,487.91,5.6,60.64,45.97,635.53,409.06,413.68,69547.55,30320.0,3926.2,2.18,18.95,1570.48,0.0,7.144949314859151,31.06757169782487,12.428521653583651,2.927130558810045,0.35657888034231566,26.340991289287352,40.46724568284855,26.04681371300494,Poor
2021,Northern,LDPE,Pouches,Flexible,1612.91,614.83,7.94,27.44,66.72,627.91,490.88,392.02,97803.48,13720.0,4032.28,2.06,18.14,1612.9099999999999,2.2737367544323206e-13,6.330173413271664,38.119299898940426,4.463022298846835,4.13662262618497,0.49227793243268375,24.30513791842074,38.93025649292273,30.434432175384863,Poor
2021,Northern,PP,Bottles,Rigid,2496.57,943.16,103.28,443.78,47.16,1288.14,427.96,186.25,196075.49,266268.0,4244.17,0.8,54.27,2496.57,0.0,23.801455597079187,37.77823173393896,47.052461936468895,1.8889916966077458,4.136875793588803,7.460235443027834,51.59639024741946,17.14191871247351,Fair
2021,Northern,PP,Containers,Rigid,1482.87,445.79,52.18,193.5,13.4,816.92,279.51,127.36,87881.02,116100.0,2520.88,0.54,50.44,1482.87,0.0,17.47152481336867,30.062648782428674,43.406088068373,0.9036530511777836,3.5188519560042355,8.588750193880786,55.090466460310076,18.849258532440473,Poor
2021,Northern,PP,Sachets,Flexible,2979.78,1321.56,23.76,135.54,67.86,1055.4,846.74,850.48,213005.44,81324.0,5065.63,3.15,16.5,2979.78,0.0,7.623381591929604,44.35092523609125,10.256061018795968,2.2773493345146285,0.797374302800878,28.541704421131758,35.41872218754405,28.416191799394586,Poor
2021,Northern,PP,Films,Flexible,1677.52,640.88,6.09,102.89,19.44,593.01,581.06,375.03,223204.64,61734.0,2851.78,1.98,20.56,1677.52,0.0,7.655348371405409,38.204015451380606,16.05448757957808,1.1588535457103344,0.3630359101530831,22.35621631932853,35.35039820687682,34.63803710238924,Poor
2021,Northern,PP,Pouches,Flexible,1741.28,739.34,3.32,48.77,45.96,583.05,604.73,455.45,145549.67,29262.0,2960.18,2.85,14.44,1741.28,0.0,5.630915188826611,42.45956997151521,6.596423837476668,2.639437655058348,0.19066433887714784,26.156046126987043,33.48398878985574,34.72904989433061,Poor
2021,Northern,Multilayer Laminate,Bottles,Rigid,2490.76,963.31,173.31,196.55,64.08,1445.74,499.65,111.43,207726.5,58965.0,7721.36,0.5,52.38,2490.7599999999998,4.547473508864641e-13,17.421991681253914,38.675344071688954,20.403608391898768,2.5727087314715185,6.958117201175544,4.473734924280139,58.044131108577304,20.06014228588864,Poor
2021,Northern,Multilayer Laminate,Containers,Rigid,1489.21,562.83,84.23,79.91,36.2,842.67,322.94,123.26,190423.86,23973.0,4616.55,1.21,47.99,1489.21,0.0,13.45277026074227,37.79386386070467,14.197892791784374,2.430819024852103,5.656018963074382,8.27687162992459,56.585035018566884,21.685323090766246,Poor
2021,Northern,Multilayer Laminate,Sachets,Flexible,3284.78,1473.98,9.21,43.86,128.21,1145.09,957.31,1001.1,378178.38,13158.0,10182.82,3.12,11.83,3284.7799999999997,4.547473508864641e-13,5.518786646289858,44.87302041537028,2.9756170368661716,3.903153331425545,0.28038407442812,30.476926917480014,34.860477718446894,29.143808717783227,Poor
2021,Northern,Multilayer Laminate,Films,Flexible,1415.92,524.97,5.81,26.97,24.07,481.53,454.41,423.13,157201.69,8091.0,4389.35,3.05,10.75,1415.92,0.0,4.0150573478727605,37.0762472456071,5.137436424938568,1.6999547997061981,0.4103339171704616,29.883750494378212,34.00827730380247,32.09291485394655,Poor
2021,Northern,Multilayer Laminate,Pouches,Flexible,1446.2,584.62,6.63,21.39,53.52,599.31,452.41,312.94,105293.92,6417.0,4483.22,2.08,20.03,1446.2,0.0,5.638224311990043,40.42456091826857,3.658786904313913,3.700732955331213,0.45844281565481954,21.63877748582492,41.44032637256257,31.282671829622462,Poor
2022,Greater Accra,PET,Bottles,Rigid,14278.04,10380.94,1189.47,5067.19,307.93,5415.51,1758.04,539.9,2642057.16,4560471.0,31411.69,0.82,68.04,14278.039999999999,1.8189894035458565e-12,45.976828752405794,72.70563746844805,48.81243895061525,2.1566685623516952,8.330765287112236,3.7813313311911156,37.92894542948472,12.312894486918372,Good
2022,Greater Accra,PET,Containers,Rigid,7853.01,5660.04,334.75,3062.77,179.98,2607.77,1254.46,413.28,934742.53,2756493.0,17276.62,0.05,65.86,7853.01,0.0,45.55578052237295,72.07478406369022,54.11216175150706,2.2918600638481292,4.262696723931334,5.262695450534253,33.207267022453806,15.974257004638986,Good
2022,Greater Accra,PET,Sachets,Flexible,18015.19,13269.4,354.56,1416.69,1183.33,5405.14,4919.64,4735.83,3338425.54,1275021.0,39633.42,2.31,25.35,18015.190000000002,-3.637978807091713e-12,16.400493139400695,73.65673079218149,10.67636818544923,6.568512460873296,1.9681169057889483,26.28798253029804,30.003236157931173,27.308288172370098,Poor
2022,Greater Accra,PET,Films,Flexible,8011.58,5446.25,26.89,632.82,382.74,2598.26,2362.37,2008.5,755733.81,569538.0,17625.48,2.09,23.19,8011.58,0.0,13.01179043334773,67.97972434900481,11.619371126922196,4.777334807865614,0.3356391623125526,25.069961231117954,32.43130568502093,29.48694265051338,Poor
2022,Greater Accra,PET,Pouches,Flexible,7848.67,5711.57,24.44,397.13,349.29,2576.64,2692.49,1808.68,1564065.48,357417.0,17267.07,2.6,20.68,7848.67,0.0,9.821536642513955,72.771182888311,6.953079451009092,4.450308141379368,0.3113903374711894,23.044413894328596,32.82900160154523,34.30504786161222,Poor
2022,Greater Accra,HDPE,Bottles,Rigid,13690.54,8940.21,880.2,5568.44,177.57,4483.11,1948.81,632.41,2988714.82,4454752.0,26012.03,0.96,68.3,13690.539999999999,1.8189894035458565e-12,48.39991702299543,65.30209911369455,62.285337816449506,1.2970269982045997,6.429256990593505,4.619321078642624,32.74604215757741,14.23471974078451,Good
2022,Greater Accra,HDPE,Containers,Rigid,7892.88,5470.42,754.78,2060.04,134.9,3064.93,1182.4,695.83,830239.17,1648032.0,14996.47,1.24,60.84,7892.879999999999,9.094947017729282e-13,37.37190987320218,69.30828797599861,37.657803239970605,1.7091353219610588,9.562795836247352,8.815920171090907,38.83157985424838,14.98059010145853,Fair
2022,Greater Accra,HDPE,Sachets,Flexible,15120.18,11358.79,81.47,1347.8,977.07,4981.54,3957.69,3774.61,3914341.66,1078240.0,28728.34,2.64,26.54,15120.18,0.0,15.914757628546749,75.12337816084201,11.86570048394239,6.462026245719297,0.5388163368425508,24.964054660724937,32.94630090382522,26.174886806903093,Poor
2022,Greater Accra,HDPE,Films,Flexible,8217.03,5715.01,89.37,918.71,434.21,2500.27,1938.23,2336.24,1568730.45,734968.0,15612.36,3.07,25.99,8217.029999999999,1.8189894035458565e-12,17.552448999212608,69.55079876792466,16.075387444641393,5.284269377135047,1.0876192492908021,28.431683953934687,30.4279039993769,23.58796304747579,Poor
2022,Greater Accra,HDPE,Pouches,Flexible,7673.49,5225.82,52.72,353.12,330.03,3073.13,2241.93,1622.56,1114274.6,282496.0,14579.63,1.88,24.54,7673.49,0.0,9.589769453012906,68.10225855510335,6.757217049190367,4.3009113193605515,0.6870407076832054,21.1450070306992,40.048661039500935,29.21656247678696,Poor
2022,Greater Accra,LDPE,Bottles,Rigid,11182.74,8582.84,1623.1,3691.72,319.01,3663.09,1259.96,625.86,2917711.85,1845860.0,27956.85,0.44,69.71,11182.740000000002,-1.8189894035458565e-12,50.37969227577499,76.75077843176182,43.012802289218946,2.8526997855623937,14.514331907922386,5.596660567982445,32.75664103788517,11.267006118357397,Good
2022,Greater Accra,LDPE,Containers,Rigid,6910.44,4556.5,449.35,1647.1,128.83,2933.4,1337.01,414.75,863763.19,823550.0,17276.1,0.96,58.72,6910.4400000000005,-9.094947017729282e-13,32.201712191987774,65.9364671424685,36.14835948644793,1.8642807115031752,6.502480305161466,6.001788598121104,42.44881657318492,19.3476826367062,Fair
2022,Greater Accra,LDPE,Sachets,Flexible,15300.25,11700.07,51.49,1178.57,1204.6,4383.79,3948.21,4533.59,3141664.89,589285.0,38250.62,2.97,21.48,15300.25,0.0,15.912550448522081,76.46979624515939,10.073187596313527,7.873073969379584,0.336530448848875,29.630823025767555,28.651754056306267,25.804872469404096,Poor
2022,Greater Accra,LDPE,Films,Flexible,6597.29,4597.06,73.77,705.02,161.73,1906.33,1810.97,1939.47,1346569.82,352510.0,16493.22,3.25,21.66,6597.29,0.0,14.256156694642799,69.68103569799115,15.336323650333036,2.451461130251967,1.1181864068428096,29.397980079699394,28.89565260887425,27.45021061678356,Poor
2022,Greater Accra,LDPE,Pouches,Flexible,7776.53,5419.76,93.06,268.12,472.74,2992.24,2239.32,1711.05,1738658.6,134060.0,19441.33,1.87,24.27,7776.53,0.0,10.72354893506487,69.693809449716,4.9470825276395995,6.079060969352655,1.1966776955788765,22.002744154526503,38.47783008616953,28.79587682423909,Poor
2022,Greater Accra,PP,Bottles,Rigid,10200.14,7727.83,1059.15,4080.21,166.97,3274.33,1317.14,302.34,1263616.37,2448126.0,17340.24,0.52,71.47,10200.14,0.0,52.02212910803187,75.76199934510703,52.79890991390857,1.6369383165329106,10.383681008299888,2.9640769636495183,32.10083391012281,12.912960018195829,Good
2022,Greater Accra,PP,Containers,Rigid,6734.94,4988.21,479.32,2359.87,224.92,2134.96,1081.25,454.62,1368430.54,1415922.0,11449.4,0.87,65.03,6734.94,0.0,45.49572824702225,74.06465387961883,47.308954514745764,3.3395991649517294,7.116915666657758,6.750171493732685,31.69976272988327,16.054337529361806,Good
2022,Greater Accra,PP,Sachets,Flexible,13071.7,10220.66,222.41,520.61,632.16,3378.97,3838.29,4479.26,2823021.83,312366.0,22221.89,3.56,12.09,13071.699999999999,1.8189894035458565e-12,10.520284278249958,78.18921792880803,5.093702363643835,4.836096299639679,1.701461936855956,34.266851289426775,25.8495069501289,29.363357482194356,Poor
2022,Greater Accra,PP,Films,Flexible,6411.63,4406.83,83.03,425.56,389.03,2270.31,1815.75,1427.95,1080463.0,255336.0,10899.77,2.7,27.0,6411.63,0.0,13.999872107404826,68.7318201455792,9.65682815084766,6.067567841562909,1.2949905094336385,22.271247717039195,35.409248506230085,28.319631669325894,Poor
2022,Greater Accra,PP,Pouches,Flexible,6544.12,4604.3,31.69,335.96,295.12,2328.51,1997.88,1554.96,699050.0,201576.0,11125.0,2.86,21.75,6544.12,0.0,10.127717706888015,70.35781739943644,7.29665747236279,4.509697254940313,0.4842515112803555,23.761177973509042,35.58171304927172,30.52939127033123,Poor
2022,Greater Accra,Multilayer Laminate,Bottles,Rigid,9974.94,6593.48,1052.17,1297.64,285.87,5006.39,1749.0,583.87,2035132.09,389292.0,30922.31,0.73,56.64,9974.94,0.0,26.4230160782922,66.1004477219913,19.680654222049665,2.865881900041504,10.548133622858884,5.853368541565162,50.189675326367876,17.533940053774757,Fair
2022,Greater Accra,Multilayer Laminate,Containers,Rigid,6197.9,4454.46,337.05,865.27,247.68,2900.53,1425.39,421.98,980472.64,259581.0,19213.49,1.1,52.84,6197.9000000000015,-1.8189894035458565e-12,23.395020894173836,71.87047225673211,19.4248012104722,3.996192258668259,5.438132270607787,6.808435115119638,46.79859307184692,22.997950918859615,Fair
2022,Greater Accra,Multilayer Laminate,Sachets,Flexible,12209.44,8036.37,49.24,256.82,384.72,4659.14,3979.46,2880.06,2336391.45,77046.0,37849.26,2.03,17.75,12209.44,0.0,5.6577533449527575,65.82095493323199,3.195721451351792,3.15100446867342,0.40329449999344774,23.588796865376295,38.16014493703233,32.59330485263861,Poor
2022,Greater Accra,Multilayer Laminate,Films,Flexible,5821.66,3843.11,55.65,253.8,242.93,2275.58,1845.68,1148.02,792486.69,76140.0,18047.15,2.09,24.97,5821.66,0.0,9.488358990391058,66.01398913711897,6.604026426513943,4.1728647842711535,0.9559129183085238,19.719805004071002,39.08816385704421,31.703672148493727,Poor
2022,Greater Accra,Multilayer Laminate,Pouches,Flexible,6575.58,4383.22,3.12,183.36,213.81,2898.63,2307.15,969.51,920986.87,55008.0,20384.3,1.78,25.89,6575.58,0.0,6.087523838201346,66.6590627746906,4.183226030178727,3.2515762868066393,0.047448285930670756,14.744098619437374,44.081738797185956,35.08663874517533,Poor
2022,Ashanti,PET,Bottles,Rigid,10166.61,6359.33,1024.3,3477.26,199.77,3231.44,1629.26,604.58,1437009.71,3129534.0,22366.54,1.08,66.34,10166.61,0.0,46.242847910955575,62.551135530919346,54.679659649680076,1.964961771918073,10.075138123720688,5.946721670251932,31.784832899068615,16.02559751972388,Good
2022,Ashanti,PET,Containers,Rigid,6278.87,4506.8,565.41,1969.6,154.7,2295.9,757.42,535.84,1273015.78,1772640.0,13813.51,0.7,64.0,6278.87,0.0,42.83748508887745,71.77724654276965,43.70284902813526,2.463819126689993,9.004964269048411,8.534019656403142,36.56549665783812,12.062998596881286,Good
2022,Ashanti,PET,Sachets,Flexible,11357.6,7025.72,49.48,920.07,365.55,3240.49,3032.3,3749.71,1232789.03,828063.0,24986.72,3.04,15.84,11357.6,0.0,11.755124322039869,61.85919560470522,13.09573965372944,3.218549693597239,0.4356554201591885,33.01498556032965,28.53146791575685,26.698422201873633,Poor
2022,Ashanti,PET,Films,Flexible,5755.92,3348.86,37.21,380.72,198.03,2034.2,1787.21,1318.55,781557.29,342648.0,12663.02,2.12,23.28,5755.92,0.0,10.701330108827086,58.18114219794577,11.368644852278088,3.440457824292207,0.6464648570515226,22.9077193567666,35.34100543440493,31.04994510000139,Poor
2022,Ashanti,PET,Pouches,Flexible,5804.57,4133.31,4.98,292.43,217.98,2098.33,2177.16,1013.69,612451.18,263187.0,12770.05,1.88,24.4,5804.57,0.0,8.879038412836781,71.20785863552341,7.074959294125047,3.7553169313144648,0.08579446884093052,17.463653638426276,36.149620040760986,37.507687907975956,Poor
2022,Ashanti,HDPE,Bottles,Rigid,8739.07,4911.28,928.88,2224.67,182.65,3220.4,1706.34,476.13,868319.55,1779736.0,16604.23,0.9,62.08,8739.07,0.0,38.17568688659091,56.19911500880528,45.29715267710251,2.0900393291276993,10.629048628744249,5.448291408582378,36.85060309621047,19.52541860861625,Fair
2022,Ashanti,HDPE,Containers,Rigid,5294.43,3680.53,188.9,1832.19,164.7,1847.71,812.87,448.06,1193537.03,1465752.0,10059.42,0.55,62.02,5294.43,0.0,41.284708646634286,69.51702071799986,49.780602250219395,3.1108164618287515,3.567900604975417,8.46285624703698,34.89912984022831,15.353305266100412,Good
2022,Ashanti,HDPE,Sachets,Flexible,10850.53,6500.82,73.53,545.45,464.72,4116.21,2974.68,2675.94,1244068.1,436360.0,20616.01,2.47,22.08,10850.53,0.0,9.987530563023189,59.912465105391156,8.390479970219143,4.2829244285763,0.6776627501145105,24.661836795068997,37.935566281094104,27.415066360813707,Poor
2022,Ashanti,HDPE,Films,Flexible,6006.16,4058.42,52.4,375.6,287.65,2234.98,1928.03,1127.5,524171.85,300480.0,11411.7,1.65,27.6,6006.16,0.0,11.91526699255431,67.57096048057328,9.254833161673755,4.789249703637599,0.8724376306991488,18.77239367582615,37.2114628980913,32.10087643352825,Poor
2022,Ashanti,HDPE,Pouches,Flexible,6186.71,4405.66,31.04,220.33,191.59,2749.69,1839.64,1154.42,1302351.18,176264.0,11754.75,1.47,25.15,6186.71,0.0,7.1598636431964655,71.2116779354455,5.001066809513217,3.096799429745374,0.5017206237240796,18.65967533632577,44.44510895128428,29.735352069193482,Poor
2022,Ashanti,LDPE,Bottles,Rigid,9784.04,6015.96,1040.93,2615.57,204.07,3648.88,1898.8,375.79,1991636.94,1307785.0,24460.1,0.77,63.6,9784.04,0.0,39.4578313253012,61.487483697940725,43.47718402382995,2.0857437214075163,10.63906116491756,3.840846930306908,37.294205665553285,19.407116078838595,Fair
2022,Ashanti,LDPE,Containers,Rigid,5489.34,3773.4,214.72,1563.73,116.17,2321.61,851.78,421.33,970471.04,781865.0,13723.35,1.08,59.46,5489.34,0.0,34.514531801637354,68.74050432292407,41.44087560290454,2.1162835605008983,3.911581355864275,7.675421817559124,42.293062553968234,15.516983826835284,Fair
2022,Ashanti,LDPE,Sachets,Flexible,10457.51,5986.77,35.33,373.07,317.92,3369.48,2990.64,3371.07,1217562.08,186535.0,26143.78,3.55,11.81,10457.51,0.0,6.94543921067252,57.24852283191697,6.231573953901686,3.040111843067805,0.3378433298175187,32.23587641800008,32.22067203378242,28.598012337544976,Poor
2022,Ashanti,LDPE,Films,Flexible,5038.08,3172.67,50.82,269.65,113.77,1573.85,1498.97,1531.02,399217.63,134825.0,12595.2,3.23,15.0,5038.08,0.0,8.619156504065039,62.97379160315041,8.49915055773213,2.258201537093496,1.0087176067073171,30.38895769817073,31.23908314278455,29.752802654979675,Poor
2022,Ashanti,LDPE,Pouches,Flexible,5158.04,2885.8,35.2,161.99,174.26,2127.24,1891.22,768.13,405872.43,80995.0,12895.1,1.9,26.11,5158.04,0.0,7.201378818310832,55.94760800614187,5.613348118372722,3.378415056882071,0.6824297601414491,14.891896922086683,41.241246675093635,36.66547758450884,Poor
2022,Ashanti,PP,Bottles,Rigid,7570.16,4786.28,453.69,2252.1,235.81,3239.57,1105.17,283.82,1390702.5,1351260.0,12869.27,0.42,63.84,7570.16,0.0,38.857831274372,63.225612140298225,47.053243855353216,3.114993606475953,5.993136208481723,3.749194204613905,42.793943589039074,14.599030931975019,Fair
2022,Ashanti,PP,Containers,Rigid,5427.55,3496.31,361.71,1303.14,82.34,2243.01,912.96,524.39,1030570.38,781884.0,9226.84,0.8,57.33,5427.55,0.0,32.19113596374055,64.41783124982726,37.27186662509904,1.5170749233079384,6.6643328942156215,9.661633702130795,41.32638114803181,16.820849186096858,Fair
2022,Ashanti,PP,Sachets,Flexible,10991.36,7424.09,133.06,855.79,221.79,3893.9,3064.5,2822.32,2161139.18,513474.0,18685.31,2.99,22.63,10991.36,0.0,11.014469546989632,67.54478062769303,11.527204007494522,2.017857662746011,1.2105872248748106,25.677623151275185,35.426917142191684,27.880990159543494,Poor
2022,Ashanti,PP,Films,Flexible,4963.16,3018.41,58.05,335.63,194.27,1831.6,1437.79,1105.82,891336.94,201378.0,8437.37,2.54,25.63,4963.16,0.0,11.84628341621064,60.81629445756332,11.119430428603138,3.9142401212130986,1.1696177435343613,22.280563189580832,36.903907994100535,28.969245400107997,Poor
2022,Ashanti,PP,Pouches,Flexible,4880.58,3044.15,51.66,191.86,284.14,1671.78,1495.71,1185.43,928990.51,115116.0,8296.99,2.77,21.38,4880.58,0.0,10.811419954185771,62.372709800884316,6.302580359049324,5.82184904253183,1.0584807543365746,24.28871158755722,34.25371574689893,30.646152711358077,Poor
2022,Ashanti,Multilayer Laminate,Bottles,Rigid,7709.71,4307.53,552.33,899.98,201.38,3749.17,1686.55,620.3,701595.65,269994.0,23900.1,1.05,51.91,7709.710000000001,-9.094947017729282e-13,21.449444920755774,55.871491923820734,20.89318008232096,2.6120308027150174,7.164082695717479,8.045698216923853,48.629196169505725,21.875660692814645,Fair
2022,Ashanti,Multilayer Laminate,Containers,Rigid,4768.18,2787.91,220.78,538.85,148.94,2502.41,1050.58,306.62,948282.53,161655.0,14781.36,0.57,51.33,4768.179999999999,9.094947017729282e-13,19.0548595061428,58.46905947342591,19.328098826719657,3.123623688703027,4.630278219362524,6.430545826709562,52.48144994526213,22.0331447218855,Poor
2022,Ashanti,Multilayer Laminate,Sachets,Flexible,9402.94,6607.0,104.07,274.78,328.2,3182.27,2756.94,2756.68,794273.62,82434.0,29149.11,2.47,14.89,9402.94,0.0,7.519456680570119,70.26525746202783,4.158922355077947,3.4903976841285806,1.106781496000187,29.317213552357025,33.843351122095854,29.319978644976995,Poor
2022,Ashanti,Multilayer Laminate,Films,Flexible,5176.03,3060.07,40.6,190.96,225.03,2002.17,1664.97,1052.3,881874.34,57288.0,16045.69,2.3,23.52,5176.030000000001,-9.094947017729282e-13,8.821239444129962,59.12002055629508,6.240380122023352,4.347540489525756,0.7843849436730468,20.33025310904303,38.68157642053852,32.166931026288495,Poor
2022,Ashanti,Multilayer Laminate,Pouches,Flexible,5174.26,3350.36,22.89,111.1,116.3,1893.97,1716.96,1313.04,1030642.56,33330.0,16040.21,2.63,15.34,5174.26,0.0,4.837213437283785,64.75051504949501,3.316061557563963,2.247664400320046,0.4423820990827674,25.376382323269414,36.603688256871514,33.18271598257528,Poor
2022,Western,PET,Bottles,Rigid,6165.98,3212.57,586.44,1622.95,108.61,2498.41,1133.43,216.14,519851.85,1460655.0,13565.16,0.28,63.1,6165.9800000000005,-9.094947017729282e-13,37.59337526232652,52.101531305648095,50.5187435604516,1.7614393818987413,9.510896889059,3.505363299913396,40.519268632074706,18.381992805685393,Fair
2022,Western,PET,Containers,Rigid,3527.12,1961.05,203.04,1014.49,35.45,1475.9,618.45,179.79,487794.07,913041.0,7759.66,0.87,61.28,3527.12,0.0,35.52416702578875,55.59918573793917,51.73198031666709,1.0050692916600514,5.756537911950827,5.097359885685772,41.84433758987503,17.534135498650457,Fair
2022,Western,PET,Sachets,Flexible,7812.39,4025.8,115.11,476.81,390.48,2569.33,2012.65,2248.01,1155402.65,429129.0,17187.26,2.5,20.69,7812.39,0.0,12.574897054550526,51.530965555995024,11.8438571215659,4.998214374858398,1.4734287458767419,28.774933151058768,32.887887061449824,25.76228273294088,Poor
2022,Western,PET,Films,Flexible,3630.9,1923.91,21.72,289.27,72.52,1231.56,1181.38,834.45,552845.47,260343.0,7987.98,2.72,22.99,3630.8999999999996,4.547473508864641e-13,10.562394998485223,52.98713817510811,15.035526609872601,1.9973009446693655,0.5981987936875154,22.98190531273238,33.91886309179542,32.53683659698697,Poor
2022,Western,PET,Pouches,Flexible,3978.23,2143.3,8.23,206.39,166.07,1486.27,1289.88,821.39,422062.45,185751.0,8752.11,2.08,23.71,3978.23,0.0,9.569331084426992,53.87571859847219,9.629543227732935,4.174469550528753,0.2068759222066095,20.647121961274234,37.36008224763274,32.42346470666603,Poor
2022,Western,HDPE,Bottles,Rigid,5327.03,3040.54,311.03,1470.23,87.22,2259.76,866.48,332.31,755207.42,1176184.0,10121.36,0.47,60.6,5327.03,0.0,35.07545480314547,57.077583569080716,48.35423970742039,1.637310095869556,5.838713129079431,6.238185255198489,42.42063588904137,16.265724052614686,Fair
2022,Western,HDPE,Containers,Rigid,3696.52,2175.02,218.02,958.53,96.19,1632.13,638.21,153.44,721504.71,766824.0,7023.39,0.0,61.05,3696.52,0.0,34.43076190579247,58.83966541503901,44.069939586762416,2.602177182863883,5.897979721467759,4.150931146050881,44.15314944867064,17.265157499486,Fair
2022,Western,HDPE,Sachets,Flexible,6875.87,3858.05,56.14,211.44,421.96,2366.89,1792.17,2027.27,891998.75,169152.0,13064.15,2.88,17.2,6875.870000000001,-9.094947017729282e-13,10.028403678370882,56.10999044484552,5.480488847993157,6.13682341289175,0.816478496539347,29.48383259136662,34.423134817848506,26.064628912413994,Poor
2022,Western,HDPE,Films,Flexible,3112.76,1450.31,24.29,147.36,60.8,1241.89,844.22,794.2,366443.77,117888.0,5914.24,2.17,20.03,3112.76,0.0,7.467649288734113,46.59241316388028,10.160586357399454,1.9532504915252058,0.7803364216965007,25.514334545548,39.896747580924966,27.12126858479292,Poor
2022,Western,HDPE,Pouches,Flexible,3086.61,1413.39,23.58,76.92,44.72,1357.32,975.41,608.66,306697.01,61536.0,5864.56,1.51,21.86,3086.6099999999997,4.547473508864641e-13,4.704837993786063,45.79101344193144,5.442234627385222,1.4488386935829274,0.7639449104357207,19.719368498125775,43.97445741444497,31.601336093643184,Poor
2022,Western,LDPE,Bottles,Rigid,5300.46,2844.45,422.43,1269.17,67.32,2458.3,879.73,203.51,842859.08,634585.0,13251.15,0.85,61.21,5300.460000000001,-9.094947017729282e-13,33.18428966542527,53.66421027608924,44.6191706656823,1.2700784460216659,7.969685649924724,3.8394780830343027,46.37899352131702,16.597238730223417,Fair
2022,Western,LDPE,Containers,Rigid,3515.07,2037.9,224.33,909.77,50.31,1452.98,605.53,272.15,599730.76,454885.0,8787.68,0.56,59.0,3515.07,0.0,33.69520379395004,57.97608582474887,44.64252416703469,1.4312659491845114,6.38194971935125,7.742377818933903,41.33573442349655,17.2266839636195,Fair
2022,Western,LDPE,Sachets,Flexible,6192.14,3645.29,6.15,304.88,373.94,2042.5,1583.67,1881.0,725242.7,152440.0,15480.35,3.39,17.3,6192.14,0.0,11.061926894417763,58.869631500579764,8.363669282827978,6.038946147858414,0.09931945983133457,30.377220153291105,32.98536531796761,25.575487634323512,Poor
2022,Western,LDPE,Films,Flexible,3251.05,1713.99,3.41,119.12,185.77,1274.98,912.82,754.95,474974.54,59560.0,8127.62,2.75,22.24,3251.05,0.0,9.483090078589994,52.72112086864244,6.949865518468602,5.7141538887436365,0.10488918964642192,23.22172836468218,39.21748358222728,28.07769797450055,Poor
2022,Western,LDPE,Pouches,Flexible,3261.62,1529.43,17.79,133.17,91.78,1149.67,1071.08,798.13,402861.38,66585.0,8154.05,2.08,18.43,3261.62,0.0,7.442313942151446,46.89172865017998,8.707165414566209,2.813939085485127,0.5454344773456135,24.47035522225152,35.248434826865186,32.83889600873186,Poor
2022,Western,PP,Bottles,Rigid,4848.17,2328.43,440.21,1126.83,69.19,2009.28,974.39,228.27,533341.62,676098.0,8241.89,0.2,60.29,4848.170000000001,-9.094947017729282e-13,33.7494353539583,48.02698750250094,48.39441168512689,1.4271364246715772,9.079920877361973,4.708374500069098,41.444091275677216,20.098098870295388,Fair
2022,Western,PP,Containers,Rigid,3094.53,1411.26,116.59,598.34,30.16,1456.7,543.57,349.17,235416.54,359004.0,5260.7,1.4,52.34,3094.53,0.0,24.077646686249608,45.604986863917944,42.39757379929992,0.9746229637457061,3.7676157607132583,11.283458231136876,47.07338432653747,17.565510756076044,Fair
2022,Western,PP,Sachets,Flexible,5957.89,3186.35,2.01,144.65,213.16,2108.8,1403.99,2085.28,776907.05,86790.0,10128.41,3.91,10.05,5957.890000000001,-9.094947017729282e-13,6.039386427074014,53.48118209634618,4.539677059958888,3.577776696112214,0.03373677593913281,35.00031051261437,35.395081144499144,23.565221915812476,Poor
2022,Western,PP,Films,Flexible,2956.25,1698.17,4.54,276.76,138.33,939.46,731.67,865.49,570214.36,166056.0,5025.62,2.7,21.89,2956.25,0.0,14.194672304439745,57.443382663847785,16.2975438265898,4.67923890063425,0.15357293868921776,29.27661733615222,31.77877378435518,24.749936575052853,Poor
2022,Western,PP,Pouches,Flexible,2922.5,1622.34,24.83,156.24,69.8,1182.68,811.05,677.9,339168.55,93744.0,4968.25,2.1,22.91,2922.5000000000005,-4.547473508864641e-13,8.58408896492729,55.5120615911035,9.630533673582605,2.388366124893071,0.8496150556030795,23.19589392643285,40.468092386655265,27.7519247219846,Poor
2022,Western,Multilayer Laminate,Bottles,Rigid,4540.24,2712.53,426.23,554.97,204.12,2235.12,863.47,256.33,867989.92,166491.0,14074.74,0.25,55.86,4540.24,0.0,26.10698993885786,59.74419854457034,20.45949722215054,4.495797578982609,9.38782971825278,5.645736789244622,49.22911564146389,19.018157630433635,Fair
2022,Western,Multilayer Laminate,Containers,Rigid,3088.84,1491.34,123.22,287.9,70.69,1579.32,728.58,299.13,257280.29,86370.0,9575.4,0.53,47.69,3088.84,0.0,15.59841234897243,48.28155553541135,19.304786299569514,2.2885614016912497,3.9891998290620423,9.684218023594617,51.12987399800571,23.58749562942723,Poor
2022,Western,Multilayer Laminate,Sachets,Flexible,5443.12,2836.66,14.3,84.44,180.7,1968.81,1859.49,1335.38,439401.1,25332.0,16873.67,2.55,15.65,5443.12,0.0,5.133820308940461,52.11459604050618,2.976740250858404,3.319787180881553,0.2627169711488999,24.53335586942783,36.170615382354235,34.16220843927748,Poor
2022,Western,Multilayer Laminate,Films,Flexible,2928.41,1501.98,21.06,67.01,106.63,1176.49,1007.47,549.75,193503.39,20103.0,9078.07,1.75,22.57,2928.41,0.0,6.648659169993272,51.28994915329479,4.461444226953755,3.641225101676336,0.71916159280975,18.772986023132006,40.175043795097,34.403311011777724,Poor
2022,Western,Multilayer Laminate,Pouches,Flexible,3106.61,1594.03,16.0,62.8,143.27,1184.38,1049.21,650.95,358791.06,18840.0,9630.49,2.07,20.69,3106.6099999999997,4.547473508864641e-13,7.148306353227472,51.310914469469935,3.939700005646067,4.611779399409646,0.5150308535670715,20.953708383092824,38.12451514673551,33.773470116944196,Poor
2022,Central,PET,Bottles,Rigid,5472.38,2982.48,488.11,1413.42,116.38,2171.36,994.18,288.93,644059.95,1272078.0,12039.24,0.91,61.72,5472.380000000001,-9.094947017729282e-13,36.87444950825784,54.50060120093999,47.390762050374185,2.1266797992829445,8.91951947781404,5.279786856906867,39.67853109615926,18.16723253867604,Fair
2022,Central,PET,Containers,Rigid,3161.08,1656.31,175.19,682.68,93.79,1384.52,590.4,234.5,525559.24,614412.0,6954.38,0.55,56.81,3161.08,0.0,30.105533551824053,52.39696559403748,41.21692195301604,2.9670239285307556,5.542093208650209,7.418350690270414,43.79895478760424,18.67716097030129,Fair
2022,Central,PET,Sachets,Flexible,6306.96,2644.89,23.63,335.53,165.59,2184.72,1954.63,1642.86,889166.01,301977.0,13875.31,2.45,18.37,6306.96,0.0,8.320173268896584,41.936051600136985,12.685971817353462,2.6255121326280806,0.3746654489643188,26.04836561512995,34.639826477415426,30.99163463855804,Poor
2022,Central,PET,Films,Flexible,3688.02,1743.64,6.25,324.78,100.91,1376.86,881.4,997.82,248014.92,292302.0,8113.64,2.93,23.03,3688.02,0.0,11.711975531586052,47.2784854745907,18.62655135234337,2.736156528435312,0.16946762761590228,27.055710110031946,37.333311641476996,23.899002716905006,Poor
2022,Central,PET,Pouches,Flexible,3213.39,1374.19,1.08,70.76,129.85,1322.66,1184.65,504.39,300289.25,63684.0,7069.46,1.1,24.1,3213.39,0.0,6.276549065006115,42.76449481700012,5.149215174029792,4.040903842982022,0.03360936580993904,15.69650742673625,41.16089239090183,36.866051117355816,Poor
2022,Central,HDPE,Bottles,Rigid,5325.77,2138.71,366.63,1226.68,37.61,2408.74,962.86,323.25,693172.26,981344.0,10118.96,1.0,58.48,5325.7699999999995,9.094947017729282e-13,30.623177493583082,40.15776122513739,57.35606978038164,0.7061889642248914,6.884074978829352,6.069544873323482,45.22801397732158,18.07926365577184,Fair
2022,Central,HDPE,Containers,Rigid,2924.7,1439.71,205.43,753.27,36.46,1147.55,587.58,194.41,220055.77,602616.0,5556.93,0.74,59.22,2924.7,0.0,34.02605395425172,49.225903511471266,52.32095352536275,1.2466235853249907,7.023968270249941,6.6471774882893975,39.23650288918522,20.09026566827367,Fair
2022,Central,HDPE,Sachets,Flexible,5784.97,2556.1,31.05,359.53,75.68,1895.33,1632.14,1791.24,565152.37,287624.0,10991.44,3.11,14.83,5784.97,0.0,8.059851650051773,44.18519024299175,14.06556863972458,1.3082176744218208,0.5367357134090583,30.963686933553674,32.76300482111402,28.21345659528053,Poor
2022,Central,HDPE,Films,Flexible,2878.12,1287.87,2.24,142.15,133.78,891.04,820.49,888.42,423975.74,113720.0,5468.43,2.59,14.93,2878.12,0.0,9.664989646018931,44.74691812711075,11.0376047271852,4.648173113004322,0.07782858254694038,30.868066654621767,30.959098300279347,28.507845399079955,Poor
2022,Central,HDPE,Pouches,Flexible,3211.9,1741.67,3.18,101.24,190.69,1188.3,1087.15,641.34,389240.68,80992.0,6102.61,2.19,22.86,3211.9,0.0,9.188019552289923,54.22553628693297,5.812811841508437,5.93698433948753,0.09900681839409696,19.967620411594382,36.996793175379054,33.84756686073664,Poor
2022,Central,LDPE,Bottles,Rigid,4981.97,2736.66,313.35,1354.62,83.36,1952.12,1025.26,253.26,865504.17,677310.0,12454.93,0.51,60.36,4981.97,0.0,35.15336302707563,54.931282203626274,49.49902435815922,1.6732336806524326,6.289680588201054,5.083531213556083,39.18369640925176,20.579409350116517,Fair
2022,Central,LDPE,Containers,Rigid,2914.97,1265.36,132.08,567.37,43.22,1331.7,516.65,323.95,376564.77,283685.0,7287.42,0.78,53.02,2914.97,0.0,25.477792224276758,43.40902307742447,44.83862300056901,1.482691074007623,4.531092944352773,11.113321920980319,45.68486125071614,17.724024604026802,Fair
2022,Central,LDPE,Sachets,Flexible,5580.07,2522.44,32.68,271.26,163.23,1797.4,1428.31,1887.19,772611.04,135630.0,13950.17,3.12,12.72,5580.07,0.0,8.372117195662419,45.204450840222435,10.753873233852936,2.925232120744005,0.585655735501526,33.82018505144201,32.21106545258393,25.596632300311644,Poor
2022,Central,LDPE,Films,Flexible,2698.57,1283.64,6.7,88.02,105.04,900.94,906.54,691.33,322676.05,44010.0,6746.43,2.93,16.52,2698.57,0.0,7.402439069581296,47.56741533478843,6.857062727867626,3.892431917645271,0.24827964440425854,25.618383069551655,33.38583027307055,33.593347587796494,Poor
2022,Central,LDPE,Pouches,Flexible,2650.05,1286.28,22.33,97.57,110.36,991.46,948.32,480.01,271058.12,48785.0,6625.12,2.18,24.25,2650.05,0.0,8.688892662402594,48.53795211411105,7.5854401840967745,4.1644497273636345,0.8426256108375312,18.113243146355728,37.41287900228297,35.78498518895869,Poor
2022,Central,PP,Bottles,Rigid,4250.62,2316.63,451.69,950.37,56.09,1798.3,679.49,314.68,449030.82,570222.0,7226.05,0.77,60.12,4250.62,0.0,34.30440735704438,54.500990443747035,41.023814765413555,1.3195722035844184,10.626449788501443,7.4031553044026515,42.306769365410226,15.985667973142743,Fair
2022,Central,PP,Containers,Rigid,2788.94,1229.98,152.08,421.76,22.6,1422.13,562.59,207.78,286504.83,253056.0,4741.2,0.57,52.79,2788.9400000000005,-4.547473508864641e-13,21.385902887835524,44.10206028096697,34.28998845509683,0.8103437148163819,5.4529677942157235,7.450142347988842,50.99177465273546,20.172180111440188,Fair
2022,Central,PP,Sachets,Flexible,5045.12,2252.24,65.87,169.32,141.24,1834.88,1262.88,1570.93,623183.29,101592.0,8576.7,3.33,15.01,5045.12,0.0,7.461269503995941,44.641951033870356,7.517848897098,2.799536978307751,1.3056181022453381,31.137614169732338,36.369402511734116,25.031713814537614,Poor
2022,Central,PP,Films,Flexible,2745.7,1134.76,15.36,83.44,86.66,864.5,899.67,796.07,144093.39,50064.0,4667.69,3.24,13.22,2745.7000000000003,-4.547473508864641e-13,6.754561678260552,41.328622937684386,7.3530966900489965,3.156207888698693,0.5594201842881596,28.993335032960633,31.48559565866628,32.76650763011254,Poor
2022,Central,PP,Pouches,Flexible,2666.67,1153.7,3.09,114.17,37.87,1071.32,998.49,441.73,283007.51,68502.0,4533.34,1.28,23.54,2666.6699999999996,4.547473508864641e-13,5.817367728290339,43.2636959203801,9.895986824997832,1.4201232248459688,0.11587485515643105,16.564854293932132,40.174449781937774,37.443328195839754,Poor
2022,Central,Multilayer Laminate,Bottles,Rigid,4023.37,1753.44,185.21,347.02,114.02,2242.82,914.04,220.26,604209.13,104106.0,12472.45,1.0,50.36,4023.37,0.0,16.062405396471117,43.58137581181944,19.79081120540195,2.8339426898346414,4.603354899002578,5.474515145263796,55.744810942070956,22.718268516194133,Poor
2022,Central,Multilayer Laminate,Containers,Rigid,2671.27,1165.34,66.2,197.5,48.7,1449.81,660.12,248.94,366288.2,59250.0,8280.94,0.79,45.77,2671.27,0.0,11.694811831076603,43.624942443107585,16.947843547805792,1.8231028686729533,2.478221969325452,9.319162795224743,54.274184189542794,24.71184118415585,Poor
2022,Central,Multilayer Laminate,Sachets,Flexible,5228.73,2336.85,4.27,98.1,69.01,1777.61,1705.0,1574.74,692260.17,29430.0,16209.06,2.82,9.77,5228.73,0.0,3.2776601583941036,44.69249703082775,4.197958790679761,1.3198233605483551,0.08166418996582345,30.117064755686375,33.99697440869963,32.6083006772199,Poor
2022,Central,Multilayer Laminate,Films,Flexible,2677.06,1188.85,10.61,68.97,102.46,821.25,805.24,868.53,309370.68,20691.0,8298.89,3.66,10.62,2677.06,0.0,6.799997011647105,44.40879173421589,5.801404718845944,3.827332969750398,0.3963303026454394,32.44342674426423,30.677310183559577,30.079266060529086,Poor
2022,Central,Multilayer Laminate,Pouches,Flexible,2346.81,1203.37,13.68,28.83,84.39,919.75,870.85,429.31,301973.84,8649.0,7275.11,1.96,20.9,2346.81,0.0,5.407340176665346,51.27683962485246,2.3957718739872194,3.5959451340330064,0.5829189410305905,18.293342878204882,39.19149824655596,37.10781869857381,Poor
2022,Eastern,PET,Bottles,Rigid,5902.05,2527.18,272.79,1461.75,45.91,2785.47,1077.61,258.52,453287.03,1315575.0,12984.51,0.4,58.95,5902.049999999999,9.094947017729282e-13,30.166637015952087,42.81868164451335,57.84115100625995,0.7778653179827347,4.621953389076677,4.380172990740505,47.19495768419447,18.25823230911293,Fair
2022,Eastern,PET,Containers,Rigid,3269.25,1858.37,254.17,948.92,25.92,1233.94,541.42,264.88,271716.28,854028.0,7192.35,0.95,61.01,3269.25,0.0,37.59302592337692,56.84392444750325,51.061952140854615,0.7928423950447352,7.774566031964518,8.10216410491703,37.74382503632332,16.56098493538273,Fair
2022,Eastern,PET,Sachets,Flexible,7527.8,3857.07,74.8,362.48,265.32,2973.99,2109.72,1741.49,848761.2,326232.0,16561.16,2.11,23.12,7527.799999999999,9.094947017729282e-13,9.333404181832673,51.23767900316162,9.397807143764568,3.524535720927761,0.9936502032466324,23.134116209251044,39.506761603655775,28.025718005260497,Poor
2022,Eastern,PET,Films,Flexible,3560.05,1571.22,21.73,271.78,57.12,1213.97,1303.35,692.1,379423.75,244602.0,7832.11,1.91,24.44,3560.0499999999997,4.547473508864641e-13,9.849018974452605,44.13477338801422,17.297386744058755,1.6044718473055153,0.6103846856083481,19.44073819187933,34.09980196907347,36.610440864594594,Poor
2022,Eastern,PET,Pouches,Flexible,3250.5,1703.03,29.56,180.69,128.89,1344.72,1101.44,465.2,305217.41,162621.0,7151.1,1.07,30.38,3250.5,0.0,10.433471773573295,52.39286263651746,10.60991291991333,3.9652361175203814,0.9093985540686048,14.311644362405785,41.36963544070143,33.88524842331949,Poor
2022,Eastern,HDPE,Bottles,Rigid,5038.03,2426.36,468.67,1249.93,74.42,1964.01,957.39,323.61,444685.65,999944.0,9572.26,0.78,60.46,5038.03,0.0,35.589704706006124,48.16088828371407,51.514614484248014,1.4771646854028262,9.30264408905862,6.423344045192268,38.98369005345344,19.00326119534818,Fair
2022,Eastern,HDPE,Containers,Rigid,3074.2,1781.89,136.06,790.88,97.26,1335.22,587.23,127.55,556603.76,632704.0,5840.98,0.89,59.89,3074.2000000000003,-4.547473508864641e-13,33.315984646412076,57.96272200897795,44.38433348859918,3.1637499186780307,4.425866892199597,4.149046906512264,43.43308828313057,19.101880163945093,Fair
2022,Eastern,HDPE,Sachets,Flexible,6954.45,2993.5,73.81,317.95,229.63,2368.34,2259.53,1705.19,987011.64,254360.0,13213.45,2.39,19.69,6954.450000000001,-9.094947017729282e-13,8.93514224705045,43.044381654911604,10.621346250208784,3.3019146014422422,1.0613348287786957,24.519408436324944,34.05502951347699,32.49041980314763,Poor
2022,Eastern,HDPE,Films,Flexible,2883.05,1378.0,22.78,211.37,81.6,1089.07,943.55,534.68,459656.39,169096.0,5477.8,2.0,27.43,2883.0499999999997,4.547473508864641e-13,10.951943254539463,47.79660429059503,15.3388969521045,2.8303359289641175,0.7901354468358163,18.54563743258008,37.77492585976656,32.72749345311389,Poor
2022,Eastern,HDPE,Pouches,Flexible,3055.59,1540.17,2.03,172.54,85.22,1130.48,1072.27,593.05,419408.92,138032.0,5805.62,2.16,23.43,3055.59,0.0,8.502122339711805,50.40499543459692,11.202659446684455,2.7889867423312684,0.06643561472579762,19.408690302036593,36.99711021439395,35.09207714385765,Poor
2022,Eastern,LDPE,Bottles,Rigid,4766.24,2242.55,213.11,1174.92,28.7,2092.32,949.58,307.61,500713.61,587460.0,11915.6,0.6,57.26,4766.24,0.0,29.72426902547921,47.05071502903757,52.3921428730686,0.6021518010003694,4.471239383665112,6.453934338178523,43.89875457383599,19.923042062506298,Fair
2022,Eastern,LDPE,Containers,Rigid,2745.08,1447.54,191.26,532.78,49.14,1261.11,443.6,267.19,357008.59,266390.0,6862.7,0.67,55.53,2745.08,0.0,28.166027948183658,52.732160811342474,36.80589137433162,1.7901117635915893,6.967374357031489,9.73341396243461,45.94073761056144,16.15982047882029,Fair
2022,Eastern,LDPE,Sachets,Flexible,5520.05,3123.13,76.88,326.26,93.54,1714.4,1417.37,1891.6,767320.45,163130.0,13800.12,3.02,13.32,5520.049999999999,9.094947017729282e-13,8.997744585646869,56.5779295477396,10.446571228222968,1.6945498682077156,1.3927410077807265,34.26780554523962,31.05768969483972,25.67676017427378,Poor
2022,Eastern,LDPE,Films,Flexible,3152.73,1617.95,6.04,140.56,68.54,1204.0,1120.96,612.63,200665.58,70280.0,7881.82,1.49,22.03,3152.73,0.0,6.823927199601615,51.319015583319846,8.687536697672982,2.173988892166472,0.19157999574971532,19.431730595388757,38.189124980572394,35.555217224437236,Poor
2022,Eastern,LDPE,Pouches,Flexible,3042.44,1676.75,10.96,105.45,130.56,1100.33,1176.17,518.97,442493.45,52725.0,7606.1,1.79,23.55,3042.4400000000005,-4.547473508864641e-13,8.117497797820171,55.11201535609577,6.288951841359773,4.291292515218049,0.3602371780544563,17.057690537857773,36.16603778546166,38.658773878860394,Poor
2022,Eastern,PP,Bottles,Rigid,4931.38,2603.95,272.65,1229.58,45.56,2176.35,1007.3,199.94,889062.73,737748.0,8383.35,0.53,59.27,4931.379999999999,9.094947017729282e-13,31.386548998454796,52.803677672375684,47.2198006874172,0.9238793197847256,5.528878326148055,4.054443178177306,44.132676857188045,20.42633096617985,Fair
2022,Eastern,PP,Containers,Rigid,2644.08,1155.21,151.66,482.6,44.62,1173.06,536.01,256.13,153561.14,289560.0,4494.94,1.22,53.4,2644.08,0.0,25.675471241414783,43.69043296723246,41.775954155521504,1.6875434933890048,5.735832501285891,9.686923239841457,44.36552600526459,20.27207951347917,Fair
2022,Eastern,PP,Sachets,Flexible,6040.9,2813.74,54.06,190.98,298.53,2347.12,1748.32,1401.89,798569.37,114588.0,10269.53,2.0,21.89,6040.9,0.0,8.998162525451505,46.57815888361006,6.7874075074456055,4.941813305964343,0.8948997665910708,23.206641394494202,38.853813173533744,28.941382906520552,Poor
2022,Eastern,PP,Films,Flexible,2673.03,1334.11,24.41,117.34,51.25,861.78,839.91,778.34,205081.19,70404.0,4544.15,3.06,14.52,2673.03,0.0,7.220270629211045,49.910027197599725,8.795376693076285,1.9172998432490467,0.9131958863162777,29.11826653647733,32.23981773493002,31.421645099381596,Poor
2022,Eastern,PP,Pouches,Flexible,2671.62,1189.09,16.25,91.28,105.92,1080.26,910.29,467.62,411830.12,54768.0,4541.75,1.54,24.98,2671.62,0.0,7.989534439778112,44.50820101661164,7.67645846824042,3.964635689207298,0.6082451845696618,17.503237735905554,40.43464265127526,34.07258517304108,Poor
2022,Eastern,Multilayer Laminate,Bottles,Rigid,4229.03,2016.1,297.88,361.11,152.51,2395.32,787.78,234.43,546382.09,108333.0,13109.99,0.96,52.74,4229.030000000001,-9.094947017729282e-13,19.188797431089398,47.672870610991176,17.911313922920492,3.6062643206598204,7.043695599227247,5.543351548700294,56.63993870934944,18.627912310860882,Poor
2022,Eastern,Multilayer Laminate,Containers,Rigid,2470.7,1420.49,135.36,287.48,90.7,1271.61,515.0,170.55,200848.77,86244.0,7659.17,0.33,52.11,2470.7000000000003,-4.547473508864641e-13,20.78520257416927,57.49342291658235,20.23808685735204,3.6710244060387747,5.478609301007813,6.902902011575668,51.46760027522564,20.844295139029427,Fair
2022,Eastern,Multilayer Laminate,Sachets,Flexible,4873.57,2376.7,56.73,52.08,94.64,1683.81,1368.04,1618.27,376410.27,15624.0,15108.07,3.74,9.2,4873.57,0.0,4.174557870308624,48.76712553631116,2.191273614675811,1.9419029582010725,1.1640337575945354,33.20502219112478,34.54982692358989,28.0705930149767,Poor
2022,Eastern,Multilayer Laminate,Films,Flexible,2816.12,1342.3,17.61,66.98,114.38,1036.0,789.72,791.43,173118.41,20094.0,8729.97,2.77,15.96,2816.12,0.0,7.06539494055651,47.66487223555814,4.989942635774418,4.0616166924704915,0.6253284661165007,28.103560927801368,36.78820504808034,28.042839083561784,Poor
2022,Eastern,Multilayer Laminate,Pouches,Flexible,2852.9,1458.17,24.28,59.93,61.45,1056.79,1000.9,649.55,505530.29,17979.0,8843.99,2.46,17.52,2852.8999999999996,4.547473508864641e-13,5.105681937677452,51.11185109888184,4.109946028240877,2.1539486136913317,0.851063829787234,22.768060569946368,37.04265834764625,35.083599144729924,Poor
2022,Northern,PET,Bottles,Rigid,3320.53,1393.9,129.41,892.91,41.59,1491.93,591.39,173.3,307614.16,803619.0,7305.17,0.33,59.32,3320.53,0.0,32.04036704983842,41.978238413747206,64.05839730253246,1.25251089434518,3.897269411810765,5.219046357057458,44.93047796586689,17.810108627237216,Fair
2022,Northern,PET,Containers,Rigid,2210.09,973.38,140.24,404.04,46.65,1040.61,373.94,204.61,176804.13,363636.0,4862.2,1.34,54.84,2210.09,0.0,26.73782515644159,44.042550303381304,41.50896874807373,2.1107737693940063,6.34544294576239,9.257994018343146,47.08450787072019,16.919672954495066,Fair
2022,Northern,PET,Sachets,Flexible,4311.87,1759.93,13.58,212.95,49.88,1618.52,1180.88,1236.06,544330.2,191655.0,9486.11,2.6,16.07,4311.870000000001,-9.094947017729282e-13,6.410443728591077,40.81593369002313,12.099913064724165,1.156806675525932,0.31494456001688365,28.6664486638048,37.53638212654834,27.386725481055784,Poor
2022,Northern,PET,Films,Flexible,2163.96,780.71,9.31,71.66,22.06,678.59,688.97,693.37,273131.84,64494.0,4760.71,2.92,9.57,2163.96,0.0,4.761178580010721,36.07783877705688,9.17882440342765,1.0194273461616665,0.4302297639512745,32.041719809978005,31.3587127303647,31.838388879646573,Poor
2022,Northern,PET,Pouches,Flexible,2001.37,799.41,15.44,89.46,52.27,652.9,724.04,467.26,273239.33,80514.0,4403.01,2.0,18.67,2001.37,0.0,7.853120612380519,39.94313894981937,11.190753180470598,2.611710977980084,0.7714715419937344,23.3470072999995,32.62265348236458,36.177218605255405,Poor
2022,Northern,HDPE,Bottles,Rigid,3023.64,952.52,107.26,572.69,17.46,1453.69,741.84,130.7,252253.23,458152.0,5744.92,0.35,54.22,3023.6400000000003,-4.547473508864641e-13,23.065245862602694,31.50242753766983,60.1236719438962,0.5774496963924277,3.547379979098041,4.322604542868859,48.07748276911273,24.534666825415727,Fair
2022,Northern,HDPE,Containers,Rigid,1763.95,790.12,104.36,329.84,12.92,843.7,387.41,85.72,263596.35,263872.0,3351.51,0.48,55.73,1763.9500000000003,-2.2737367544323206e-13,25.347657246520594,44.79265285297202,41.74555763681466,0.7324470648261006,5.9162674678987495,4.859548173134159,47.830153915927326,21.962640664417926,Fair
2022,Northern,HDPE,Sachets,Flexible,4039.27,1481.94,31.5,169.74,58.47,1540.86,1089.02,1149.68,301062.4,135792.0,7674.61,2.88,16.43,4039.2700000000004,-4.547473508864641e-13,6.429627135596284,36.68831249210873,11.453905016397425,1.4475387879493076,0.7798438826817717,28.46256873147871,38.14699190695348,26.960812225971527,Poor
2022,Northern,HDPE,Films,Flexible,2077.57,771.15,12.59,95.01,67.47,773.07,579.01,550.42,199720.15,76008.0,3947.38,2.78,19.09,2077.57,0.0,8.426671544159763,37.117882911285776,12.320560202295274,3.247544005737472,0.6059964285198572,26.493451484185847,37.210298569963946,27.869578401690433,Poor
2022,Northern,HDPE,Pouches,Flexible,1858.77,597.87,1.12,29.01,61.67,721.05,726.56,319.36,115749.85,23208.0,3531.66,1.72,20.84,1858.77,0.0,4.938749818428316,32.16481867041108,4.852225400170606,3.3177854172382815,0.06025489974553066,17.181254270297025,38.791781662066846,39.08821424920781,Poor
2022,Northern,LDPE,Bottles,Rigid,2774.19,1231.63,224.39,618.79,25.87,1259.84,448.37,196.93,153453.43,309395.0,6935.48,0.8,58.72,2774.1899999999996,4.547473508864641e-13,31.326260998705923,44.39602190188848,50.24154981609736,0.932524448577783,8.088487089925348,7.098648614550554,45.41289529556375,16.16219509117977,Fair
2022,Northern,LDPE,Containers,Rigid,1769.08,668.19,33.91,288.19,32.75,937.22,335.81,141.2,205149.47,144095.0,4422.7,0.89,51.64,1769.0800000000002,-2.2737367544323206e-13,20.05844845908608,37.7704795713026,43.1299480686631,1.8512447147669975,1.9168155199312635,7.981549732064123,52.977818979356506,18.982182829493297,Fair
2022,Northern,LDPE,Sachets,Flexible,3363.48,1128.47,21.26,125.16,66.2,1231.65,1009.42,909.79,251716.14,62580.0,8408.7,2.69,16.33,3363.48,0.0,6.32142899615874,33.55066776077158,11.091123379442962,1.9681996027923463,0.6320834373922247,27.049068226955413,36.618323878839774,30.01117889804607,Poor
2022,Northern,LDPE,Films,Flexible,1679.42,661.73,4.75,111.39,39.95,565.65,541.99,415.69,201290.43,55695.0,4198.55,2.43,20.06,1679.42,0.0,9.294280168153291,39.40229364899787,16.83314947183897,2.3787974419740148,0.2828357409105524,24.751997713496323,33.68127091495873,32.27245120339165,Poor
2022,Northern,LDPE,Pouches,Flexible,1863.08,722.75,7.12,38.6,48.58,839.16,607.78,321.84,245027.23,19300.0,4657.7,1.76,23.74,1863.0799999999997,2.2737367544323206e-13,5.061511046224531,38.79328853296692,5.340712556208924,2.6075101444919166,0.382162870086094,17.274620520857933,45.04154410975374,32.622324323163795,Poor
2022,Northern,PP,Bottles,Rigid,2873.66,1096.13,104.71,526.83,18.08,1374.01,641.85,208.18,187118.39,316098.0,4885.22,0.39,52.88,2873.66,0.0,22.60601462942729,38.14403930875609,48.0627297857006,0.629162809796566,3.6437852773118604,7.244420007934134,47.81393762658074,22.33562773605785,Fair
2022,Northern,PP,Containers,Rigid,1648.53,723.68,87.6,288.6,26.6,823.09,338.45,84.19,134346.08,173160.0,2802.5,0.6,55.26,1648.5300000000002,-2.2737367544323206e-13,24.43388958648008,43.898503515252976,39.87950475348221,1.6135587462769865,5.313825044130225,5.106974092069905,49.92872437868889,20.530411942761127,Fair
2022,Northern,PP,Sachets,Flexible,3097.57,1378.03,7.23,133.77,64.44,1009.55,848.26,1034.32,360127.3,80262.0,5265.87,3.73,11.19,3097.5699999999997,4.547473508864641e-13,6.63229563819381,44.487453068050115,9.707335834488365,2.080340395858689,0.23340876880909872,33.39133578902172,32.59167670141433,27.384691871370137,Poor
2022,Northern,PP,Films,Flexible,1538.42,537.89,2.67,90.33,28.94,563.08,414.45,438.95,94114.33,54198.0,2615.31,2.63,17.4,1538.42,0.0,7.926314010478282,34.963794022438606,16.793396419342244,1.881150791071359,0.17355468597652135,28.532520378050208,36.601188232082265,26.93997737938924,Poor
2022,Northern,PP,Pouches,Flexible,1650.14,553.04,0.22,52.42,58.5,708.07,531.74,299.19,152892.14,31452.0,2805.24,2.14,24.09,1650.14,0.0,6.7351861054213575,33.51473208333838,9.47851873282222,3.5451537445307673,0.013332202116184081,18.13118886882325,42.90969251093847,32.22393251481692,Poor
2022,Northern,Multilayer Laminate,Bottles,Rigid,2439.47,790.27,138.15,153.67,16.97,1371.88,559.42,199.38,234740.4,46101.0,7562.36,1.13,47.73,2439.4700000000003,-4.547473508864641e-13,12.658077369264634,32.395151405838156,19.445252888253382,0.6956429060410663,5.66311534882577,8.173086777045835,56.236805535628655,22.93203031806089,Poor
2022,Northern,Multilayer Laminate,Containers,Rigid,1543.61,682.39,61.86,131.26,35.99,851.92,277.53,185.05,228869.15,39378.0,4785.19,1.52,47.29,1543.61,0.0,14.842479641878455,44.20740990276041,19.23533463268805,2.3315474763703268,4.007488938268086,11.988131717208365,55.19010630923614,17.979282331677044,Poor
2022,Northern,Multilayer Laminate,Sachets,Flexible,3333.53,1100.52,26.58,50.75,57.32,1039.26,902.97,1256.65,268134.72,15225.0,10333.94,3.85,5.0,3333.53,0.0,4.03926168356067,33.01365219452052,4.611456402427943,1.7194985495855746,0.7973529561755855,37.69727586072422,31.17596061832352,27.087501837391592,Poor
2022,Northern,Multilayer Laminate,Films,Flexible,1620.72,490.34,9.42,14.37,20.0,641.21,617.02,318.7,133945.12,4311.0,5024.23,2.29,17.67,1620.72,0.0,2.701885581716768,30.25445481020781,2.9306195700942204,1.2340194481465028,0.5812231600770028,19.66409990621452,39.56328051730095,38.07073399476776,Poor
2022,Northern,Multilayer Laminate,Pouches,Flexible,1421.68,542.09,4.98,15.97,19.02,544.25,507.26,330.2,125557.18,4791.0,4407.21,1.97,15.08,1421.68,0.0,2.8114624950762477,38.13024027910641,2.9460052758766992,1.3378538067638286,0.350289797985482,23.22604242867593,38.28217320353385,35.680321872713975,Poor
2023,Greater Accra,PET,Bottles,Rigid,15058.65,10177.51,1879.66,5581.33,119.93,4909.23,1690.88,877.62,2688608.78,5023197.0,33129.03,0.34,69.81,15058.65,0.0,50.34262699511577,67.58580616456322,54.83983803504,0.7964193337384162,12.482261026054793,5.828012471237462,32.60073114123776,11.228629392409015,Good
2023,Greater Accra,PET,Containers,Rigid,9307.98,7192.03,1063.66,3372.89,195.49,2808.39,1269.91,597.64,1766628.3,3035601.0,20477.56,0.23,68.34,9307.98,0.0,49.76418084267478,77.26735553793627,46.897607490513806,2.100240868588029,11.427398855605622,6.420727160995189,30.171852539433907,13.643239456896127,Good
2023,Greater Accra,PET,Sachets,Flexible,17262.12,13429.8,344.94,784.09,469.46,6631.35,4499.16,4533.12,3835541.0,705681.0,37976.66,2.23,21.15,17262.12,0.0,9.260102467136134,77.799250613482,5.838433930512741,2.7195964342734262,1.9982481873605331,26.260505662108713,38.415617548713605,26.063774322041557,Poor
2023,Greater Accra,PET,Films,Flexible,8991.11,6324.44,99.79,672.53,485.97,3098.26,2814.62,1819.94,943381.39,605277.0,19780.44,2.39,28.04,8991.11,0.0,13.99482377592978,70.34103686864024,10.633826868465825,5.4050056110980735,1.1098740867367878,20.24154970854544,34.45914909282614,31.30447742269864,Poor
2023,Greater Accra,PET,Pouches,Flexible,8939.22,5980.93,51.14,363.26,517.86,3057.05,2958.96,1990.95,1838321.15,326934.0,19666.28,2.66,22.03,8939.220000000001,-1.8189894035458565e-12,10.428874107584331,66.90662048814103,6.073637377464708,5.79312288991657,0.5720857077015669,22.272077429574395,34.19817388989196,33.100874572949316,Poor
2023,Greater Accra,HDPE,Bottles,Rigid,13198.09,10460.04,1509.2,5347.2,383.2,3849.63,1605.31,503.55,3292407.95,4277760.0,25076.37,0.71,72.33,13198.089999999998,1.8189894035458565e-12,54.85339166500607,79.25419511459614,51.1202634024344,2.9034504235082497,11.43498794143698,3.8153247932087146,29.168084169754867,12.163199372030347,Good
2023,Greater Accra,HDPE,Containers,Rigid,7745.11,5421.54,537.78,2619.29,116.51,2794.27,1089.45,587.81,783785.69,2095432.0,14715.71,0.5,63.83,7745.110000000001,-9.094947017729282e-13,42.266410677188574,69.99952227921877,48.31265655145955,1.5043040060115351,6.943477884755672,7.5894338492287385,36.07786074051886,14.066294733063831,Good
2023,Greater Accra,HDPE,Sachets,Flexible,17214.28,11977.09,60.67,1087.54,624.15,6001.99,5498.01,3941.92,2957069.81,870032.0,32707.13,2.15,22.48,17214.28,0.0,10.295870637633408,69.57647952746208,9.080168889104113,3.6257688384294897,0.35243995101741116,22.89912793332048,34.86634352409744,31.938657904948688,Poor
2023,Greater Accra,HDPE,Films,Flexible,7814.26,6210.99,46.87,649.93,286.25,2904.99,2090.92,1835.3,1758567.97,519944.0,14847.09,1.87,25.94,7814.26,0.0,12.580205931207816,79.48276612244794,10.464193308957187,3.6631747599900693,0.5998008768584613,23.486548950252487,37.17549710401241,26.757748014527287,Poor
2023,Greater Accra,HDPE,Pouches,Flexible,7769.45,5954.35,40.34,502.62,262.17,2500.94,2746.96,1716.42,985952.05,402096.0,14761.95,2.58,22.09,7769.450000000001,-9.094947017729282e-13,10.362766991228467,76.63798595782198,8.441223643218823,3.374370129159722,0.5192130717103528,22.091911267850364,32.18940851669037,35.355913224230804,Poor
2023,Greater Accra,LDPE,Bottles,Rigid,12064.6,9149.82,1082.49,5013.89,126.4,4064.68,1412.04,365.1,1510410.59,2506945.0,30161.5,0.75,71.49,12064.6,0.0,51.578833943935145,75.84022677917211,54.79769000920237,1.0476932513303383,8.97244831987799,3.026208908708121,33.69096364570727,11.703993501649453,Good
2023,Greater Accra,LDPE,Containers,Rigid,8169.55,5771.29,821.42,2351.78,141.02,2866.07,1391.0,598.26,1044377.69,1175890.0,20423.88,0.9,62.74,8169.550000000001,-9.094947017729282e-13,40.56796273968579,70.64391551554246,40.74964176120071,1.7261660678984765,10.05465417311847,7.323047169060719,35.082348476966295,17.0266416142872,Good
2023,Greater Accra,LDPE,Sachets,Flexible,13580.96,9059.14,1.06,1154.49,807.78,4084.01,3258.23,4275.39,1402271.4,577245.0,33952.4,2.93,19.74,13580.96,0.0,14.456489084718607,66.70471012358479,12.743924920025524,5.947885863738646,0.0078050447096523375,31.48076424641558,30.071585513837025,23.991161155028806,Poor
2023,Greater Accra,LDPE,Films,Flexible,7273.73,5553.1,59.94,416.95,160.52,2594.96,2612.23,1429.13,1480470.74,208475.0,18184.32,2.27,23.41,7273.7300000000005,-9.094947017729282e-13,8.763179276657231,76.34459898841448,7.5084187210747135,2.206845731144819,0.8240613825368828,19.647828555637894,35.67578120166682,35.913210966038065,Poor
2023,Greater Accra,LDPE,Pouches,Flexible,7408.59,5217.5,11.31,492.6,473.64,2877.96,2447.87,1105.21,1376225.49,246300.0,18521.47,1.94,31.5,7408.59,0.0,13.1948184472349,70.42500664768869,9.441303306181121,6.393119338497609,0.1526606277307828,14.917953348747872,38.846258194879184,33.040970009138036,Poor
2023,Greater Accra,PP,Bottles,Rigid,11886.67,8689.54,747.64,3797.77,194.2,4716.25,2057.21,373.6,1314666.0,2278662.0,20207.34,0.65,64.37,11886.67,0.0,39.87332028229941,73.10323244441042,43.70507529742655,1.6337628620967857,6.2897346355202925,3.143016505043044,39.67679762288345,17.30686558977409,Fair
2023,Greater Accra,PP,Containers,Rigid,6535.32,4543.2,340.28,1873.63,123.27,2498.41,1263.1,436.63,603623.46,1124178.0,11110.04,0.31,59.91,6535.320000000001,-9.094947017729282e-13,35.76228861019813,69.51763647380695,41.240315196337384,1.8862121518150605,5.206784059541078,6.681080650985721,38.22934454625022,19.327286192565936,Fair
2023,Greater Accra,PP,Sachets,Flexible,12784.34,9509.97,15.55,1078.54,640.23,4236.83,3177.17,3636.02,1573603.04,647124.0,21733.38,2.66,22.03,12784.34,0.0,13.565972119014354,74.38764926464721,11.341150392693143,5.007923756721114,0.12163318560050812,28.44120228341862,33.140780048090086,24.85204554947694,Poor
2023,Greater Accra,PP,Films,Flexible,7151.27,4873.72,11.34,811.78,129.53,2423.19,1789.36,1986.07,736877.81,487068.0,12157.16,2.42,23.55,7151.2699999999995,9.094947017729282e-13,13.321410043251058,68.151810797243,16.656270774685456,1.8112866665641207,0.15857323244682411,27.77226982060529,33.88475054081303,25.021569595330618,Poor
2023,Greater Accra,PP,Pouches,Flexible,7297.19,5446.78,85.27,526.93,446.1,2549.51,2627.14,1062.24,915823.75,316158.0,12405.22,1.03,32.04,7297.1900000000005,-9.094947017729282e-13,14.502842875134128,74.6421567754163,9.674156106910873,6.113312110552145,1.1685319965630607,14.556836261629478,34.938243351207795,36.0020775120286,Poor
2023,Greater Accra,Multilayer Laminate,Bottles,Rigid,11414.7,8108.76,1543.95,1562.54,190.78,5102.16,2070.8,944.47,1723272.82,468762.0,35385.57,0.38,56.8,11414.699999999999,1.8189894035458565e-12,28.886173092591132,71.03787221740387,19.26977737656559,1.6713536054386011,13.525979657809668,8.2741552559419,44.6981523824542,18.141519269012765,Fair
2023,Greater Accra,Multilayer Laminate,Containers,Rigid,6576.66,4396.48,396.11,728.27,325.76,3135.72,1312.63,678.17,905108.73,218481.0,20387.65,0.68,50.82,6576.66,0.0,22.049794272472656,66.84973831701807,16.564842783317566,4.953274154357987,6.022966064841424,10.311769195914035,47.679521215936354,19.958915315676958,Fair
2023,Greater Accra,Multilayer Laminate,Sachets,Flexible,13948.18,10546.0,60.23,318.09,401.85,4079.36,4555.81,4532.84,3159126.83,95427.0,43239.36,3.14,8.84,13948.18,0.0,5.5933462286835995,75.60843063396085,3.0162146785511093,2.881021036436295,0.4318126092436432,32.497716547965396,29.246539691916794,32.66239753143421,Poor
2023,Greater Accra,Multilayer Laminate,Films,Flexible,6684.66,5258.83,58.28,183.73,321.49,2211.1,1911.68,1998.38,1679506.97,55119.0,20722.45,3.38,14.88,6684.66,0.0,8.429748109851511,78.67011934788007,3.4937429047906097,4.8093695116879545,0.8718468852566922,29.89501335894421,33.07722457088318,28.598013960321094,Poor
2023,Greater Accra,Multilayer Laminate,Pouches,Flexible,7133.8,4738.47,51.57,167.05,443.5,2444.82,2545.67,1481.19,1353428.37,50115.0,22114.78,1.66,21.4,7133.800000000001,-9.094947017729282e-13,9.28144887717626,66.4228041156186,3.5253995487995073,6.2168830076537045,0.722896632930556,20.762987468109564,34.270935546272675,35.6846281084415,Poor
2023,Ashanti,PET,Bottles,Rigid,10889.36,6311.21,760.48,3072.97,163.61,4377.24,1905.15,609.91,1971287.52,2765673.0,23956.59,0.28,61.57,10889.359999999999,1.8189894035458565e-12,36.70610577664803,57.95758428410852,48.69066312165179,1.5024758112506154,6.983697848174732,5.600971957947942,40.19740370416626,17.49551856123776,Fair
2023,Ashanti,PET,Containers,Rigid,6081.71,4225.34,277.44,2546.21,148.34,2102.57,680.39,326.76,801568.65,2291589.0,13379.76,0.68,68.4,6081.710000000001,-9.094947017729282e-13,48.86767044137258,69.47618350759902,60.26047608003143,2.4391166300267524,4.561874867430378,5.372830996545379,34.57202004041627,11.187478521665781,Good
2023,Ashanti,PET,Sachets,Flexible,12767.64,9037.23,17.79,946.51,671.49,3861.42,3397.55,3872.88,2838110.65,851859.0,28088.81,2.73,18.7,12767.64,0.0,12.811999711771321,70.78230589208341,10.473452595540891,5.259311822701768,0.13933663543145014,30.33356203652359,30.243803866650374,26.61063438505472,Poor
2023,Ashanti,PET,Films,Flexible,7011.49,4526.98,69.01,738.39,181.05,2448.4,1856.13,1718.51,1549657.13,664551.0,15425.28,2.4,26.75,7011.490000000001,-9.094947017729282e-13,14.097574124758077,64.5651637526403,16.31087391594396,2.5821900908366127,0.984241580605549,24.50991158797916,34.91982445956566,26.47268982769711,Poor
2023,Ashanti,PET,Pouches,Flexible,6111.07,3765.67,71.68,267.37,370.52,2242.96,1729.5,1429.04,1079422.98,240633.0,13444.35,2.15,23.84,6111.07,0.0,11.611223566413083,61.62046908315565,7.100197308845438,6.063095333550426,1.172953345322505,23.38444822265168,36.70322873081147,28.301099480123774,Poor
2023,Ashanti,HDPE,Bottles,Rigid,10430.47,6521.67,901.5,3767.22,119.35,3696.18,1489.08,457.14,1571511.9,3013776.0,19817.89,0.75,67.47,10430.47,0.0,45.904642839680285,62.525178635286814,57.764652305314435,1.1442437397356016,8.642947057994512,4.382736348409995,35.43637055664797,14.276250255261747,Good
2023,Ashanti,HDPE,Containers,Rigid,5759.37,3680.95,430.94,1555.76,93.14,2227.31,922.34,529.88,990085.78,1244608.0,10942.8,0.45,59.65,5759.37,0.0,36.11228311429897,63.91237236017133,42.265176109428275,1.6171907691292624,7.4824156114297224,9.200311839663017,38.67280622706997,16.014598818968047,Fair
2023,Ashanti,HDPE,Sachets,Flexible,12126.07,7719.66,126.39,619.95,260.33,4617.49,3399.59,3102.32,1754965.32,495960.0,23039.53,2.11,20.28,12126.07,0.0,8.301700386027791,63.66168098980132,8.030794102330931,2.146862091345341,1.042299772308753,25.583886617840733,38.0790313762002,28.035381619931275,Poor
2023,Ashanti,HDPE,Films,Flexible,5375.31,3611.78,38.87,478.74,160.53,1748.48,1484.52,1464.17,816131.53,382992.0,10213.09,2.51,22.12,5375.3099999999995,9.094947017729282e-13,12.615830528843915,67.19203171538012,13.254960158149167,2.986432410409818,0.7231210851095099,27.23880111100569,32.52798443252575,27.61738392762464,Poor
2023,Ashanti,HDPE,Pouches,Flexible,5623.96,3710.07,48.3,374.71,222.18,2028.4,2156.25,794.12,954005.44,299768.0,10685.52,1.62,29.67,5623.96,0.0,11.472165520380658,65.96899693454435,10.09980943755778,3.950597088172747,0.8588254539505971,14.12029957538816,36.06711285286524,38.34042205136594,Poor
2023,Ashanti,LDPE,Bottles,Rigid,8404.81,5363.07,453.2,2770.49,241.47,3097.35,1260.47,581.83,1809252.75,1385245.0,21012.02,0.87,63.11,8404.81,0.0,41.22829665393982,63.80953287462774,51.65865819390759,2.872997723922373,5.39215044718441,6.9225836158104705,36.85211206440122,14.997007665848486,Good
2023,Ashanti,LDPE,Containers,Rigid,5107.27,3213.36,237.87,1375.77,113.57,2190.65,809.52,379.89,757888.53,687885.0,12768.18,1.07,59.23,5107.2699999999995,9.094947017729282e-13,33.818654584543204,62.91737072839305,42.81406378370304,2.223692892680434,4.657478457179668,7.438220419128026,42.8927783336303,15.850346662698463,Fair
2023,Ashanti,LDPE,Sachets,Flexible,11555.12,7020.0,197.02,819.01,293.24,4034.99,3588.82,2622.04,2405114.13,409505.0,28887.8,2.66,24.51,11555.119999999999,1.8189894035458565e-12,11.330648232125672,60.752289894003695,11.666809116809116,2.537749499788838,1.705045036312907,22.69158606747485,34.91949888880427,31.058266811595203,Poor
2023,Ashanti,LDPE,Films,Flexible,5706.54,3652.81,2.03,340.1,236.27,1893.25,1725.8,1509.09,673382.35,170050.0,14266.35,2.71,19.24,5706.54,0.0,10.135738994206648,64.0109418316528,9.310640301576049,4.140337227111349,0.03557321949903093,26.444921090538227,33.17684621504449,30.242493700210638,Poor
2023,Ashanti,LDPE,Pouches,Flexible,5133.27,3184.29,47.77,262.71,342.44,2015.88,1630.56,833.91,704806.66,131355.0,12833.18,1.98,30.3,5133.27,0.0,12.719377706608068,62.032388711289286,8.25019078036234,6.670991395348383,0.9305958969623652,16.245200427797485,39.270874121174224,31.76454774442022,Poor
2023,Ashanti,PP,Bottles,Rigid,9098.29,6368.94,665.05,3513.43,77.5,3077.14,1221.86,543.31,1514408.93,2108058.0,15467.09,1.04,67.13,9098.289999999999,1.8189894035458565e-12,46.77780110328423,70.00150577745927,55.165066714398314,0.8518084167464435,7.309615323318996,5.9715616890646475,33.8210806646084,13.4295565430427,Good
2023,Ashanti,PP,Containers,Rigid,4788.81,2920.6,396.2,1135.55,66.56,1924.02,953.07,313.41,862292.27,681330.0,8140.98,0.66,59.09,4788.8099999999995,9.094947017729282e-13,33.37593264297393,60.98801163545849,38.88070944326508,1.389906887097212,8.2734541566694,6.544632173755066,40.17741359544438,19.90202158782662,Fair
2023,Ashanti,PP,Sachets,Flexible,11558.51,7271.43,12.7,470.32,470.07,4215.71,3488.75,2900.96,1321262.87,282192.0,19649.47,2.6,19.04,11558.509999999998,1.8189894035458565e-12,8.245786005289608,62.90975220854591,6.468053739085709,4.066873671433428,0.10987575388177195,25.098044644162616,36.472780661175186,30.183388689372592,Poor
2023,Ashanti,PP,Films,Flexible,5498.19,3903.81,68.83,462.31,336.32,1909.07,1405.05,1316.61,581713.21,277386.0,9346.92,2.42,27.92,5498.19,0.0,15.777192130501131,71.00172966012451,11.842533320013013,6.116922114368547,1.251866523346774,23.946244127612907,34.721790261886184,25.55477347999978,Poor
2023,Ashanti,PP,Pouches,Flexible,5021.61,2779.84,40.19,121.73,218.79,2066.0,1553.46,1021.44,374245.22,73038.0,8536.74,2.09,22.94,5021.610000000001,-9.094947017729282e-13,7.581433046373574,55.357544691841866,4.37902900886382,4.356969179207466,0.8003409265155995,20.34088668773561,41.14218348298653,30.93549678290429,Poor
2023,Ashanti,Multilayer Laminate,Bottles,Rigid,8787.77,6322.49,832.3,1179.96,481.02,4231.07,1664.44,398.98,818439.65,353988.0,27242.09,0.3,57.37,8787.769999999999,1.8189894035458565e-12,28.372158124302295,71.9464665097061,18.66290021811027,5.473743623240026,9.471117245899698,4.540173445595412,48.14725465049722,18.940413779605063,Fair
2023,Ashanti,Multilayer Laminate,Containers,Rigid,4704.17,3135.97,454.34,472.67,227.59,2471.43,847.48,230.66,1050009.27,141801.0,14582.93,0.76,55.72,4704.17,0.0,24.544181013866417,66.6636197246273,15.072529392819447,4.838047944695876,9.658239391858713,4.903309191632105,52.53700440247695,18.015505392024522,Fair
2023,Ashanti,Multilayer Laminate,Sachets,Flexible,10183.73,7027.41,136.51,354.28,616.12,3181.41,2367.26,3528.15,1696985.12,106284.0,31569.56,3.09,13.98,10183.73,0.0,10.869396576696357,69.00624820178855,5.04140216665884,6.0500425678999745,1.3404715168214396,34.64496800288303,31.240125180066634,23.24551024035398,Poor
2023,Ashanti,Multilayer Laminate,Films,Flexible,5027.25,3177.34,39.56,89.18,144.92,1995.76,1456.77,1301.06,691406.87,26754.0,15584.48,2.8,16.87,5027.25,0.0,5.443532746531403,63.202347207717935,2.806750300565882,2.8826893430802127,0.7869113332338754,25.880153165249393,39.698841314834155,28.97747277338505,Poor
2023,Ashanti,Multilayer Laminate,Pouches,Flexible,5038.4,3027.16,24.87,68.55,343.08,2191.68,1641.78,768.44,517672.46,20565.0,15619.04,1.81,27.4,5038.4,0.0,8.663464591933948,60.08177199110829,2.2644987380911483,6.809304541124167,0.4936090822483329,15.25166719593522,43.49952365830422,32.58534455382661,Poor
2023,Western,PET,Bottles,Rigid,6187.92,2858.88,391.48,1361.99,41.6,2679.41,1245.46,467.98,904945.73,1225791.0,13613.42,0.94,56.41,6187.92,0.0,29.0092632096084,46.20098514525075,47.64068446384598,0.6722775989346985,6.326520058436437,7.562799777631255,43.30065676350049,20.127280249259847,Fair
2023,Western,PET,Containers,Rigid,3595.2,2040.01,274.49,1076.64,52.19,1408.89,605.53,177.46,704976.6,968976.0,7909.44,0.15,63.23,3595.2,0.0,39.033155318202056,56.74260124610592,52.77621188131432,1.4516577659101022,7.634902091677794,4.936025812194037,39.18808411214953,16.842734757454384,Fair
2023,Western,PET,Sachets,Flexible,7464.19,3596.02,85.5,241.14,117.7,2003.89,2209.54,2806.42,733711.69,217026.0,16421.22,4.1,5.82,7464.1900000000005,-9.094947017729282e-13,5.952956717339725,48.17696226918125,6.705746909082818,1.576862325315942,1.1454692337681651,37.5984534155749,26.84671746030045,29.601872406784928,Poor
2023,Western,PET,Films,Flexible,3991.89,2336.23,43.28,185.94,77.51,1460.81,1348.92,875.43,527489.54,167346.0,8782.16,2.3,21.18,3991.89,0.0,7.683828963222935,58.52440823770194,7.958976641854612,1.9416867699260252,1.0841982118745759,21.93021350788724,36.594445237719476,33.79151229117035,Poor
2023,Western,PET,Pouches,Flexible,3702.74,2113.32,40.89,142.59,143.84,1535.69,1295.63,544.1,323803.72,128331.0,8146.03,1.41,28.26,3702.7400000000002,-4.547473508864641e-13,8.839940152427664,57.07449078250162,6.747203452387712,3.8846907965452613,1.1043173433727456,14.69452351501861,41.47442164451191,34.99111468804183,Poor
2023,Western,HDPE,Bottles,Rigid,5726.6,3025.22,454.63,1347.28,120.48,2536.48,887.65,380.08,888308.91,1077824.0,10880.54,1.12,59.93,5726.599999999999,9.094947017729282e-13,33.56948276464219,52.82750672301191,44.53494291324267,2.103866168407083,7.9389166346523234,6.637097055844654,44.292948695561066,15.500471483952083,Fair
2023,Western,HDPE,Containers,Rigid,3369.18,1679.63,114.86,840.47,31.82,1530.48,632.27,219.28,350851.85,672376.0,6401.44,0.57,57.13,3369.1800000000003,-4.547473508864641e-13,29.29941410076043,49.85278316979206,50.03899668379346,0.9444434550840264,3.409138128565408,6.508408574193128,45.425889979164076,18.766287345882382,Fair
2023,Western,HDPE,Sachets,Flexible,7196.04,3244.55,7.64,424.75,104.08,2512.67,1775.96,2370.94,665823.94,339800.0,13672.48,3.36,13.63,7196.040000000001,-9.094947017729282e-13,7.4550725121038806,45.08799284050672,13.091183677243375,1.4463510486323032,0.10616950433849728,32.94784353616711,34.91739901390209,24.679684937826917,Poor
2023,Western,HDPE,Films,Flexible,3825.18,2261.77,33.45,191.36,183.78,1454.62,1068.38,893.59,370804.28,153088.0,7267.84,2.63,23.62,3825.1800000000003,-4.547473508864641e-13,10.681588840263727,59.12845931433293,8.460630391242258,4.8044797891863915,0.8744686524555708,23.360730736854215,38.02749151673908,27.930188906142984,Poor
2023,Western,HDPE,Pouches,Flexible,3521.15,1743.85,13.39,180.52,150.98,1374.25,1213.13,588.88,578564.06,144416.0,6690.18,1.75,27.0,3521.15,0.0,9.794811354245061,49.5250131349133,10.351807781632596,4.2878037004955765,0.3802734901949647,16.724081621061302,39.02844241228008,34.45266461241356,Poor
2023,Western,LDPE,Bottles,Rigid,5631.52,3037.97,376.48,1609.42,81.11,2314.21,1042.95,207.35,1018969.01,804710.0,14078.8,0.18,62.39,5631.52,0.0,36.70430008239339,53.94582634883655,52.976823339269316,1.440286103929312,6.685228854731936,3.6819544279341985,41.09387873966531,18.519866750007104,Fair
2023,Western,LDPE,Containers,Rigid,3604.51,2035.16,152.19,731.87,45.08,1652.1,687.34,335.93,479057.96,365935.0,9011.28,1.16,53.87,3604.5099999999998,4.547473508864641e-13,25.777151401993613,56.46148852409898,35.961300340022404,1.2506554288932474,4.222210508501849,9.319713359097353,45.83424654113873,19.06888869777029,Fair
2023,Western,LDPE,Sachets,Flexible,6193.61,3164.66,46.05,275.9,294.65,2196.97,1842.17,1537.87,784361.89,137950.0,15484.02,2.68,20.8,6193.61,0.0,9.955421797626908,51.09556462224777,8.718156136836184,4.757322466219216,0.7435082286421005,24.829945702102652,35.47155859022444,29.743073910046004,Poor
2023,Western,LDPE,Films,Flexible,3297.38,1552.27,20.67,186.11,117.79,1244.26,983.27,745.28,216762.97,93055.0,8243.45,2.21,23.3,3297.38,0.0,9.843269504879633,47.07586022842378,11.989537902555615,3.5722300735735644,0.6268613262650953,22.60218719104258,37.734807635152755,29.819735668925023,Poor
2023,Western,LDPE,Pouches,Flexible,3528.53,2008.16,19.86,190.35,97.25,1371.34,1194.64,655.09,557694.02,95175.0,8821.33,2.22,25.04,3528.53,0.0,8.713543600309476,56.91208520261979,9.47882638833559,2.7561052336242002,0.5628406163473174,18.565521619484603,38.86434294167826,33.85659183852766,Poor
2023,Western,PP,Bottles,Rigid,4831.98,2801.34,331.89,1229.33,63.92,2103.8,848.87,254.17,423128.55,737598.0,8214.37,0.32,60.33,4831.9800000000005,-9.094947017729282e-13,33.63300344786195,57.9749916183428,43.88364140018705,1.3228531575047913,6.868612866775112,5.260162500672602,43.53908749622309,17.567746555242366,Fair
2023,Western,PP,Containers,Rigid,3204.67,1654.5,140.09,771.44,82.04,1310.93,616.9,283.27,256373.78,462864.0,5447.94,0.51,56.31,3204.67,0.0,31.003816305579047,51.62778070752994,46.62677546086431,2.5600139795985237,4.37143294005311,8.839287664564525,40.90686404528391,19.250031984572512,Fair
2023,Western,PP,Sachets,Flexible,6122.93,3497.14,25.85,166.19,138.33,2047.18,1551.09,2194.29,866304.67,99714.0,10408.98,3.61,8.48,6122.93,0.0,5.3956194175010985,57.11546596155762,4.7521689151706825,2.259212501204489,0.42218349711657654,35.83725438638037,33.43464648460786,25.332479711510665,Poor
2023,Western,PP,Films,Flexible,3257.2,1579.67,27.31,154.55,129.26,1273.2,1076.54,596.34,387021.39,92730.0,5537.24,1.4,25.95,3257.2000000000003,-4.547473508864641e-13,9.551762249785092,48.4977895124647,9.783688998335096,3.9684391501903478,0.838450202628024,18.308363011175246,39.08878791600148,33.0510868230382,Poor
2023,Western,PP,Pouches,Flexible,3342.31,1613.22,21.84,143.69,116.64,1295.86,1010.52,753.76,493705.76,86214.0,5681.93,2.05,22.02,3342.3100000000004,-4.547473508864641e-13,8.44236471183104,48.26661799773211,8.907030659178536,3.489801963312799,0.6534402853116558,22.5520672828074,38.771388650364564,30.234179354996993,Poor
2023,Western,Multilayer Laminate,Bottles,Rigid,5006.24,2812.55,352.9,525.61,137.98,2551.78,1010.04,427.93,765399.56,157683.0,15519.34,1.26,51.43,5006.240000000001,-9.094947017729282e-13,20.30446003387772,56.180886253955066,18.688023324029796,2.75616031193071,7.049202595161239,8.547932180638563,50.97198696027358,20.17562082521014,Fair
2023,Western,Multilayer Laminate,Containers,Rigid,2723.78,1320.52,159.64,249.78,97.61,1393.26,607.67,215.82,228541.02,74934.0,8443.72,0.58,50.26,2723.78,0.0,18.614939532561365,48.48115486566462,18.91527580044225,3.583622759547393,5.860972618933981,7.923547423066473,51.15170828774717,22.30980475662498,Poor
2023,Western,Multilayer Laminate,Sachets,Flexible,6245.66,2881.3,71.54,91.23,227.39,2428.46,1884.42,1542.62,982970.06,27369.0,19361.55,2.78,18.05,6245.66,0.0,6.246897845864168,46.132834640374284,3.1662791101239027,3.6407681494029456,1.145435390335049,24.69907103492665,38.88235991072201,30.171671208487176,Poor
2023,Western,Multilayer Laminate,Films,Flexible,2937.65,1420.47,26.52,59.21,59.38,1222.19,775.94,794.41,248253.72,17763.0,9106.72,3.14,16.62,2937.65,0.0,4.939662655523973,48.35395639371606,4.168338648475505,2.021343590965568,0.9027624121321465,27.042363794189235,41.604343607985975,26.41362994230082,Poor
2023,Western,Multilayer Laminate,Pouches,Flexible,2766.74,1292.03,14.73,49.32,89.57,1108.06,775.24,729.82,450080.45,14796.0,8576.89,2.55,16.69,2766.74,0.0,5.552382948885693,46.69864172274952,3.817248825491668,3.2373840693379208,0.532395526865553,26.378336959743237,40.04929989807499,28.019980193296085,Poor
2023,Central,PET,Bottles,Rigid,5601.26,2709.23,315.67,1357.85,31.2,2545.71,1033.38,317.45,947736.55,1222065.0,12322.77,0.35,58.45,5601.26,0.0,30.434580790750655,48.36822429239135,50.11940662106945,0.5570175281990123,5.635696254057123,5.667474818165912,45.4488811445996,18.449063246483828,Fair
2023,Central,PET,Containers,Rigid,3355.88,1422.77,94.48,673.49,66.37,1609.74,554.96,356.84,459125.65,606141.0,7382.94,0.89,53.02,3355.88,0.0,24.862033207385245,42.39633121565729,47.33653366320628,1.9777226837670001,2.8153569257541986,10.633276517634718,47.967746164940344,16.53694411003969,Fair
2023,Central,PET,Sachets,Flexible,6476.43,3435.77,65.57,224.03,216.09,2357.5,1863.28,1749.96,1194048.22,201627.0,14248.15,2.26,17.7,6476.43,0.0,7.808159742327178,53.05036879885986,6.520517962494579,3.336560419860942,1.012440495766958,27.020441817482777,36.40122721931681,28.770171220873227,Poor
2023,Central,PET,Films,Flexible,3408.22,1609.65,16.2,187.89,134.42,1116.28,936.7,1016.73,508059.38,169101.0,7498.08,3.03,16.91,3408.22,0.0,9.932164003497428,47.22846529860163,11.672723884074177,3.943994225724865,0.4753214287810059,29.831701005216804,32.75258052590502,27.48355446538076,Poor
2023,Central,PET,Pouches,Flexible,3738.77,1665.72,13.28,119.28,110.49,1661.72,1179.86,654.14,237448.79,107352.0,8225.29,1.78,25.05,3738.77,0.0,6.50080106559109,44.55262024676565,7.160867372667676,2.9552499886326253,0.355197030039291,17.4961284058661,44.4456331895249,31.55743733901791,Poor
2023,Central,HDPE,Bottles,Rigid,4798.63,1999.02,212.55,1091.04,47.98,2218.89,862.85,365.32,393311.12,872832.0,9117.4,0.58,56.24,4798.63,0.0,28.16574730704388,41.658139927437624,54.57874358435634,0.9998687125283673,4.429389221506972,7.613006212189728,46.24007268741286,17.98117379335352,Fair
2023,Central,HDPE,Containers,Rigid,3332.11,1358.87,69.69,745.99,39.62,1521.24,777.79,177.78,431693.55,596792.0,6331.01,0.74,54.91,3332.11,0.0,25.668420310253865,40.78106665146108,54.89781951180025,1.1890363763501204,2.0914675685976754,5.335358076414043,45.65395500148554,23.342266611846547,Fair
2023,Central,HDPE,Sachets,Flexible,6295.54,3009.57,88.05,406.82,124.16,1929.31,1637.43,2109.77,829140.74,325456.0,11961.53,3.26,14.56,6295.540000000001,-9.094947017729282e-13,9.832834038065043,47.8047951406869,13.517545695896754,1.9721898359791217,1.3986091741137376,33.51213716376991,30.645663437925897,26.009365360239155,Poor
2023,Central,HDPE,Films,Flexible,3431.65,1418.48,14.51,253.71,128.1,1223.47,1133.52,678.34,222220.24,202968.0,6520.14,2.44,26.22,3431.65,0.0,11.548963326679587,41.33521775239316,17.88604703626417,3.732898168519517,0.4228286684248102,19.767167397607565,35.65252866696779,33.03134060874506,Poor
2023,Central,HDPE,Pouches,Flexible,3421.04,1454.09,3.52,77.14,153.62,1410.78,1217.75,558.23,374824.47,61712.0,6499.98,1.2,24.33,3421.04,0.0,6.848209901082712,42.5043261698197,5.305036139441163,4.490447349344059,0.10289268760376963,16.317552557117136,41.238336880013094,35.59590066178706,Poor
2023,Central,LDPE,Bottles,Rigid,4700.76,2537.11,479.54,1235.2,26.11,2001.17,742.99,215.75,835229.14,617600.0,11751.9,0.59,63.1,4700.76,0.0,37.03337332686629,53.97233638815852,48.685315181446605,0.5554420987244615,10.201329146776265,4.589683370348624,42.57120125256342,15.805742050221665,Fair
2023,Central,LDPE,Containers,Rigid,2728.06,1463.2,213.3,494.6,58.85,1306.74,483.34,171.23,370126.07,247300.0,6820.15,1.09,57.06,2728.0600000000004,-4.547473508864641e-13,28.106053385922603,53.63518397689201,33.802624384909784,2.157210618534783,7.818742989523692,6.2766214819322155,47.899972874496896,17.71735225764829,Fair
2023,Central,LDPE,Sachets,Flexible,5970.67,2462.53,45.8,172.6,240.2,2048.26,1726.39,1737.42,730917.72,86300.0,14926.67,2.68,15.17,5970.67,0.0,7.680880035238926,41.243780011288514,7.009051666375638,4.022999093904033,0.767083091177372,29.099246818196285,34.30536271473721,28.914510431827583,Poor
2023,Central,LDPE,Films,Flexible,3142.96,1354.25,8.71,155.38,136.73,992.18,884.31,965.65,209044.55,77690.0,7857.4,3.08,15.28,3142.96,0.0,9.571232214218444,43.08836256267977,11.473509322503231,4.350357624659557,0.27712729401583225,30.724221752742636,31.56833049100211,28.1362155420368,Poor
2023,Central,LDPE,Pouches,Flexible,2959.98,1583.93,29.46,101.54,107.89,1204.01,791.88,725.2,306670.55,50770.0,7399.95,2.37,21.15,2959.9800000000005,-4.547473508864641e-13,8.07066263961243,53.51151021290684,6.410636833698459,3.6449570605206794,0.9952769951148318,24.500165541659065,40.67628835329968,26.752883465428823,Poor
2023,Central,PP,Bottles,Rigid,4427.01,1903.33,160.9,1005.16,39.54,2047.5,1001.04,172.87,601152.53,603096.0,7525.92,0.37,56.78,4427.009999999999,9.094947017729282e-13,27.232827574367345,42.9935780583283,52.81060036882727,0.8931536183564076,3.6345072633673743,3.904892918696818,46.25017788529956,22.61210162163627,Fair
2023,Central,PP,Containers,Rigid,2760.87,1509.31,105.74,588.25,45.88,1249.63,618.68,152.69,394729.85,352950.0,4693.48,0.46,55.59,2760.87,0.0,26.798436724655634,54.667912650722414,38.974763302436216,1.661795013890549,3.8299521527634406,5.53050306606251,45.2621818484753,22.408878360806554,Fair
2023,Central,PP,Sachets,Flexible,6103.93,2485.95,15.68,223.81,191.85,2192.17,2028.62,1451.8,697448.75,134286.0,10376.68,2.52,18.48,6103.93,0.0,7.066594800399087,40.72703979239604,9.002996842253465,3.1430570140876446,0.25688367985871396,23.78467642977557,35.9140750303493,33.23465373947604,Poor
2023,Central,PP,Films,Flexible,2707.23,1120.87,9.57,90.16,117.72,914.2,900.16,675.42,262875.6,54096.0,4602.29,2.3,17.72,2707.23,0.0,8.032195269703719,41.40283610923342,8.043751728567988,4.348356068749238,0.35349785574184683,24.948748351636173,33.7688338264573,33.2502225522028,Poor
2023,Central,PP,Pouches,Flexible,2983.2,1581.31,21.28,70.66,120.59,1112.39,967.75,690.53,510721.82,42396.0,5071.44,1.83,19.23,2983.2,0.0,7.124229015821937,53.007173504961116,4.46844704706857,4.04230356663985,0.7133279699651383,23.147291499061414,37.288482166800755,32.4399973183159,Poor
2023,Central,Multilayer Laminate,Bottles,Rigid,4609.27,2171.27,290.11,363.06,157.5,2434.16,1078.83,285.61,611440.06,108918.0,14288.74,1.08,50.55,4609.2699999999995,9.094947017729282e-13,17.587817593675354,47.10659171625875,16.72108950061485,3.4170269912589193,6.294055240851589,6.19642589824419,52.810097911382925,23.40565859669752,Poor
2023,Central,Multilayer Laminate,Containers,Rigid,2649.0,1218.43,177.12,210.81,47.2,1497.95,557.89,158.03,331300.91,63243.0,8211.9,0.57,51.0,2649.0,0.0,16.426198565496414,45.995847489618725,17.301773593887216,1.7818044545111364,6.686296715741789,5.965647414118536,56.54775386938468,21.060400151000376,Poor
2023,Central,Multilayer Laminate,Sachets,Flexible,4947.97,2425.76,4.42,77.4,185.63,1697.38,1506.87,1476.27,721386.84,23220.0,15338.71,2.52,11.87,4947.969999999999,9.094947017729282e-13,5.405247000284965,49.02535787403723,3.1907525888793615,3.7516395612746236,0.08932956343712674,29.835872084915632,34.304573390703666,30.454307524095736,Poor
2023,Central,Multilayer Laminate,Films,Flexible,2471.46,1187.51,22.2,73.49,115.55,913.81,791.57,554.84,185483.68,22047.0,7661.53,1.78,21.12,2471.46,0.0,8.547174544601168,48.04892654544277,6.188579464593982,4.6753740703875435,0.8982544730645043,22.449887920500434,36.97450090230066,32.02843663259774,Poor
2023,Central,Multilayer Laminate,Pouches,Flexible,2867.79,1250.66,6.0,24.32,138.59,1083.05,1007.6,608.23,249497.46,7296.0,8890.15,2.24,18.69,2867.79,0.0,5.8899012828693875,43.61058515442205,1.9445732653159131,4.832641162707172,0.20922034040149382,21.209014607066766,37.76601494530632,35.13506916475753,Poor
2023,Eastern,PET,Bottles,Rigid,5575.92,2508.51,450.9,1447.23,37.57,2525.08,837.11,278.03,440208.88,1302507.0,12267.02,0.21,61.77,5575.919999999999,9.094947017729282e-13,34.71534742248813,44.988270993844964,57.69281366229355,0.6737901548085339,8.08655791331296,4.986262356705261,45.28544168495961,15.012948535846999,Fair
2023,Eastern,PET,Containers,Rigid,3501.58,1922.17,149.87,865.42,68.36,1530.42,554.06,333.45,388226.61,778878.0,7703.48,1.2,56.77,3501.5799999999995,4.547473508864641e-13,30.947458004672175,54.894361973737574,45.023072881170755,1.95226155050006,4.280067855082563,9.522843973292057,43.70655532645264,15.823142695583137,Fair
2023,Eastern,PET,Sachets,Flexible,7445.73,4100.27,118.04,514.77,292.45,2053.85,2353.98,2112.64,853678.91,463293.0,16380.61,2.49,19.02,7445.73,0.0,12.426719744068077,55.0687440989668,12.55453909132813,3.927754565368339,1.5853381736914984,28.37384648650972,27.584266418470722,31.615167350951488,Poor
2023,Eastern,PET,Films,Flexible,3808.38,1772.75,20.77,263.52,104.36,1212.17,1094.72,1112.84,431964.56,237168.0,8378.44,3.09,17.69,3808.38,0.0,10.205126589258425,46.54866373628682,14.865040191792412,2.740272766898261,0.5453762492188279,29.22082355227157,31.829019163003693,28.745030695466312,Poor
2023,Eastern,PET,Pouches,Flexible,3894.82,1881.86,24.32,112.46,198.83,1699.56,1148.53,711.12,314633.9,101214.0,8568.6,1.81,26.2,3894.8199999999997,4.547473508864641e-13,8.61682953255863,48.31699539388213,5.976002465645691,5.104985596253486,0.6244191002408327,18.258096651449872,43.636419654823584,29.48865416116791,Poor
2023,Eastern,HDPE,Bottles,Rigid,5946.46,2999.16,574.59,1489.71,69.31,2646.68,943.57,222.6,980458.01,1191768.0,11298.27,0.79,62.85,5946.46,0.0,35.88033889070136,50.43605775537042,49.67090785419918,1.1655674132172755,9.662723704523364,3.743403638467256,44.50849749262586,15.86775997820552,Fair
2023,Eastern,HDPE,Containers,Rigid,3611.04,1817.21,213.9,922.57,28.45,1493.19,673.86,279.07,282782.98,738056.0,6860.98,0.46,58.11,3611.0400000000004,-4.547473508864641e-13,32.259958349949045,50.323729451903056,50.76848575563639,0.7878616686605521,5.923501262794098,7.728244494660817,41.3506912136116,18.661105941778548,Fair
2023,Eastern,HDPE,Sachets,Flexible,6454.85,3157.65,59.03,169.09,220.69,2311.16,2028.84,1666.04,783233.39,135272.0,12264.22,2.82,17.07,6454.849999999999,9.094947017729282e-13,6.953066298984484,48.91902987675933,5.354931673871391,3.4189795270223167,0.9145061465409731,25.81066949658009,35.80501483380713,31.431249370628283,Poor
2023,Eastern,HDPE,Films,Flexible,3207.89,1740.01,15.06,226.31,132.37,1219.07,1040.44,574.64,332802.73,181048.0,6094.99,1.38,28.27,3207.89,0.0,11.650648868882662,54.241573121272864,13.006247090533963,4.126388373666179,0.4694674692710786,17.913332439703357,38.0022382313608,32.433780460053185,Poor
2023,Eastern,HDPE,Pouches,Flexible,3045.58,1729.02,23.84,95.41,99.97,1313.58,871.13,641.65,301585.39,76328.0,5786.6,2.5,23.2,3045.58,0.0,7.1979721432370845,56.77145239987129,5.518154792888457,3.2824617970961194,0.7827737245450784,21.068236592044865,43.130700884560575,28.603090380157475,Poor
2023,Eastern,LDPE,Bottles,Rigid,4708.58,2129.33,415.4,979.99,39.3,2201.08,893.76,179.05,687223.67,489995.0,11771.45,0.3,59.59,4708.58,0.0,30.46969574691308,45.22233879428617,46.02339703099097,0.8346465388715918,8.82219267804731,3.8026326408386395,46.746152767925786,18.981518844322494,Fair
2023,Eastern,LDPE,Containers,Rigid,3270.72,1854.25,168.37,699.67,75.49,1504.4,492.96,329.83,517876.72,349835.0,8176.8,1.08,55.64,3270.7200000000003,-4.547473508864641e-13,28.847776636336953,56.69241023383231,37.73331535661318,2.3080544956462186,5.147796203893944,10.084323940905977,45.99598865081695,15.071910771940122,Fair
2023,Eastern,LDPE,Sachets,Flexible,6775.93,2978.68,47.72,343.67,173.1,2209.95,1999.55,2001.94,579759.94,171835.0,16939.83,3.4,15.55,6775.93,0.0,8.330812154198759,43.959722134083435,11.53766097734567,2.554630877237516,0.7042575705475116,29.54487428293976,32.61471119093615,29.509602371925325,Poor
2023,Eastern,LDPE,Films,Flexible,2996.51,1479.49,19.86,123.4,98.59,1049.81,848.75,856.1,405206.14,61700.0,7491.28,2.48,16.51,2996.5099999999998,4.547473508864641e-13,8.071055995141013,49.37377148749712,8.340712002108836,3.2901608871654027,0.6627710236241493,28.569902987141703,35.03442337919779,28.324617638519477,Poor
2023,Eastern,LDPE,Pouches,Flexible,3411.97,1505.4,23.32,86.34,159.15,1378.79,998.72,765.65,334047.05,43170.0,8529.92,2.36,21.63,3411.97,0.0,7.87843972836807,44.1211382280618,5.735352730171383,4.6644607074505355,0.6834761149717026,22.440115241341513,40.410378754795616,29.271066275494807,Poor
2023,Eastern,PP,Bottles,Rigid,5179.33,2261.47,442.08,1125.91,37.68,2263.34,925.82,384.5,434925.56,675546.0,8804.86,0.82,58.09,5179.33,0.0,31.001500194040542,43.66336958641369,49.786643201103715,0.727507225838091,8.535466942635438,7.423740136272452,43.699474642473064,17.87528502721395,Fair
2023,Eastern,PP,Containers,Rigid,3083.96,1498.03,169.16,666.27,62.29,1474.79,570.05,141.4,270178.25,399762.0,5242.73,0.2,58.13,3083.9599999999996,4.547473508864641e-13,29.10932696922139,48.5748842397437,44.47641235489276,2.019805704354142,5.485155449487023,4.585014072815471,47.821307669360166,18.484351288602962,Fair
2023,Eastern,PP,Sachets,Flexible,5876.77,3302.12,37.48,346.79,112.96,2006.53,1643.98,1729.03,556148.18,208074.0,9990.51,2.94,16.61,5876.7699999999995,9.094947017729282e-13,8.460940278418247,56.189369330431504,10.502041112981964,1.922144307161927,0.6377653030491238,29.421433882898256,34.143415515665914,27.974210323017573,Poor
2023,Eastern,PP,Films,Flexible,2791.32,1355.27,21.14,195.67,57.53,924.38,741.02,851.58,319091.79,117402.0,4745.24,3.16,17.23,2791.32,0.0,9.828324950202772,48.55301434446785,14.437713518339518,2.061032056518063,0.7573477781121476,30.508146683289628,33.11623174698708,26.54729661952051,Poor
2023,Eastern,PP,Pouches,Flexible,2983.72,1485.37,15.0,77.92,143.63,1048.2,1093.42,605.55,496799.99,46752.0,5072.32,2.48,20.79,2983.7200000000003,-4.547473508864641e-13,7.928022736717924,49.78248629227944,5.245831005069444,4.813789497674045,0.5027281380290376,20.295134932232248,35.13064228546915,36.64620004558069,Poor
2023,Eastern,Multilayer Laminate,Bottles,Rigid,4486.19,1981.47,281.78,340.59,155.02,2450.53,1025.17,233.1,412399.05,102177.0,13907.19,0.81,51.1,4486.1900000000005,-9.094947017729282e-13,17.328512613152807,44.168214007877516,17.188753803994004,3.4554934142334592,6.281053633484092,5.195945780272347,54.62385676932988,22.85168483724497,Poor
2023,Eastern,Multilayer Laminate,Containers,Rigid,2739.98,1225.66,94.03,218.56,39.51,1459.82,653.34,274.72,411419.82,65568.0,8493.94,1.41,46.27,2739.9800000000005,-4.547473508864641e-13,12.85045876247272,44.73244330250586,17.832025194589036,1.4419813283308638,3.431776874283754,10.026350557303338,53.278491083876524,23.844699596347418,Poor
2023,Eastern,Multilayer Laminate,Sachets,Flexible,6021.45,2764.78,10.91,77.33,295.91,2031.88,1374.14,2231.28,934242.5,23199.0,18666.49,3.63,8.13,6021.450000000001,-9.094947017729282e-13,6.379692598958724,45.915518687359366,2.796967570656616,4.914264836542694,0.18118559483180963,37.05552649278829,33.74403175314916,22.82074915510384,Poor
2023,Eastern,Multilayer Laminate,Films,Flexible,2492.86,1223.45,1.13,62.15,70.16,890.09,829.89,639.44,333068.8,18645.0,7727.87,2.5,15.21,2492.86,0.0,5.352887847693011,49.07816724565359,5.079897012546487,2.81443803502804,0.045329460940445904,25.650858852883836,35.70557512255,33.29067817687314,Poor
2023,Eastern,Multilayer Laminate,Pouches,Flexible,2940.71,1661.19,3.98,50.6,89.34,1231.4,1128.76,436.63,261583.62,15180.0,9116.2,1.8,23.53,2940.71,0.0,4.894056197312895,56.489419221888596,3.0460091861858065,3.038041833434783,0.1353414651563738,14.847774857092336,41.87424125466299,38.38392769093178,Poor
2023,Northern,PET,Bottles,Rigid,3914.67,1711.3,191.38,1110.74,24.08,1724.1,634.87,229.5,488894.18,999666.0,8612.27,0.53,60.38,3914.6699999999996,4.547473508864641e-13,33.877695948828375,43.71505133255166,64.9062116519605,0.6151220920281913,4.888790115131032,5.862563127926492,44.04202653097195,16.217714392273166,Fair
2023,Northern,PET,Containers,Rigid,2086.82,685.65,80.22,272.49,34.14,1117.37,468.47,114.13,158739.98,245241.0,4591.0,0.4,51.75,2086.8199999999997,4.547473508864641e-13,18.537775179459658,32.85621184385811,39.74185079851236,1.635982020490507,3.8441264699399085,5.469086936103737,53.54414851304855,22.448989371388045,Poor
2023,Northern,PET,Sachets,Flexible,4230.17,1880.68,36.2,96.55,120.11,1378.01,1082.95,1516.35,553725.79,86895.0,9306.37,3.69,8.72,4230.17,0.0,5.9775375457723925,44.45873333695809,5.133781398217666,2.839365793809705,0.8557575700267366,35.8460771080122,32.57575936664484,25.600625979570562,Poor
2023,Northern,PET,Films,Flexible,2224.6,685.26,1.93,105.72,28.13,847.58,665.54,575.7,231712.3,95148.0,4894.12,2.93,17.52,2224.6000000000004,-4.547473508864641e-13,6.103569180976356,30.803739998201923,15.42772086507311,1.2644969882226018,0.08675716982828374,25.8788096736492,38.10033264407085,29.917288501303606,Poor
2023,Northern,PET,Pouches,Flexible,2291.32,714.2,1.52,60.22,29.01,817.45,773.18,609.94,145516.71,54198.0,5040.9,2.8,13.41,2291.32,0.0,3.9605991306321244,31.169806050660753,8.431811817418088,1.2660824328334759,0.06633730775273641,26.619590454410556,35.67594225162789,33.74386816332943,Poor
2023,Northern,HDPE,Bottles,Rigid,3046.48,1110.59,125.46,680.9,10.24,1449.79,525.97,254.12,334883.81,544720.0,5788.31,0.37,55.46,3046.4799999999996,4.547473508864641e-13,26.80470575877734,36.45485937869278,61.30975427475486,0.3361256269530737,4.1181954255402955,8.341430109503428,47.589020771513354,17.264843360205877,Fair
2023,Northern,HDPE,Containers,Rigid,2158.73,818.14,65.72,373.49,13.63,981.31,470.33,254.25,181487.39,298792.0,4101.59,1.63,49.69,2158.73,0.0,20.97714860126093,37.89913513964229,45.65111105678735,0.63138975230807,3.0443825767928363,11.77775821895281,45.45774598954014,21.787347190246116,Fair
2023,Northern,HDPE,Sachets,Flexible,3748.15,1423.6,20.6,160.32,44.89,1265.04,1274.32,982.98,232761.31,128256.0,7121.48,2.7,15.56,3748.15,0.0,6.024572122246975,37.9814041593853,11.261590334363586,1.197657511038779,0.5496044715392927,26.225738030761843,33.751050518255674,33.99863932873551,Poor
2023,Northern,HDPE,Films,Flexible,1861.93,799.22,15.06,105.95,41.85,681.22,618.39,399.46,216168.41,84760.0,3537.67,2.18,22.65,1861.93,0.0,8.746837958462455,42.9242774970058,13.256675258376918,2.2476677426111613,0.8088381410686761,21.45408259171934,36.58676749394446,33.212311955873744,Poor
2023,Northern,HDPE,Pouches,Flexible,2149.72,772.7,10.72,60.99,53.37,887.41,763.05,374.18,218309.22,48792.0,4084.47,2.18,23.17,2149.72,0.0,5.81843216791024,35.94421599091975,7.893102109486216,2.4826489031129637,0.4986695941797072,17.40598775654504,41.28025975475877,35.495320320785964,Poor
2023,Northern,LDPE,Bottles,Rigid,3001.73,919.52,128.32,443.12,15.72,1488.95,676.36,249.26,152028.28,221560.0,7504.32,1.21,50.9,3001.7300000000005,-4.547473508864641e-13,19.560719984808763,30.6330016357234,48.190360187924135,0.5236980008195274,4.274868159361435,8.303878096964084,49.60306223411166,22.53233968411549,Poor
2023,Northern,LDPE,Containers,Rigid,1940.95,714.42,74.34,337.28,22.17,955.09,411.01,141.06,116799.0,168640.0,4852.38,1.13,52.92,1940.95,0.0,22.349365001674435,36.80774878281254,47.210324459001704,1.1422241685772432,3.830083206677143,7.26757515649553,49.20734691774646,21.175712924083566,Fair
2023,Northern,LDPE,Sachets,Flexible,3859.3,1524.39,4.55,142.64,56.31,1480.4,1218.29,957.11,389369.39,71320.0,9648.25,2.07,17.17,3859.3,0.0,5.2729769647345375,39.499131966937014,9.357185497149679,1.4590728888658564,0.11789702795843805,24.80009328116498,38.359287953774,31.56764180032648,Poor
2023,Northern,LDPE,Films,Flexible,1838.95,599.9,11.84,73.65,47.26,603.67,678.01,424.52,111485.16,36825.0,4597.38,2.23,18.11,1838.9499999999998,2.2737367544323206e-13,7.218793333152071,32.62187661437233,12.277046174362395,2.569944805459637,0.6438456728024144,23.084912585986565,32.8268849071481,36.86940917371326,Poor
2023,Northern,LDPE,Pouches,Flexible,1920.58,583.29,9.45,42.71,29.23,746.83,801.75,290.61,162029.55,21355.0,4801.45,1.26,21.93,1920.58,0.0,4.237782336585823,30.37051307417551,7.322258224896708,1.5219360818086205,0.49203886326005686,15.13136656634975,38.88564912682628,41.74520197023816,Poor
2023,Northern,PP,Bottles,Rigid,2670.88,1077.95,160.28,492.12,26.69,1256.81,605.16,129.82,172918.82,295272.0,4540.5,0.58,55.57,2670.88,0.0,25.42570239022345,40.35935721559935,45.65332343800733,0.9992961121428143,6.001018390942311,4.860570298927694,47.0560264781645,22.65770083268436,Fair
2023,Northern,PP,Containers,Rigid,1728.39,634.32,47.84,306.6,20.62,876.5,329.45,147.38,88652.18,183960.0,2938.26,1.07,52.29,1728.3899999999999,2.2737367544323206e-13,21.699963549893255,36.700050335861704,48.33522512296632,1.1930177795520687,2.7678938202604737,8.52701068624558,50.711934227807376,19.06109153605378,Fair
2023,Northern,PP,Sachets,Flexible,3296.76,1330.28,15.58,102.34,87.56,1126.86,1021.1,943.32,362712.69,61404.0,5604.49,3.03,14.04,3296.76,0.0,6.232786129411908,40.35113262718548,7.693117238476111,2.655940984481733,0.4725852048678095,28.613547846977035,34.18083208968805,30.972833933923,Poor
2023,Northern,PP,Films,Flexible,1679.96,619.93,2.4,55.24,18.04,577.25,490.38,536.65,114258.26,33144.0,2855.93,2.82,10.45,1679.96,0.0,4.504869163551514,36.901473844615346,8.910683464262096,1.0738350913116979,0.14286054429867376,31.944212957451366,34.3609371651706,29.189980713826518,Poor
2023,Northern,PP,Pouches,Flexible,1803.88,561.5,1.51,45.28,31.18,737.12,571.06,417.73,151431.18,27168.0,3066.6,1.93,17.87,1803.88,0.0,4.322349601969089,31.127347717143046,8.064113980409617,1.728496352307249,0.08370845067299376,23.15730536399317,40.86302858283256,31.657316451205176,Poor
2023,Northern,Multilayer Laminate,Bottles,Rigid,2762.16,1009.77,113.24,210.49,74.38,1492.81,587.74,283.5,173476.1,63147.0,8562.7,0.78,47.25,2762.16,0.0,14.412995626611059,36.557259536015295,20.84534101825168,2.692820111796565,4.099690097604773,10.26370666434964,54.04502273582993,21.278274973209374,Poor
2023,Northern,Multilayer Laminate,Containers,Rigid,1638.55,581.84,82.26,91.56,25.95,918.54,384.25,135.99,152010.84,27468.0,5079.51,0.66,47.1,1638.55,0.0,12.191876964389246,35.50944432577584,15.736284889316652,1.5837173110371976,5.0202923316346775,8.299411064660829,56.05810014952244,23.450611821427483,Poor
2023,Northern,Multilayer Laminate,Sachets,Flexible,3499.85,1070.1,27.96,36.94,66.18,1350.23,925.12,1093.42,342920.96,11082.0,10849.53,3.07,11.42,3499.85,0.0,3.745303370144435,30.575596096975584,3.4520138304831325,1.890938183064989,0.7988913810591883,31.241910367587185,38.579653413717736,26.433132848550656,Poor
2023,Northern,Multilayer Laminate,Films,Flexible,1593.64,511.14,4.49,24.75,31.96,531.83,538.13,462.48,131789.18,7425.0,4940.28,3.21,10.67,1593.64,0.0,3.8402650535880123,32.07374312893753,4.842117619438902,2.0054717502070734,0.2817449361210813,29.020355914761176,33.37202881453779,33.76735021711303,Poor
2023,Northern,Multilayer Laminate,Pouches,Flexible,1516.77,545.42,3.67,17.04,56.41,578.38,630.66,230.61,92151.72,5112.0,4701.99,1.69,21.84,1516.77,0.0,5.084488749118192,35.95930826690928,3.124197865864838,3.719087270977142,0.24196153668651146,15.20401906683281,38.13234702690586,41.57914515714314,Poor
2024,Greater Accra,PET,Bottles,Rigid,15380.78,11919.09,1132.44,6212.64,366.44,4864.18,1913.55,891.53,3093463.27,5591376.0,33837.72,1.01,68.73,15380.78,0.0,50.13737924864669,77.49340410564353,52.12344230977365,2.38245394576868,7.362695519993134,5.7963900400369806,31.625054125993614,12.44117658532272,Good
2024,Greater Accra,PET,Containers,Rigid,9766.58,7806.65,407.95,3496.42,331.12,3453.89,1336.85,740.35,2349836.26,3146778.0,21486.48,0.31,63.84,9766.58,0.0,43.36717663706231,79.93227926254636,44.78771303952399,3.390337252139439,4.17699952286266,7.580442693348132,35.36437524701584,13.688005422573715,Good
2024,Greater Accra,PET,Sachets,Flexible,17821.94,12936.44,217.47,1562.67,690.98,5460.68,4641.65,5248.49,3458054.75,1406403.0,39208.27,2.7,21.36,17821.940000000002,-3.637978807091713e-12,13.865606101243749,72.58715942259934,12.079598405743774,3.8771312214046283,1.2202375274521182,29.449599762988765,30.64021088613249,26.044583249635,Poor
2024,Greater Accra,PET,Films,Flexible,8389.91,5603.54,25.17,781.1,506.78,2805.85,2111.2,2159.81,1193948.29,702990.0,18457.8,2.47,26.05,8389.91,0.0,15.650346666412393,66.78903587761967,13.939402591932955,6.040350850009117,0.300003218151327,25.742945991077377,33.44314778108466,25.16355956142557,Poor
2024,Greater Accra,PET,Pouches,Flexible,8586.13,5659.83,66.89,666.93,221.74,3726.04,2713.63,1190.9,1759177.47,600237.0,18889.49,1.59,32.8,8586.130000000001,-1.8189894035458565e-12,11.129111718550732,65.91828914773012,11.78356947116786,2.5825371849715766,0.7790471376510723,13.870043896377066,43.39603523356856,31.604809151503648,Poor
2024,Greater Accra,HDPE,Bottles,Rigid,14948.37,10633.36,1695.34,5459.54,301.77,4775.86,2105.49,610.37,2568747.2,4367632.0,28401.9,0.72,69.59,14948.369999999999,1.8189894035458565e-12,49.88269624045966,71.13390958345292,51.34350760248877,2.018748532448688,11.341303433083338,4.083187665277217,31.94903524598334,14.085080848279777,Good
2024,Greater Accra,HDPE,Containers,Rigid,8622.9,6463.46,396.46,3424.32,198.27,2997.56,959.59,646.7,1995577.5,2739456.0,16383.51,0.29,66.22,8622.900000000001,-1.8189894035458565e-12,46.60902944485034,74.95691704646929,52.97967342568841,2.29934244859618,4.597757135070568,7.499797052035858,34.76278282248432,11.128390680629488,Good
2024,Greater Accra,HDPE,Sachets,Flexible,16032.46,11725.26,52.1,1382.1,316.47,5454.13,4896.03,3931.63,3879043.3,1105680.0,30461.67,2.66,22.52,16032.46,0.0,10.919534494394496,73.13450337627539,11.78737187917368,1.9739328836622705,0.3249657257838161,24.522936592388195,34.01929585353714,30.538233059680174,Poor
2024,Greater Accra,HDPE,Films,Flexible,8517.92,6040.49,0.16,541.81,429.49,2710.54,2562.4,2273.52,1449888.71,433448.0,16184.05,2.24,19.82,8517.92,0.0,11.404896970152336,70.91508255536563,8.969636569218723,5.042193399327536,0.0018783928470800383,26.691023160583804,31.821618423277044,30.082461445986812,Poor
2024,Greater Accra,HDPE,Pouches,Flexible,7727.75,5996.73,86.94,632.36,214.16,2749.04,2151.48,1893.77,2095301.09,505888.0,14682.72,2.23,24.44,7727.75,0.0,12.079324512309533,77.59994823849115,10.545080402152507,2.7713111837210054,1.1250363948109088,24.50609815276115,35.57361457086474,27.840962764064574,Poor
2024,Greater Accra,LDPE,Bottles,Rigid,13398.09,9063.84,1356.2,4787.88,171.73,4376.33,2019.55,686.4,1789053.2,2393940.0,33495.22,0.22,67.56,13398.089999999998,1.8189894035458565e-12,47.13962960392115,67.65023969834506,52.82396864904941,1.2817498613608358,10.122338333299746,5.123118295219692,32.663834919753484,15.073417181105665,Good
2024,Greater Accra,LDPE,Containers,Rigid,7486.9,5067.33,710.4,1960.71,124.78,2867.97,1352.27,470.77,1740022.71,980355.0,18717.25,0.57,61.54,7486.9000000000015,-1.8189894035458565e-12,37.34376043489295,67.68261897447542,38.693157935244,1.6666444055617144,9.488573374828032,6.287916227009845,38.30650870186593,18.061814636231286,Fair
2024,Greater Accra,LDPE,Sachets,Flexible,16678.17,12256.44,57.81,1234.54,835.56,5406.01,4086.71,5057.54,4011175.58,617270.0,41695.42,3.28,19.63,16678.170000000002,-3.637978807091713e-12,12.758653977025059,73.48791863855568,10.072582250637216,5.009902165525355,0.3466207623498262,30.324310161126792,32.41368807249237,24.50334778935579,Poor
2024,Greater Accra,LDPE,Films,Flexible,7759.77,5745.98,37.42,960.9,427.58,2591.92,2433.52,1308.43,763966.27,480450.0,19399.43,1.21,35.0,7759.77,0.0,18.37554463598792,74.04832875201197,16.722995903222778,5.510214864615833,0.48223078776819417,16.861711107416845,33.40202093618754,31.36072332040769,Poor
2024,Greater Accra,LDPE,Pouches,Flexible,7699.76,5389.09,47.24,310.52,225.53,3060.3,2351.15,1705.02,1042818.92,155260.0,19249.4,2.31,21.76,7699.76,0.0,7.575430922522259,69.99036333600009,5.762011768220608,2.929052334098725,0.6135256163828483,22.143807079701187,39.745394661651794,30.535367336124764,Poor
2024,Greater Accra,PP,Bottles,Rigid,11156.24,7498.31,665.77,4137.74,263.33,3822.42,1641.41,625.57,1722422.85,2482644.0,18965.61,0.7,66.01,11156.24,0.0,45.41709393128868,67.2118025427922,55.18230107850969,2.360383068130481,5.9676916237011755,5.607355166256732,34.26261894688533,14.71293195556926,Good
2024,Greater Accra,PP,Containers,Rigid,6644.16,4938.07,631.02,2013.81,142.58,2453.51,1075.54,327.7,1581775.16,1208286.0,11295.07,0.34,64.77,6644.16,0.0,41.952782594037465,74.32196094013389,40.78131739728275,2.145944709338728,9.497363097818234,4.93215094157877,36.9273166209122,16.18774984347156,Good
2024,Greater Accra,PP,Sachets,Flexible,15429.89,11328.68,300.04,963.51,770.85,4618.02,4267.45,4510.02,1551118.01,578106.0,26230.81,2.48,20.07,15429.89,0.0,13.184799113927578,73.42035490855736,8.505050897368449,4.995823042160379,1.944537517765843,29.229113104500428,29.92905328553866,27.65703449603335,Poor
2024,Greater Accra,PP,Films,Flexible,7960.57,5807.09,71.42,672.26,194.58,2747.34,2061.45,2213.52,1105873.34,403356.0,13532.97,3.12,21.75,7960.57,0.0,11.786341932801294,72.9481682844319,11.576538335035275,2.444297330467542,0.8971719361804494,27.806049064325794,34.511850282077795,25.89575872079512,Poor
2024,Greater Accra,PP,Pouches,Flexible,6693.93,5235.76,26.88,405.16,548.77,2250.36,2102.14,1360.62,1042520.01,243096.0,11379.68,1.81,27.38,6693.929999999999,9.094947017729282e-13,14.652229706614797,78.21653348630775,7.738322612190017,8.198024180115418,0.4015578292572524,20.326176102827485,33.617919518130606,31.40367467242711,Poor
2024,Greater Accra,Multilayer Laminate,Bottles,Rigid,12573.66,9588.91,1508.97,1756.34,217.69,5916.94,2699.42,474.3,2335831.76,526902.0,38978.35,0.72,57.85,12573.659999999998,1.8189894035458565e-12,27.70076493240632,76.26188397014076,18.316367553767844,1.731317691109828,12.001040269897548,3.7721713486765194,47.058215348593805,21.46884837032336,Fair
2024,Greater Accra,Multilayer Laminate,Containers,Rigid,6222.13,4386.68,323.33,767.2,120.36,2833.47,1446.77,731.0,956100.71,230160.0,19288.6,1.66,48.6,6222.129999999999,9.094947017729282e-13,19.461020582983636,70.50125921509193,17.489308543135127,1.934385813218303,5.196452018842422,11.748388413613988,45.53858566118033,23.252005342222034,Poor
2024,Greater Accra,Multilayer Laminate,Sachets,Flexible,13873.39,10954.77,1.76,478.52,1165.54,4584.21,4330.2,3313.16,3667067.06,143556.0,43007.51,2.43,21.39,13873.39,0.0,11.863142317775251,78.96245978812676,4.368142827279805,8.401263137560466,0.012686156736024867,23.88140173382281,33.043185551620766,31.21227039678118,Poor
2024,Greater Accra,Multilayer Laminate,Films,Flexible,6900.18,4631.19,0.07,287.25,164.55,2686.61,1858.95,1902.75,1264373.93,86175.0,21390.56,2.34,16.99,6900.18,0.0,6.548669744847235,67.11694477535369,6.202509506196032,2.3847203985982977,0.001014466289285207,27.57536759910611,38.93536110652186,26.940601549524796,Poor
2024,Greater Accra,Multilayer Laminate,Pouches,Flexible,7004.9,4725.43,69.55,115.84,325.54,2479.41,2534.42,1480.14,895975.92,34752.0,21715.19,2.28,19.73,7004.900000000001,-9.094947017729282e-13,7.293894274008195,67.45892161201445,2.451417119711857,4.647318305757399,0.992876415080872,21.130066096589534,35.395366100872245,36.180673528530036,Poor
2024,Ashanti,PET,Bottles,Rigid,10655.82,7107.22,677.9,4083.08,122.59,3453.89,1727.36,591.0,2310689.76,3674772.0,23442.8,0.25,66.17,10655.82,0.0,45.83007220467313,66.69801103997628,57.449748284139226,1.150451114977543,6.361781636701822,5.546264858077557,32.413178901295254,16.21048403595406,Good
2024,Ashanti,PET,Containers,Rigid,7018.75,3964.98,353.49,2140.4,131.44,2751.34,1131.47,510.61,569678.86,1926360.0,15441.25,0.95,61.04,7018.75,0.0,37.40452359750668,56.49125556544969,53.9826178190054,1.8726981300089047,5.036366874443455,7.274942119323241,39.19985752448798,16.1206767586821,Fair
2024,Ashanti,PET,Sachets,Flexible,13735.67,9209.63,68.78,753.61,503.9,4655.86,4603.26,3150.26,3005826.64,678249.0,30218.47,2.31,21.27,13735.67,0.0,9.655808562669312,67.04900452617163,8.18284773655402,3.6685505694298124,0.5007400439876613,22.934884137431958,33.89612592614703,33.5131813737517,Poor
2024,Ashanti,PET,Films,Flexible,6801.43,3776.43,66.41,302.59,391.95,2167.87,2221.25,1651.36,474357.1,272331.0,14963.15,2.51,20.91,6801.429999999999,9.094947017729282e-13,11.188088387295025,55.52405891114074,8.012593904825456,5.762758713976325,0.9764123132929398,24.279600025288797,31.87373831679514,32.65857327062103,Poor
2024,Ashanti,PET,Pouches,Flexible,6929.66,4069.68,34.91,385.96,348.25,3122.52,2113.37,924.65,706999.05,347364.0,15245.25,1.1,32.85,6929.66,0.0,11.09895723599715,58.7284224622853,9.48379233748108,5.02549908653527,0.5037765200601473,13.34336749566357,45.06021940470384,30.49745586363544,Poor
2024,Ashanti,HDPE,Bottles,Rigid,9342.24,5333.66,1058.0,2490.11,72.1,3696.48,1696.59,328.96,955253.33,1992088.0,17750.26,0.0,64.03,9342.24,0.0,38.75098477452945,57.09187518196921,46.68670293944496,0.7717635171008238,11.324907088663961,3.5212111870386544,39.56738426758465,18.16041977084725,Fair
2024,Ashanti,HDPE,Containers,Rigid,5834.2,3264.86,197.0,1563.03,76.28,2364.11,1208.27,425.51,1072072.65,1250424.0,11084.98,0.8,57.22,5834.200000000001,-9.094947017729282e-13,31.47492372561791,55.96071440814509,47.87433458096212,1.3074628912275892,3.3766411847382676,7.2933735559288335,40.52157965102328,20.710123067429983,Fair
2024,Ashanti,HDPE,Sachets,Flexible,11992.85,7373.14,91.1,849.23,454.46,3831.56,2755.03,4011.47,1835614.95,679384.0,22786.42,2.94,16.64,11992.85,0.0,11.630179648707355,61.479464847805154,11.517887901219833,3.789424532117053,0.759619273150252,33.44884660443514,31.948702768733035,22.972270978124467,Poor
2024,Ashanti,HDPE,Films,Flexible,5806.25,3601.55,14.85,631.0,130.78,1951.98,1727.95,1349.69,749504.0,504800.0,11031.88,2.69,26.09,5806.25,0.0,13.375758880516683,62.028848223896674,17.52023434354653,2.252400430570506,0.2557588805166846,23.245468245425187,33.618600645855764,29.760172228202368,Poor
2024,Ashanti,HDPE,Pouches,Flexible,6260.64,3911.12,5.26,306.23,373.88,2410.38,1883.19,1281.7,575897.53,244984.0,11895.22,1.56,25.35,6260.64,0.0,10.947283344833753,62.47156840195252,7.8297265233488105,5.971913414602979,0.0840169695111043,20.472347874977636,38.500536686345164,30.07983209384344,Poor
2024,Ashanti,LDPE,Bottles,Rigid,9339.26,6244.77,1091.78,2668.1,185.39,3604.51,1360.78,428.7,945241.82,1334050.0,23348.15,0.16,65.66,9339.260000000002,-1.8189894035458565e-12,42.2439251075567,66.86579022320826,42.72535257503478,1.985060914890473,11.690219567717355,4.590299445566351,38.595242021316466,14.570533425560484,Good
2024,Ashanti,LDPE,Containers,Rigid,5314.36,3101.9,157.95,1439.99,87.94,2190.49,902.49,535.5,627525.12,719995.0,13285.9,0.52,56.52,5314.36,0.0,31.72310494584485,58.3682701209553,46.42283761565492,1.6547618151574226,2.972135873369512,10.076472049315441,41.21832167937437,16.982101325465344,Fair
2024,Ashanti,LDPE,Sachets,Flexible,12457.71,6919.5,195.17,795.67,463.6,4108.72,3246.53,3648.02,1860384.56,397835.0,31144.27,2.47,19.76,12457.710000000001,-1.8189894035458565e-12,11.675018924023759,55.54391617721074,11.498952236433267,3.721390207349505,1.5666603252122582,29.283231027211265,32.98134247787114,26.06040757089385,Poor
2024,Ashanti,LDPE,Films,Flexible,5312.87,3335.04,36.66,522.98,109.4,1652.33,1489.69,1501.81,643057.61,261490.0,13282.17,2.73,21.22,5312.87,0.0,12.592817064976181,62.77285158492491,15.681371137977356,2.059150703856861,0.690022530195544,28.2673959648928,31.100516293453445,28.03927067667758,Poor
2024,Ashanti,LDPE,Pouches,Flexible,5425.38,3448.41,55.29,233.35,234.31,2006.81,1619.32,1276.3,618196.46,116675.0,13563.45,2.74,21.99,5425.38,0.0,9.638956165282432,63.56070911161983,6.766886768104722,4.318775827683959,1.0190991230107385,23.524619473658987,36.98929844545451,29.847125915604067,Poor
2024,Ashanti,PP,Bottles,Rigid,9290.95,5459.32,613.05,2927.31,65.19,3345.1,1661.2,679.1,1150815.5,1756386.0,15794.62,0.72,61.65,9290.95,0.0,38.80711875534794,58.75954557930028,53.62041426404753,0.7016505308929656,6.598356465162334,7.309263315376791,36.00385321199661,17.87976471727864,Fair
2024,Ashanti,PP,Containers,Rigid,5907.95,3664.08,380.15,1283.63,60.43,2859.22,981.32,343.2,535561.17,770178.0,10043.51,0.49,58.17,5907.95,0.0,29.184573329158177,62.01948222310616,35.03280496059038,1.0228590289355868,6.43455005543378,5.809121607325722,48.39614417860679,16.61016088490932,Fair
2024,Ashanti,PP,Sachets,Flexible,11304.65,7586.01,40.61,371.72,822.36,3822.32,3336.41,2911.23,2258204.94,223032.0,19217.9,2.24,19.85,11304.65,0.0,10.921965739761957,67.1052177643713,4.900072633703357,7.274528623177188,0.3592327051257668,25.75250007740178,33.81192695041421,29.513607232422057,Poor
2024,Ashanti,PP,Films,Flexible,5843.34,3977.99,47.48,402.46,189.19,2165.04,1903.18,1135.99,806131.59,241476.0,9933.68,1.92,26.44,5843.34,0.0,10.937751354533537,68.07733248450371,10.117169726419624,3.237703094463098,0.8125489873941957,19.44076504191096,37.05141237716785,32.57007122638765,Poor
2024,Ashanti,PP,Pouches,Flexible,5340.14,3519.0,63.43,180.56,210.67,2149.0,1914.19,822.29,1176542.21,108336.0,9078.24,1.32,26.92,5340.14,0.0,8.514008996018829,65.89714876389007,5.131003125888037,3.945027658450902,1.187796574621639,15.398285438209482,40.2423906489343,35.84531491683738,Poor
2024,Ashanti,Multilayer Laminate,Bottles,Rigid,9350.52,5243.35,798.89,873.33,394.39,4557.71,2091.87,634.33,810472.18,261999.0,28986.61,0.22,52.6,9350.519999999999,1.8189894035458565e-12,22.101551571463403,56.075490988736455,16.655954685458724,4.217840291235139,8.543802911495831,6.783900788405351,48.74285066498975,22.371696975141486,Fair
2024,Ashanti,Multilayer Laminate,Containers,Rigid,5536.89,3341.73,210.19,595.91,212.61,3132.01,1102.49,283.68,724076.5,178773.0,17164.36,0.91,52.01,5536.89,0.0,18.398595601501924,60.35391709064113,17.832380234190072,3.839881232966521,3.796174386704449,5.1234537800100775,56.56623122366528,19.911719394822725,Poor
2024,Ashanti,Multilayer Laminate,Sachets,Flexible,11287.41,7430.48,36.03,363.84,537.58,4109.96,3413.82,2826.18,2142149.52,109152.0,34990.97,2.71,18.91,11287.41,0.0,8.305271094077384,65.8298050659983,4.896588107363185,4.762651485150269,0.3192052029650735,25.038339176126318,36.411896085993156,30.244493643803143,Poor
2024,Ashanti,Multilayer Laminate,Films,Flexible,4838.41,2834.68,39.02,104.08,187.01,1728.65,1349.16,1430.49,856650.74,31224.0,14999.07,3.3,14.45,4838.41,0.0,6.822695885631851,58.58701515580531,3.671666643148433,3.8651127126473366,0.8064632802924928,29.56529107702737,35.72764606554633,27.884366971794456,Poor
2024,Ashanti,Multilayer Laminate,Pouches,Flexible,5306.2,3124.46,17.12,78.35,122.71,2157.5,1986.63,943.89,1027761.86,23505.0,16449.22,1.38,20.58,5306.2,0.0,4.11179375070672,58.88319324563718,2.5076333190375295,2.3125777392484266,0.32264143831744,17.788436169009838,40.659982661791865,37.439787418491576,Poor
2024,Western,PET,Bottles,Rigid,7164.82,3962.81,362.56,2644.44,77.58,2772.15,1000.19,307.9,1107634.17,2379996.0,15762.6,0.0,65.96,7164.82,0.0,43.05174449602362,55.30927504110361,66.7314355217636,1.0827906353544123,5.06028064906027,4.29738639630863,38.69113250577126,13.959736601896491,Good
2024,Western,PET,Containers,Rigid,4397.0,2274.24,258.51,996.27,92.71,1845.72,808.88,394.91,511601.57,896643.0,9673.4,1.29,56.46,4397.0,0.0,30.645667500568567,51.7225380941551,43.806722245673285,2.10848305662952,5.879235842619968,8.981350921082557,41.976802365249036,18.396179213099842,Fair
2024,Western,PET,Sachets,Flexible,8231.49,4743.57,114.04,421.52,213.38,3010.21,2145.92,2326.42,1141399.52,379368.0,18109.28,3.13,18.95,8231.49,0.0,9.098474273794901,57.627112466880234,8.886134282829177,2.5922402869954286,1.3854113896755025,28.26244094325572,36.56944247031825,26.06964231263113,Poor
2024,Western,PET,Films,Flexible,3996.84,2183.6,10.73,202.32,200.0,1389.14,1424.69,769.96,436038.58,182088.0,8793.05,2.4,24.17,3996.84,0.0,10.334414187207893,54.633160196555274,9.265433229529219,5.003953122967144,0.26846208504718727,19.26421873279891,34.755957206192896,35.645409873800304,Poor
2024,Western,PET,Pouches,Flexible,4512.56,2212.24,1.81,219.62,140.53,2064.31,1409.33,676.96,708238.1,197658.0,9927.63,1.14,28.87,4512.5599999999995,9.094947017729282e-13,8.021167585583349,49.0240572978531,9.927494304415434,3.1141968195436736,0.04011027000195011,15.001684188132677,45.74587373907493,31.23127448720903,Poor
2024,Western,HDPE,Bottles,Rigid,5715.89,2722.77,531.57,1433.49,77.38,2449.66,937.87,285.92,627732.03,1146792.0,10860.19,0.55,61.9,5715.89,0.0,35.732668053443994,47.63510144526924,52.64822221487676,1.3537699290924072,9.299864063164268,5.002195633575873,42.85701789222675,16.40811842075337,Fair
2024,Western,HDPE,Containers,Rigid,3803.41,1858.22,269.19,730.56,100.36,1825.37,712.12,165.81,414937.53,584448.0,7226.48,0.51,58.13,3803.4099999999994,4.547473508864641e-13,28.924307397835097,48.856683870526716,39.31504342865753,2.638684759202926,7.077596157132679,4.35950896695334,47.992985242190564,18.723198393021,Fair
2024,Western,HDPE,Sachets,Flexible,7316.02,3747.46,82.38,412.9,341.46,2489.05,2127.48,1862.75,768378.06,330320.0,13900.44,2.53,21.78,7316.02,0.0,11.437092845563571,51.222659314764044,11.018129613124621,4.667291778863371,1.1260220721102456,25.461248055636805,34.02191355409089,29.079745544708736,Poor
2024,Western,HDPE,Films,Flexible,3567.73,1681.39,7.19,147.38,139.67,1262.36,1032.0,979.13,221893.95,117904.0,6778.69,3.13,17.26,3567.73,0.0,8.247260863350085,47.12772547249932,8.765366750129356,3.9148141815664297,0.20152870312495622,27.444061069643723,35.38272234726282,28.925955719743367,Poor
2024,Western,HDPE,Pouches,Flexible,3974.55,2052.85,24.05,228.06,140.29,1400.66,1222.58,958.91,454446.87,182448.0,7551.65,2.5,21.43,3974.5499999999997,4.547473508864641e-13,9.872815790466845,51.64987231258884,11.109433226977131,3.529707765659005,0.6050999484218339,24.126253286535583,35.24071907511542,30.760211847882147,Poor
2024,Western,LDPE,Bottles,Rigid,6202.04,3710.3,469.95,1540.98,173.51,2536.34,1110.41,370.85,1078700.55,770490.0,15505.1,0.87,60.37,6202.040000000001,-9.094947017729282e-13,35.221314277237816,59.823864405905155,41.532490634180526,2.797627877279089,7.577345518571309,5.979484169724801,40.89525381971094,17.903947733326454,Fair
2024,Western,LDPE,Containers,Rigid,3499.61,1735.04,255.7,732.68,49.83,1655.78,595.81,209.81,276727.25,366340.0,8749.02,0.63,58.2,3499.6099999999997,4.547473508864641e-13,29.666448547123814,49.57809584496558,42.228421246772406,1.4238729458425365,7.30652844174065,5.995239469540891,47.313272050314175,17.025039933021105,Fair
2024,Western,LDPE,Sachets,Flexible,6705.74,3650.17,12.91,357.07,182.04,2199.67,2415.4,1538.65,1166198.53,178535.0,16764.35,2.03,19.33,6705.74,0.0,8.232051943558801,54.433515167602685,9.782284112794747,2.7146892065603496,0.19252163072233638,22.94526778550913,32.802792831216244,36.01988743971583,Poor
2024,Western,LDPE,Films,Flexible,3694.73,1999.9,38.83,208.08,160.1,1286.62,1312.22,688.88,487906.81,104040.0,9236.83,1.65,25.78,3694.73,0.0,11.015960570867152,54.12844781621391,10.4045202260113,4.333198907633305,1.0509563621699014,18.644934812557345,34.82311292029458,35.51599169628092,Poor
2024,Western,LDPE,Pouches,Flexible,3234.07,1796.62,23.17,114.83,191.71,1208.7,1251.63,444.03,348212.18,57415.0,8085.18,1.13,28.12,3234.0699999999997,4.547473508864641e-13,10.194893740704437,55.55291011017077,6.391446160011578,5.927824691487816,0.7164347092054285,13.729758477707655,37.3739591288995,38.701388652688415,Poor
2024,Western,PP,Bottles,Rigid,5527.57,3170.45,292.88,1806.58,108.77,2248.14,863.12,208.08,673808.69,1083948.0,9396.87,0.66,64.29,5527.57,0.0,39.949381011909395,57.35703030445567,56.981816461385606,1.9677724569747645,5.298530819148378,3.7644028026782115,40.671398100792935,15.614818084619465,Fair
2024,Western,PP,Containers,Rigid,3598.88,1687.87,155.39,711.47,52.44,1638.64,792.58,248.36,371887.24,426882.0,6118.1,0.38,54.41,3598.88,0.0,25.544058151424885,46.899868848086065,42.15194298139075,1.4571199928866758,4.317732183345929,6.901035877828658,45.531943271239946,22.02296269950651,Fair
2024,Western,PP,Sachets,Flexible,7004.41,3995.2,58.3,267.19,320.84,2248.78,2244.96,1864.34,516478.7,160314.0,11907.5,2.26,17.54,7004.41,0.0,9.227472406669511,57.03835155280744,6.687775330396476,4.58054282944602,0.8323327732100205,26.616660075580956,32.10520229398337,32.050665223766174,Poor
2024,Western,PP,Films,Flexible,2969.07,1404.2,1.94,237.78,65.2,1005.56,1066.11,592.48,336498.07,142668.0,5047.42,1.86,24.27,2969.07,0.0,10.26988248845598,47.29427059651675,16.933485258510185,2.1959738234531354,0.06534032542176506,19.955070106127508,33.86784413974746,35.90720326566904,Poor
2024,Western,PP,Pouches,Flexible,3539.99,1802.73,12.08,98.19,108.32,1527.61,1158.84,634.95,455650.72,58914.0,6017.98,1.36,23.82,3539.99,0.0,6.174876200215254,50.92472012632805,5.4467391123462745,3.0598956494227383,0.3412439018189317,17.936491346020752,43.15294675973661,32.73568569402738,Poor
2024,Western,Multilayer Laminate,Bottles,Rigid,4829.1,2468.21,474.97,436.34,139.76,2578.41,943.26,256.36,469564.87,130902.0,14970.21,0.19,54.25,4829.099999999999,9.094947017729282e-13,21.765339297177526,51.111180137085576,17.678398515523394,2.8941210577540324,9.835580128802468,5.308649644861362,53.39317885320245,19.53283220475865,Fair
2024,Western,Multilayer Laminate,Containers,Rigid,2886.79,1628.48,84.0,303.56,79.61,1566.44,597.7,255.48,305950.74,91068.0,8949.05,1.12,48.88,2886.7900000000004,-4.547473508864641e-13,16.183026822179652,56.411446624104975,18.640695617999604,2.7577343693167844,2.9098063939531453,8.849968303894636,54.26234675885673,20.704658115068987,Poor
2024,Western,Multilayer Laminate,Sachets,Flexible,6634.87,3177.35,9.31,154.99,185.27,2354.18,1840.02,2091.1,811959.97,46497.0,20568.1,3.18,11.51,6634.870000000001,-9.094947017729282e-13,5.268678964320326,47.88865493973506,4.8779643413536435,2.792368200130523,0.14031925267563647,31.51681947046438,35.481931070239504,27.73257049497579,Poor
2024,Western,Multilayer Laminate,Films,Flexible,2904.69,1503.99,23.97,78.14,54.28,1044.18,928.55,775.57,398101.71,23442.0,9004.54,2.32,15.16,2904.69,0.0,5.384051310122595,51.77798663540688,5.1955132680403455,1.8687019957379272,0.8252171488179462,26.700611769242155,35.948070189934214,31.967266730701038,Poor
2024,Western,Multilayer Laminate,Pouches,Flexible,3217.93,1775.01,0.87,48.94,103.45,1192.36,1145.92,726.39,585819.63,14682.0,9975.58,2.56,16.72,3217.93,0.0,4.762689057872607,55.15999415773495,2.757167565253153,3.2147995761250248,0.027036013834980874,22.573206999530754,37.053633857790565,35.610470084806074,Poor
2024,Central,PET,Bottles,Rigid,6614.18,3616.47,293.95,2241.2,72.62,2348.02,1216.92,441.47,944451.39,2017080.0,14551.2,0.96,61.92,6614.179999999999,9.094947017729282e-13,39.426958443828255,54.67752616348511,61.972033502282606,1.0979441140095976,4.444239497564324,6.674599118862807,35.49978984545325,18.39865259185568,Fair
2024,Central,PET,Containers,Rigid,3356.66,1435.03,180.58,570.02,70.85,1719.44,660.48,155.29,374031.7,513018.0,7384.65,0.66,55.64,3356.6600000000003,-4.547473508864641e-13,24.47224324179393,42.75172343937128,39.72181766234853,2.1107291176347918,5.37975249206056,4.626324977805318,51.22472934405033,19.67670243635042,Fair
2024,Central,PET,Sachets,Flexible,7089.38,2950.56,6.16,320.63,201.66,2286.43,1903.84,2370.66,624220.62,288567.0,15596.64,2.87,11.77,7089.38,0.0,7.454107411367426,41.61943639641266,10.866750718507673,2.844536475686167,0.08689053203524144,33.439595564069066,32.25148038333394,26.854816641229558,Poor
2024,Central,PET,Films,Flexible,3539.63,1934.06,33.79,227.13,138.71,1220.15,892.77,1027.08,265231.97,204417.0,7787.19,2.91,19.87,3539.63,0.0,11.290163096142816,54.64017425550127,11.74368944086533,3.9187711709980992,0.954619550630998,29.01659212968587,34.47111703765648,25.22212773651483,Poor
2024,Central,PET,Pouches,Flexible,4003.63,2017.76,2.86,127.45,187.65,1460.35,1269.3,956.02,255282.18,114705.0,8807.99,2.72,19.17,4003.6299999999997,4.547473508864641e-13,7.941792823013117,50.39826357580496,6.316410276742526,4.686996550630303,0.07143517258088285,23.878829961809657,36.47564834912317,31.703728866054053,Poor
2024,Central,HDPE,Bottles,Rigid,5806.53,2548.23,420.56,1198.56,31.25,2755.48,1134.36,266.32,551037.88,958848.0,11032.41,0.47,58.0,5806.53,0.0,28.422655183043915,43.88559087785649,47.035000765237044,0.5381871789175291,7.242879998897793,4.586560303658123,47.454848248437536,19.535936264860425,Fair
2024,Central,HDPE,Containers,Rigid,3278.69,1444.59,76.44,742.18,41.07,1543.12,665.71,210.17,458348.29,593744.0,6229.51,0.64,55.25,3278.69,0.0,26.22053320076006,44.05997517301117,51.376515135782476,1.2526344363145037,2.331418950861472,6.410182115418047,47.06513882068752,20.304145863134362,Fair
2024,Central,HDPE,Sachets,Flexible,6101.72,3077.91,19.03,273.52,99.86,1711.71,1863.48,2134.12,981154.72,218816.0,11593.27,3.46,8.34,6101.719999999999,9.094947017729282e-13,6.4311374497682605,50.44331762191644,8.886549639203226,1.6365877162504996,0.31187927338520943,34.975711766518295,28.052909671371353,30.54024111234209,Poor
2024,Central,HDPE,Films,Flexible,3454.99,1703.02,27.35,209.84,147.64,1276.13,967.02,827.01,385567.87,167872.0,6564.48,2.68,23.58,3454.99,0.0,11.138382455520855,49.29160431723392,12.32164038003077,4.273239575223084,0.7916086587804886,23.936682884755093,36.935852202177145,27.98908245754691,Poor
2024,Central,HDPE,Pouches,Flexible,3505.86,1693.94,6.09,132.68,182.15,1439.06,956.37,789.51,385553.75,106144.0,6661.13,2.4,23.18,3505.8599999999997,4.547473508864641e-13,9.153816752522918,48.3173886007998,7.8326268935145285,5.1955868174998425,0.1737091612329072,22.519724119046394,41.0472751336334,27.27918399479728,Poor
2024,Central,LDPE,Bottles,Rigid,5527.24,2251.75,410.48,1032.45,38.63,2610.77,1142.78,292.13,296978.14,516225.0,13818.1,0.19,56.59,5527.24,0.0,26.804698185712944,40.73913924490343,45.85100477406462,0.6989021645522903,7.426491341067151,5.285278004935556,47.23460533647897,20.675418472872536,Fair
2024,Central,LDPE,Containers,Rigid,3305.56,1387.97,101.79,591.09,53.2,1517.95,712.06,329.47,363953.01,295545.0,8263.9,0.61,51.3,3305.5600000000004,-4.547473508864641e-13,22.57045704812498,41.98895194762763,42.5866553311671,1.6094096007938141,3.079357204225608,9.967146262660489,45.92111472791297,21.541281961301564,Fair
2024,Central,LDPE,Sachets,Flexible,5794.34,2697.58,32.12,281.74,196.1,1965.4,1690.23,1628.75,680775.41,140870.0,14485.85,2.73,17.21,5794.34,0.0,8.801002357472983,46.55543167988071,10.444175890983772,3.3843371289913953,0.5543340570280653,28.109327378096555,33.91930746210958,29.170362802320888,Poor
2024,Central,LDPE,Films,Flexible,3120.29,1328.0,17.61,203.06,58.93,1204.62,858.5,777.57,341110.96,101530.0,7800.73,2.08,21.73,3120.29,0.0,8.96070557544331,42.56014665303546,15.29066265060241,1.8886065077284484,0.564370619397556,24.919799121235528,38.60602700390027,27.51346829942089,Poor
2024,Central,LDPE,Pouches,Flexible,3176.96,1313.5,25.2,109.61,118.97,1217.03,1000.11,706.04,416938.89,54805.0,7942.4,2.68,21.4,3176.96,0.0,7.988139605157131,41.34455580177276,8.344880091358965,3.7447748791297344,0.7932111200644641,22.223761079774373,38.3080051369863,31.48009417808219,Poor
2024,Central,PP,Bottles,Rigid,4879.06,2633.38,395.01,1251.31,69.99,2102.14,856.14,204.47,624733.41,750786.0,8294.4,0.3,61.72,4879.06,0.0,35.177062794882616,53.97310137608473,47.51725918781185,1.4344976286415825,8.096026693666403,4.1907662541555135,43.08493849225055,17.547232458711306,Fair
2024,Central,PP,Containers,Rigid,2897.83,1585.39,134.8,666.36,32.95,1369.84,561.15,132.73,467629.97,399816.0,4926.31,0.11,57.89,2897.83,0.0,28.783952129697056,54.709558531728916,42.0312982925337,1.1370577294044166,4.6517566592933335,4.580323897537123,47.27123399233219,19.364489980433635,Fair
2024,Central,PP,Sachets,Flexible,5940.13,2602.05,17.8,112.36,103.15,1895.49,2119.88,1691.45,496953.84,67416.0,10098.22,2.48,10.62,5940.13,0.0,3.927691818192531,43.804596869092094,4.318133779135682,1.7364939824549297,0.299656741519125,28.474966036096856,31.909907695622824,35.68743445008779,Poor
2024,Central,PP,Films,Flexible,2751.78,1343.3,1.72,209.24,131.96,1061.75,776.18,570.93,359149.19,125544.0,4678.03,1.99,27.52,2751.7799999999997,4.547473508864641e-13,12.461752029595388,48.81567567174701,15.576565175314524,4.795441496049829,0.06250499676572982,20.74766151363844,38.584116462798626,28.206469993967538,Poor
2024,Central,PP,Pouches,Flexible,2793.35,1204.01,15.75,79.93,51.17,1036.22,976.22,634.06,177012.9,47958.0,4748.69,2.56,17.84,2793.35,0.0,5.257128537419229,43.102726117385934,6.638649180654646,1.8318506452825463,0.5638391179050245,22.698909911038715,37.095960047971076,34.948001503570985,Poor
2024,Central,Multilayer Laminate,Bottles,Rigid,4733.77,1975.17,322.7,369.18,147.64,2638.01,1022.93,233.31,671690.88,110754.0,14674.69,0.32,51.82,4733.77,0.0,17.734701939468962,41.725094375096376,18.69104937802822,3.118867203096052,6.816976743694771,4.928629823586697,55.72746457897194,21.609203657972394,Poor
2024,Central,Multilayer Laminate,Containers,Rigid,2998.74,1604.99,123.65,316.63,139.3,1557.74,661.26,200.16,301471.95,94989.0,9296.09,0.18,50.99,2998.74,0.0,19.327450862695663,53.52214596797322,19.727848771643437,4.645284352761494,4.123398494034162,6.6748034174353235,51.94648419002649,22.051261529842535,Poor
2024,Central,Multilayer Laminate,Sachets,Flexible,5182.7,2292.26,30.51,53.13,239.84,1549.02,1581.6,1728.6,619691.84,15939.0,16066.37,3.79,8.8,5182.7,0.0,6.241534335385031,44.22906978987787,2.317799900534843,4.627703706562217,0.5886892932255389,33.353271460821574,29.88828216952554,30.51691203426785,Poor
2024,Central,Multilayer Laminate,Films,Flexible,2472.16,1080.8,20.06,71.23,93.86,793.41,773.5,720.1,187263.83,21369.0,7663.7,2.59,14.12,2472.16,0.0,7.48940198045434,43.71885314866352,6.590488527017026,3.7966798265484436,0.8114361529998058,29.12837356805385,32.093796518024725,31.28842793346709,Poor
2024,Central,Multilayer Laminate,Pouches,Flexible,2915.36,1225.2,11.48,49.15,54.41,1146.88,877.36,776.08,194969.54,14745.0,9037.62,2.48,14.7,2915.36,0.0,3.945996377805828,42.02568464958015,4.011589944498857,1.8663218264639698,0.39377641183250095,26.620383074474507,39.33922397233961,30.094396575380056,Poor
2024,Eastern,PET,Bottles,Rigid,6308.28,2961.69,336.67,1954.19,29.38,2434.73,1149.19,404.12,979332.82,1758771.0,13878.22,0.43,61.07,6308.28,0.0,36.780865782749025,46.949247655462344,65.9822601285077,0.46573709473897795,5.336953971605573,6.406183618989646,38.59578205152594,18.217168546735405,Fair
2024,Eastern,PET,Containers,Rigid,3601.3,1888.05,228.95,974.9,40.19,1488.37,673.95,194.94,425156.42,877410.0,7922.86,0.89,60.41,3601.2999999999997,4.547473508864641e-13,34.5441923749757,52.42690139671785,51.63528508249252,1.1159858939827283,6.357426484880459,5.413045289201122,41.328686863077216,18.714075472745954,Fair
2024,Eastern,PET,Sachets,Flexible,7612.71,3714.26,17.47,342.47,262.87,2672.56,2546.27,1771.07,1026660.81,308223.0,16747.96,2.46,19.75,7612.709999999999,9.094947017729282e-13,8.181186463164893,48.79024683719727,9.22040998745376,3.4530410326940078,0.2294846381906049,23.264645572995686,35.10655206884276,33.44761589499666,Poor
2024,Eastern,PET,Films,Flexible,4157.78,1758.26,19.59,303.37,112.99,1344.45,1452.19,925.19,401367.42,273033.0,9147.12,2.6,22.43,4157.780000000001,-9.094947017729282e-13,10.48516275512413,42.2884327694106,17.253989739856447,2.717556003444146,0.471164900499786,22.252019106350026,32.33576572113003,34.92705241739583,Poor
2024,Eastern,PET,Pouches,Flexible,3908.99,2063.44,33.19,195.19,120.79,1588.13,1200.02,771.67,431811.83,175671.0,8599.78,1.57,25.24,3908.9900000000002,-4.547473508864641e-13,8.93248639674187,52.78703706072413,9.459446361415887,3.0900565107610922,0.849068429440853,19.74090493963914,40.62763015510401,30.69897850851499,Poor
2024,Eastern,HDPE,Bottles,Rigid,6242.47,2712.76,428.03,1373.14,60.63,2696.81,1256.44,427.42,807228.7,1098512.0,11860.69,1.01,57.17,6242.470000000001,-9.094947017729282e-13,29.824732838123374,43.45651641097194,50.61782096462644,0.971250162195413,6.856741001558678,6.846969228526528,43.20100857513132,20.127289358218782,Fair
2024,Eastern,HDPE,Containers,Rigid,3230.79,1820.83,210.51,958.22,48.04,1236.38,558.55,219.09,406185.3,766576.0,6138.5,0.45,61.38,3230.79,0.0,37.66168646058704,56.35866150384271,52.62545103057398,1.4869428220342393,6.515743827361109,6.781313548698615,38.26865874909852,17.288341241615825,Fair
2024,Eastern,HDPE,Sachets,Flexible,6769.6,3263.23,28.08,236.21,322.37,2647.94,1924.47,1610.53,650154.05,188968.0,12862.24,1.94,21.21,6769.6,0.0,8.666095485700781,48.20417749940912,7.238533600144642,4.762024344126684,0.4147955566060032,23.790622784211767,39.115161900259984,28.428119829827462,Poor
2024,Eastern,HDPE,Films,Flexible,3299.58,1791.5,31.71,178.19,113.43,1178.42,992.61,805.22,426390.9,142552.0,6269.2,2.61,21.45,3299.58,0.0,9.799125949363253,54.294789033755805,9.946413619871617,3.437710254032331,0.9610314039968725,24.4037119875863,35.714242418732084,30.082919644318366,Poor
2024,Eastern,HDPE,Pouches,Flexible,3698.98,1559.22,12.56,166.78,133.34,1460.79,1178.59,746.92,373775.79,133424.0,7028.06,2.17,23.66,3698.98,0.0,8.453141136205117,42.152701555563965,10.696373827939611,3.6047775332659273,0.33955306598035134,20.1925936339207,39.49169771126094,31.86256751861324,Poor
2024,Eastern,LDPE,Bottles,Rigid,5355.36,2861.18,524.59,1153.8,83.55,2428.19,882.93,282.3,764672.42,576900.0,13388.4,0.9,60.41,5355.360000000001,-9.094947017729282e-13,32.9004959517194,53.42647366376864,40.3260193346801,1.5601192076723134,9.795606644557976,5.271354306713275,45.34130291894476,16.48684682262257,Fair
2024,Eastern,LDPE,Containers,Rigid,3213.06,1817.83,271.43,619.39,47.25,1467.31,476.59,331.09,224410.49,309695.0,8032.65,0.69,56.17,3213.0600000000004,-4.547473508864641e-13,29.19553323000504,56.576285534661665,34.0730431338464,1.4705607738417583,8.447710282409915,10.3045072298681,45.66705881620636,14.8329007239205,Fair
2024,Eastern,LDPE,Sachets,Flexible,7181.2,3222.92,48.59,363.83,89.48,2173.63,2230.21,2275.46,596872.1,181915.0,17953.0,3.36,12.09,7181.2,0.0,6.989082604578621,44.87996435136189,11.288831246199099,1.246031303960341,0.6766278616387235,31.686347685623574,30.268339553278008,31.056230156519803,Poor
2024,Eastern,LDPE,Films,Flexible,3380.37,1539.55,1.07,168.84,76.74,1196.06,930.65,1007.01,399509.86,84420.0,8450.92,3.08,15.21,3380.37,0.0,7.2965385445971895,45.54383100074844,10.966840960020786,2.2701656919212985,0.031653339723166404,29.789934237968037,35.38251729840224,27.531009919032535,Poor
2024,Eastern,LDPE,Pouches,Flexible,3480.29,1698.38,9.36,98.42,124.48,1466.55,1104.62,676.86,484511.91,49210.0,8700.73,1.66,22.94,3480.29,0.0,6.673581799217882,48.799956325478625,5.794933995925529,3.576713434799974,0.2689431053159363,19.44837930172486,42.13872981849214,31.73930908056512,Poor
2024,Eastern,PP,Bottles,Rigid,4813.44,2339.53,251.11,1183.62,57.39,2235.09,815.8,270.43,364552.29,710172.0,8182.85,0.94,58.92,4813.4400000000005,-9.094947017729282e-13,30.9990360324425,48.60411680627577,50.5922129658521,1.1922865975269248,5.216851150113017,5.618227296902009,46.434358795372965,16.948377875282542,Fair
2024,Eastern,PP,Containers,Rigid,3033.65,1474.16,78.96,651.78,59.38,1477.69,518.39,247.45,262417.17,391068.0,5157.2,1.13,54.8,3033.6499999999996,4.547473508864641e-13,26.04519308423846,48.59360835956686,44.21365387746242,1.9573780759151518,2.602805201654772,8.15684076937023,48.70996983831358,17.087996308077727,Fair
2024,Eastern,PP,Sachets,Flexible,6698.71,2959.15,44.18,176.95,96.94,2213.65,2260.29,1906.7,718353.92,106170.0,11387.81,2.49,12.26,6698.71,0.0,4.748227643829931,44.17492323148785,5.979757700691076,1.4471443009176392,0.6595299692030256,28.46368927748776,33.04591481046351,33.742168268218805,Poor
2024,Eastern,PP,Films,Flexible,2772.64,1523.03,5.37,197.04,79.66,996.35,777.37,716.85,260862.3,118224.0,4713.49,2.27,21.22,2772.64,0.0,10.173336603381616,54.93067978533095,12.937368272456878,2.873074037740204,0.19367822724911998,25.854420335853195,35.93506549714352,28.037177563621675,Poor
2024,Eastern,PP,Pouches,Flexible,3030.14,1591.81,8.4,68.43,116.21,1229.55,958.56,648.99,363521.15,41058.0,5151.24,2.22,20.66,3030.1399999999994,4.547473508864641e-13,6.370662741655502,52.53255625152633,4.298879891444331,3.8351363303345725,0.277214914162382,21.417822278838603,40.577333060518654,31.63418191898724,Poor
2024,Eastern,Multilayer Laminate,Bottles,Rigid,5214.86,2881.42,342.19,530.97,107.72,2764.5,1108.28,361.2,390700.87,159291.0,16166.07,0.92,51.48,5214.86,0.0,18.80932565783166,55.2540240773482,18.42737261489127,2.0656355108286704,6.561825245548299,6.926360439206422,53.01196964060397,21.252344262357955,Poor
2024,Eastern,Multilayer Laminate,Containers,Rigid,3058.63,1426.3,166.04,236.12,112.68,1519.09,678.56,346.14,460937.99,70836.0,9481.75,1.13,47.52,3058.6299999999997,4.547473508864641e-13,16.832372663578134,46.63198883160107,16.55472200799271,3.6840023147618384,5.428574230946535,11.31683139183229,49.665700002942486,22.185095941647074,Poor
2024,Eastern,Multilayer Laminate,Sachets,Flexible,5549.2,2999.82,19.8,92.67,311.59,1828.56,1458.38,1838.2,605581.85,27801.0,17202.52,3.1,11.54,5549.2,0.0,7.6418222446478765,54.05860304187991,3.089185351121067,5.615043609889714,0.3568081885677215,33.12549556692857,32.9517768326966,26.28090535572695,Poor
2024,Eastern,Multilayer Laminate,Films,Flexible,2695.53,1452.71,7.32,68.04,89.15,938.19,713.78,879.05,204338.08,20412.0,8356.14,3.35,11.46,2695.5299999999997,4.547473508864641e-13,6.103066929323733,53.89329742202832,4.683660193706935,3.3073273159638363,0.2715606949282701,32.61139738752675,34.80540005119587,26.480135631953637,Poor
2024,Eastern,Multilayer Laminate,Pouches,Flexible,2939.53,1431.56,12.36,26.71,106.51,1199.7,991.83,602.42,212474.53,8013.0,9112.54,1.65,19.63,2939.53,0.0,4.952492405248458,48.70030242929992,1.8657967531923219,3.623368361608829,0.4204753821189101,20.49375240259497,40.812646919745674,33.7411082724109,Poor
2024,Northern,PET,Bottles,Rigid,3896.15,1283.67,141.42,667.89,55.12,1919.23,779.54,332.95,216010.02,601101.0,8571.53,0.85,52.33,3896.1499999999996,4.547473508864641e-13,22.186774123172874,32.94714012550852,52.0297272663535,1.4147299256958792,3.629737048111597,8.5456155435494,49.25965376076383,20.00795657251389,Fair
2024,Northern,PET,Containers,Rigid,2067.72,828.55,84.77,468.38,12.34,974.07,329.31,198.85,175378.04,421542.0,4548.98,0.63,55.25,2067.72,0.0,27.34848045189871,40.0707058982841,56.53008267455193,0.5967926024800263,4.099684676842126,9.616872690693132,47.10840926237596,15.92623759503221,Fair
2024,Northern,PET,Sachets,Flexible,4350.57,1476.96,24.65,132.37,152.18,1751.1,1203.32,1086.95,439781.09,119133.0,9571.25,2.34,19.47,4350.57,0.0,7.107114699912886,33.948655003827085,8.962328025132706,3.497932454827759,0.5665924235215156,24.984082545505533,40.249898289189694,27.658904465391892,Poor
2024,Northern,PET,Films,Flexible,2124.21,910.61,5.63,143.95,61.63,724.84,670.19,517.97,127656.39,129555.0,4673.26,2.61,21.09,2124.21,0.0,9.942990570612134,42.86817216753522,15.808084690482202,2.9013139002264374,0.26503970888000716,24.384123980209115,34.1228033009919,31.55008214818686,Poor
2024,Northern,PET,Pouches,Flexible,2468.58,761.97,2.14,76.11,47.42,954.08,914.48,474.35,113613.86,68499.0,5430.88,1.9,20.25,2468.58,0.0,5.090780934788421,30.866733101621175,9.988582227646758,1.920942404135171,0.08668951380955854,19.2155004091421,38.64893987636617,37.044778779703314,Poor
2024,Northern,HDPE,Bottles,Rigid,3612.16,1223.58,168.48,750.16,27.99,1618.08,757.18,290.27,158229.83,600128.0,6863.1,0.43,54.49,3612.16,0.0,26.206757175761876,33.87391477675408,61.30861897056179,0.7748826187101346,4.664245216158753,8.03591203047484,44.795357902197026,20.961972891566262,Fair
2024,Northern,HDPE,Containers,Rigid,1936.49,697.7,93.89,297.85,27.2,958.42,371.2,187.93,176324.33,238280.0,3679.33,0.81,51.72,1936.49,0.0,21.633987265619755,36.02910420399796,42.69026802350581,1.4046031737834948,4.848462940681335,9.704671854747508,49.49263874329328,19.16870213633946,Fair
2024,Northern,HDPE,Sachets,Flexible,3774.82,1694.59,6.47,91.79,174.11,1390.57,1077.7,1034.18,355922.33,73432.0,7172.16,2.5,16.33,3774.8200000000006,-4.547473508864641e-13,7.215443385379965,44.89194186742679,5.416649455030421,4.612405359725762,0.17139890113965697,27.396803026369472,36.83804790692006,28.5497056813305,Poor
2024,Northern,HDPE,Films,Flexible,1994.12,721.08,10.39,95.46,70.7,767.18,675.45,374.94,239142.8,76368.0,3788.83,1.43,24.63,1994.1200000000001,-2.2737367544323206e-13,8.853529376366518,36.16031131526689,13.238475619903475,3.545423545222956,0.5210318335907569,18.802278699376167,38.47210799751269,33.87208392674464,Poor
2024,Northern,HDPE,Pouches,Flexible,2089.01,894.19,4.33,94.12,25.24,822.86,660.53,481.93,197595.18,75296.0,3969.12,1.85,19.53,2089.0099999999998,4.547473508864641e-13,5.92098649599571,42.80448633563267,10.525727194444134,1.2082278208337918,0.20727521649010774,23.069779464914,39.38995026352195,31.619283775568324,Poor
2024,Northern,LDPE,Bottles,Rigid,3512.91,1301.69,108.66,697.65,36.34,1846.42,667.09,156.75,328139.8,348825.0,8782.27,0.57,55.68,3512.9100000000003,-4.547473508864641e-13,23.98723565363189,37.05446481691817,53.59571019213484,1.0344699978080851,3.0931620793017753,4.4621126074963495,52.56098220563579,18.989669533235983,Fair
2024,Northern,LDPE,Containers,Rigid,1946.61,822.57,111.95,346.18,11.35,904.12,391.95,181.06,221508.67,173090.0,4866.52,0.78,53.12,1946.61,0.0,24.117825347655668,42.256538289641995,42.0851720826191,0.5830649179856263,5.751023574316376,9.301298154227092,46.44587256820832,20.13500392990892,Fair
2024,Northern,LDPE,Sachets,Flexible,4213.15,1348.61,27.17,56.65,143.2,1525.71,1396.61,1063.81,277706.1,28325.0,10532.88,2.24,15.58,4213.15,0.0,5.388367373580338,32.0095415544189,4.2006213805325485,3.398882071609129,0.6448856556258382,25.24975374719628,36.2130472449355,33.14883163428789,Poor
2024,Northern,LDPE,Films,Flexible,1977.48,724.62,0.5,72.85,67.04,688.49,591.13,557.47,138781.97,36425.0,4943.7,2.42,15.31,1977.48,0.0,7.0994396909197555,36.643607014988774,10.053545306505479,3.3901733519428774,0.025284705787163464,28.19092987034003,34.816534174808346,29.893096263931874,Poor
2024,Northern,LDPE,Pouches,Flexible,1855.89,788.32,15.46,55.56,22.15,761.0,705.22,296.5,108213.9,27780.0,4639.73,2.04,23.42,1855.89,0.0,5.020232880181477,42.47665540522337,7.04789933022123,1.193497459439945,0.8330235089364133,15.976162380313488,41.004585401074415,37.999019338430614,Poor
2024,Northern,PP,Bottles,Rigid,2967.7,1296.55,225.16,638.47,36.63,1311.63,561.73,194.08,320711.36,383082.0,5045.09,1.14,57.85,2967.7000000000003,-4.547473508864641e-13,30.335276476732826,43.688715166627354,49.24376229223709,1.2342891801731983,7.587020251373118,6.539744583347375,44.1968527816154,18.928126158304412,Fair
2024,Northern,PP,Containers,Rigid,1915.02,797.69,109.48,288.47,15.01,915.83,430.83,155.4,177143.2,173082.0,3255.53,0.88,52.02,1915.02,0.0,21.564265647356166,41.65439525435766,36.163171156715016,0.7838038245031382,5.716911572725089,8.114797756681392,47.82352142536371,22.49741517059874,Fair
2024,Northern,PP,Sachets,Flexible,3679.82,1125.03,20.76,124.65,43.27,1324.89,982.23,1184.02,166950.65,74790.0,6255.69,3.7,11.77,3679.82,0.0,5.127424710991298,30.57296280796343,11.079704541212235,1.1758727329054137,0.5641580294688326,32.176030349310565,36.004206727502975,26.69233821219516,Poor
2024,Northern,PP,Films,Flexible,1791.1,598.43,2.05,81.16,43.72,557.75,612.94,493.48,125389.8,48696.0,3044.87,2.57,14.55,1791.1,0.0,7.086706493216459,33.41131148456255,13.56215430376151,2.440958070459494,0.11445480431020044,27.55178381999889,31.140081514153316,34.22142817263135,Poor
2024,Northern,PP,Pouches,Flexible,1816.22,651.13,11.25,62.57,33.09,661.13,599.81,448.37,114939.14,37542.0,3087.57,2.55,17.17,1816.2199999999998,2.2737367544323206e-13,5.886401427139884,35.85083304885972,9.609448190069571,1.821915847199128,0.619418352402242,24.68698725925273,36.401427139883936,33.025184173723446,Poor
2024,Northern,Multilayer Laminate,Bottles,Rigid,2730.44,1156.65,93.27,246.74,49.43,1482.93,688.14,169.93,300861.95,74022.0,8464.36,0.98,48.66,2730.44,0.0,14.26290268235156,42.36130440515082,21.332295854407125,1.8103309356733714,3.4159329631854205,6.223539063301153,54.311026794216325,25.202531460130967,Poor
2024,Northern,Multilayer Laminate,Containers,Rigid,1634.85,617.85,58.73,88.52,37.7,880.91,395.67,173.32,155332.49,26556.0,5068.03,0.63,45.0,1634.85,0.0,11.312964492155244,37.7924580236719,14.327102047422514,2.3060219592011504,3.5923785056733033,10.60158424320274,53.88323087745053,24.20222038719149,Poor
2024,Northern,Multilayer Laminate,Sachets,Flexible,3168.04,1233.86,10.18,24.83,82.32,1034.01,1000.36,1016.34,330757.44,7449.0,9820.92,3.04,8.16,3168.04,0.0,3.703551722831782,38.94710925367104,2.0123839009287927,2.598452039746973,0.3213343265867855,32.08103433037462,32.6387924394894,31.576621507304203,Poor
2024,Northern,Multilayer Laminate,Films,Flexible,1803.08,716.37,9.13,36.24,20.82,598.13,609.92,528.84,220739.74,10872.0,5589.55,3.02,10.52,1803.08,0.0,3.670940834571955,39.73035028950463,5.058838309811969,1.1546908623022827,0.5063557912017216,29.32981343035251,33.17268229917696,33.82656343589857,Poor
2024,Northern,Multilayer Laminate,Pouches,Flexible,1630.59,539.0,3.67,15.62,29.44,590.22,648.47,343.17,78059.41,4686.0,5054.83,2.54,15.59,1630.5900000000001,-2.2737367544323206e-13,2.988488829196794,33.0555197811835,2.897959183673469,1.8054814514991506,0.2250719064878357,21.045756443986534,36.19671407282027,39.76904065399641,Poor
2025,Greater Accra,PET,Bottles,Rigid,17188.11,12526.76,2091.83,6649.24,328.23,5205.72,2313.6,599.49,2938399.9,5984316.0,37813.84,0.43,71.5,17188.11,0.0,52.764963687106956,72.88038068176198,53.08028572432137,1.9096340435335823,12.170215340720999,3.4878180323491064,30.28675055023502,13.460467730308917,Good
2025,Greater Accra,PET,Containers,Rigid,9118.59,6429.0,375.39,2787.42,172.49,3593.71,1803.94,385.64,828961.37,2508678.0,20060.9,0.58,61.45,9118.59,0.0,36.5769269152358,70.50432139179412,43.35697620158656,1.8916301752792921,4.116754893026224,4.229162622730049,39.41080803062754,19.78310243140661,Fair
2025,Greater Accra,PET,Sachets,Flexible,18183.45,14196.4,206.55,1126.99,985.13,6339.44,4650.19,4875.15,4958913.47,1014291.0,40003.59,2.61,22.69,18183.449999999997,3.637978807091713e-12,12.751540549235706,78.07319293093444,7.938561888929588,5.417728758843894,1.135923050906181,26.810918720044874,34.863790974760015,25.5737497559594,Poor
2025,Greater Accra,PET,Films,Flexible,9235.88,6987.23,50.85,1248.5,403.18,2510.38,2703.19,2319.78,2020812.68,1123650.0,20318.94,2.22,28.03,9235.880000000001,-1.8189894035458565e-12,18.43386878131808,75.6531050641628,17.86831119055763,4.3653663754834415,0.5505701676505109,25.117043530232095,27.18073426679429,29.268353421655547,Poor
2025,Greater Accra,PET,Pouches,Flexible,8849.27,6171.87,120.48,411.36,400.73,3517.89,3180.41,1218.4,2093613.48,370224.0,19468.39,1.39,30.07,8849.27,0.0,10.538383392076408,69.74439699545837,6.665078817279042,4.528396127590185,1.361468234102926,13.768367334254691,39.75344858954467,35.93980068412422,Poor
2025,Greater Accra,HDPE,Bottles,Rigid,15199.35,11126.98,944.62,5929.71,347.86,5218.75,1828.74,929.67,1898543.87,4743768.0,28878.76,0.31,67.34,15199.349999999999,1.8189894035458565e-12,47.516439847756644,73.20694634967943,53.291279394768395,2.288650501501709,6.214871030669075,6.116511561349663,34.3353498669351,12.031698723958591,Good
2025,Greater Accra,HDPE,Containers,Rigid,9296.87,7232.03,922.0,3168.39,236.86,3109.77,1353.99,505.86,918570.55,2534712.0,17664.05,0.18,66.95,9296.87,0.0,46.5452351167651,77.78994435761713,43.81052069750817,2.5477391853387212,9.91731625805244,5.44118611962951,33.44964488048128,14.563933883124102,Good
2025,Greater Accra,HDPE,Sachets,Flexible,18470.62,14088.5,178.73,1344.09,795.41,5541.12,4778.37,5832.9,4032138.52,1075272.0,35094.18,2.86,17.99,18470.620000000003,-3.637978807091713e-12,12.550905167233154,76.2751872974486,9.540334315221633,4.306352466782382,0.9676448327127082,31.579340596038463,29.999642675773742,25.87011156095464,Poor
2025,Greater Accra,HDPE,Films,Flexible,8294.7,5976.14,39.54,962.1,296.69,2693.96,2758.06,1544.35,1027613.56,769680.0,15759.93,1.97,30.84,8294.7,0.0,15.652525106393236,72.04769310523587,16.099020437941547,3.5768623337794008,0.4766899345365112,18.618515437568565,32.47808841790541,33.25087103813278,Poor
2025,Greater Accra,HDPE,Pouches,Flexible,8457.58,5587.53,54.52,521.18,381.85,3092.74,2431.97,1975.32,1874113.94,416944.0,16069.4,2.21,23.9,8457.58,0.0,11.321796542273322,66.06535202741209,9.327556183143535,4.514884872504902,0.6446288418200006,23.355617091413855,36.56767065756398,28.754915708748836,Poor
2025,Greater Accra,LDPE,Bottles,Rigid,13699.95,10532.53,1252.5,5468.24,160.81,4231.19,2107.26,479.95,1803267.34,2734120.0,34249.88,0.57,69.77,13699.95,0.0,50.230475293705446,76.88006160606426,51.917630426877494,1.173799904379213,9.14236913273406,3.5032974572899898,30.88471125807028,15.381515990934275,Good
2025,Greater Accra,LDPE,Containers,Rigid,8814.06,6426.91,668.42,2653.95,184.19,3197.41,1564.43,545.66,2157422.74,1326975.0,22035.15,0.98,62.57,8814.06,0.0,39.783709210057566,72.91656739346,41.29433895915767,2.089729364220348,7.583565348999212,6.190790623163445,36.27624499946676,17.749255167312228,Fair
2025,Greater Accra,LDPE,Sachets,Flexible,17452.7,12569.04,247.9,1461.05,709.88,4773.16,4333.4,5927.31,3560244.48,730525.0,43631.75,3.85,17.28,17452.7,0.0,13.85934554538839,72.0177393755694,11.624197233838064,4.067450881525494,1.4204105954952528,33.96213766351338,27.349120766414366,24.829396024683856,Poor
2025,Greater Accra,LDPE,Films,Flexible,7682.72,5853.62,60.97,552.58,523.45,2650.57,2043.8,1851.35,1350389.21,276290.0,19206.8,2.53,26.2,7682.719999999999,9.094947017729282e-13,14.799446029531207,76.19202574088342,9.439970479805659,6.813342149655331,0.793599141970552,24.09758523023096,34.5004113126601,26.602557427577732,Poor
2025,Greater Accra,LDPE,Pouches,Flexible,7942.28,5398.81,103.83,386.18,471.5,2979.2,2581.43,1420.14,1155967.43,193090.0,19855.7,1.83,28.16,7942.28,0.0,12.106221387309438,67.97556872837524,7.153057803478914,5.936582442321349,1.307307221603872,17.880759681099132,37.51063926227733,32.5023796693141,Poor
2025,Greater Accra,PP,Bottles,Rigid,12810.41,9282.08,892.7,4629.54,170.02,4768.39,1931.0,418.76,2521780.68,2777724.0,21777.7,0.23,67.04,12810.410000000002,-1.8189894035458565e-12,44.434643387682364,72.4573218187396,49.87610535569614,1.3272018616109869,6.968551357841006,3.268903961699899,37.222774290596476,15.073678360021264,Good
2025,Greater Accra,PP,Containers,Rigid,8243.29,6146.94,780.15,2389.06,346.61,3051.53,1043.21,632.73,1120719.55,1433436.0,14013.59,0.55,63.96,8243.29,0.0,42.65068922723815,74.56901310035191,38.865842191399295,4.204753199268739,9.464061072702766,7.675697446043994,37.01835068279776,12.655262643920084,Good
2025,Greater Accra,PP,Sachets,Flexible,14541.73,11317.99,10.83,553.69,587.7,4771.57,4869.13,3748.81,2824054.87,332214.0,24720.94,2.08,16.76,14541.73,0.0,7.923541421825328,77.8311108788294,4.892123071322736,4.04147236951862,0.07447532033671372,25.7796699567383,32.81294591496335,33.48384270647303,Poor
2025,Greater Accra,PP,Films,Flexible,7512.29,5342.61,12.18,730.09,428.7,2626.32,1761.03,1953.97,1813291.37,438054.0,12770.89,2.92,26.51,7512.29,0.0,15.587390795616251,71.11826087651035,13.665418213195423,5.706648704988758,0.1621343159010102,26.010311103538335,34.960311702556744,23.44198639828867,Poor
2025,Greater Accra,PP,Pouches,Flexible,8235.67,5372.51,100.34,478.09,505.05,3112.38,2880.24,1159.57,1483166.75,286854.0,14000.64,1.48,31.79,8235.67,0.0,13.155942382344122,65.23464393303763,8.89882010456937,6.13247009654345,1.2183586763432726,14.079850212551012,37.79146080403902,34.97274660106584,Poor
2025,Greater Accra,Multilayer Laminate,Bottles,Rigid,12967.41,9290.38,1411.35,1779.43,695.09,5925.85,2653.25,502.44,2806981.51,533829.0,40198.97,0.47,58.29,12967.410000000002,-1.8189894035458565e-12,29.96643123029194,71.64406770511613,19.153468426479865,5.360283973438027,10.883823369508637,3.8746364925609664,45.69802296680679,20.46090931034031,Fair
2025,Greater Accra,Multilayer Laminate,Containers,Rigid,7727.99,6115.15,345.09,1071.3,150.88,3783.93,1824.5,552.29,1924483.53,321390.0,23956.77,0.34,51.38,7727.99,0.0,20.280435145490614,79.12989017842932,17.518785311889324,1.9523834787570895,4.4654560888406944,7.146618978544226,48.96396087469057,23.608985001274586,Fair
2025,Greater Accra,Multilayer Laminate,Sachets,Flexible,13124.58,9691.06,154.7,255.8,1029.69,3575.43,3562.5,4546.46,2018727.71,76740.0,40686.2,3.7,11.86,13124.579999999998,1.8189894035458565e-12,10.97322733375087,73.83901046738256,2.639546138399721,7.845508199119515,1.1787043852069932,34.64080374381504,27.2422431803532,27.14372574208089,Poor
2025,Greater Accra,Multilayer Laminate,Films,Flexible,7109.38,4751.82,88.19,219.53,427.1,2551.04,2197.52,1626.0,1112545.9,65859.0,22039.08,2.48,22.25,7109.38,0.0,10.33592240110952,66.83873980572145,4.619914053983527,6.00755621446596,1.240473852853554,22.871192705974362,35.88273520335106,30.910149689565053,Poor
2025,Greater Accra,Multilayer Laminate,Pouches,Flexible,6907.63,5210.59,72.81,178.52,368.61,2490.71,2106.0,1690.98,864215.89,53556.0,21413.65,2.26,19.86,6907.629999999999,9.094947017729282e-13,8.974713469019042,75.43238418965694,3.426099539591486,5.33627307774157,1.054051823852754,24.479886733944927,36.05737423689456,30.48802556014147,Poor
2025,Ashanti,PET,Bottles,Rigid,10816.43,7113.98,781.29,3868.2,244.9,3985.0,1505.29,431.75,2121512.85,3481380.0,23796.15,0.03,67.12,10816.43,0.0,45.24958789545164,65.77012933102696,54.37462573692926,2.2641481523940894,7.223178072617305,3.9916127594779423,36.84210039726601,13.916698947804404,Good
2025,Ashanti,PET,Containers,Rigid,7077.68,4502.67,534.64,2288.19,172.96,2741.94,1078.59,261.36,691537.57,2059371.0,15570.9,0.16,65.62,7077.679999999999,9.094947017729282e-13,42.32728803788812,63.61788043539691,50.81851434815343,2.4437386262165,7.553887714618349,3.6927354726407526,38.74066078149902,15.2393157079721,Good
2025,Ashanti,PET,Sachets,Flexible,13743.9,8778.51,174.79,758.07,743.39,4387.18,4055.05,3625.42,1101305.89,682263.0,30236.58,2.22,21.1,13743.9,0.0,12.196319821884618,63.8720450527143,8.635520150913994,5.4088722997111445,1.271764200845466,26.378393323583555,31.9209249194188,29.50436193511303,Poor
2025,Ashanti,PET,Films,Flexible,7026.55,4990.92,72.02,445.53,474.93,2169.54,1994.91,1869.62,1062792.78,400977.0,15458.41,2.38,22.45,7026.55,0.0,14.124712696842689,71.02945257629989,8.92681108893751,6.759078068184243,1.0249695796656964,26.607937038802827,30.87631910396994,28.391031160384543,Poor
2025,Ashanti,PET,Pouches,Flexible,7160.93,4606.65,49.6,408.11,478.72,2462.84,2097.9,1663.76,1552387.91,367299.0,15754.05,1.92,24.55,7160.93,0.0,13.076932744769184,64.3303313955031,8.859149273333117,6.6851651950235516,0.6926474633881353,23.23385370335976,34.39273949054103,29.296474061330024,Poor
2025,Ashanti,HDPE,Bottles,Rigid,10212.25,6476.2,1175.98,3278.09,196.8,3545.49,1683.73,332.16,1022519.59,2622472.0,19403.27,0.18,67.52,10212.25,0.0,45.54206957330656,63.41599549560577,50.61749173898274,1.9270973585644693,11.515385933560186,3.252564322260031,34.71801023280863,16.487355871624764,Good
2025,Ashanti,HDPE,Containers,Rigid,6127.02,3734.27,451.22,1632.96,131.96,2646.36,994.7,269.82,1005126.78,1306368.0,11641.34,0.67,62.16,6127.0199999999995,9.094947017729282e-13,36.169948849522285,60.94757320850918,43.729028699049614,2.1537386853641736,7.364428384434847,4.4037721437175,43.1916331267076,16.23464588005262,Fair
2025,Ashanti,HDPE,Sachets,Flexible,12112.07,8483.23,156.83,734.63,352.34,3843.34,2771.68,4253.25,1676909.58,587704.0,23012.93,3.82,14.24,12112.07,0.0,10.269095208333505,70.03947302153966,8.659791140874407,2.9089990398007934,1.2948240886982987,35.115797712529734,31.73148768129643,22.883619397840334,Poor
2025,Ashanti,HDPE,Films,Flexible,6680.99,4544.3,40.1,710.21,245.79,2232.01,2135.75,1317.13,869952.72,568168.0,12693.88,1.93,29.61,6680.990000000001,-9.094947017729282e-13,14.909467010128738,68.01836254806548,15.628589661774091,3.6789457849809684,0.6002104478527883,19.714593196517285,33.40837211251627,31.96756768083772,Poor
2025,Ashanti,HDPE,Pouches,Flexible,6653.12,4271.68,72.06,412.22,133.49,2291.99,2054.7,1688.66,1152394.5,329776.0,12640.93,2.89,20.23,6653.119999999999,9.094947017729282e-13,9.285417969313645,64.2056659131355,9.650067420780582,2.0064270597854845,1.0831008609494492,25.381475157520082,34.44985209946611,30.88325477370016,Poor
2025,Ashanti,LDPE,Bottles,Rigid,9335.75,5686.55,1052.98,2325.04,85.51,3917.42,1337.23,617.57,1799790.66,1162520.0,23339.38,0.85,62.36,9335.75,0.0,37.09964384221943,60.91154968802721,40.88665359488618,0.9159414080282785,11.279008113970491,6.615108587954905,41.96149211364914,14.323755456176526,Fair
2025,Ashanti,LDPE,Containers,Rigid,6096.58,4213.61,387.34,1589.73,124.43,2439.13,1134.61,421.34,1272557.1,794865.0,15241.45,0.77,59.4,6096.58,0.0,34.47014555701721,69.1143231123023,37.72845612194769,2.0409803529191777,6.3533981346919095,6.911087855814244,40.00816851415056,18.610598073017986,Fair
2025,Ashanti,LDPE,Sachets,Flexible,12826.37,7472.66,11.22,871.19,242.52,4667.9,3675.19,3358.35,2402850.36,435595.0,32065.93,2.42,19.77,12826.37,0.0,8.770447133522579,58.26013127642504,11.658365294286105,1.8907921726879855,0.08747603569833086,26.183167957886756,36.39299349699096,28.653391411599692,Poor
2025,Ashanti,LDPE,Films,Flexible,5479.39,3293.72,38.08,346.22,227.34,1906.39,1347.75,1613.61,745343.5,173110.0,13698.48,2.99,19.46,5479.39,0.0,11.162556415951409,60.11107075787633,10.511518890494639,4.149001987447508,0.6949678705111335,29.448716006708775,34.792011519530455,24.596716057809353,Poor
2025,Ashanti,LDPE,Pouches,Flexible,6617.61,4763.12,22.43,406.54,277.48,2529.59,2488.66,892.91,1106553.89,203270.0,16544.02,0.87,29.75,6617.61,0.0,10.675304226148112,71.97643862361186,8.535161826701826,4.193054592216828,0.33894412030929594,13.492937782673806,38.225129616281414,37.60662837489668,Poor
2025,Ashanti,PP,Bottles,Rigid,9881.1,5928.47,872.59,2622.26,109.62,4010.48,1773.43,492.72,982528.66,1573356.0,16797.87,0.51,61.93,9881.1,0.0,36.47842851504387,59.99807713716084,44.231648300489,1.1093906548866017,8.830899393792189,4.986489358472235,40.58738399570898,17.947698130774913,Fair
2025,Ashanti,PP,Containers,Rigid,5323.38,3535.07,443.28,1240.63,133.47,2386.95,886.33,232.72,853201.96,744378.0,9049.75,0.45,61.15,5323.38,0.0,34.13958800611642,66.40649361871593,35.09492032689593,2.507241639710109,8.327040339032719,4.37165860787695,44.83899327119236,16.64976011481427,Fair
2025,Ashanti,PP,Sachets,Flexible,12400.07,7977.51,139.53,600.71,835.31,3397.84,3458.65,3968.03,1750673.85,360426.0,21080.12,3.53,16.06,12400.070000000002,-1.8189894035458565e-12,12.70597665980918,64.33439488648048,7.530043835733205,6.736332940055983,1.1252355833475134,32.000061289976585,27.401780796398732,27.892181253815508,Poor
2025,Ashanti,PP,Films,Flexible,6084.06,3541.58,49.66,340.97,178.89,2404.59,1761.91,1348.04,425727.46,204582.0,10342.9,2.43,23.93,6084.06,0.0,9.360854429443496,58.210800024983314,9.627623828912519,2.9403063086162855,0.8162312666213022,22.156914954816354,39.52278577134348,28.95944484439667,Poor
2025,Ashanti,PP,Pouches,Flexible,5339.16,3031.37,14.4,196.42,205.43,2296.14,1859.81,766.96,589100.18,117852.0,9076.57,1.26,27.65,5339.16,0.0,7.7961701840739,56.77615954569632,6.479578540395926,3.8476089871815042,0.26970534690850245,14.364806448954518,43.0056413368395,34.83338203013208,Poor
2025,Ashanti,Multilayer Laminate,Bottles,Rigid,8837.79,5801.67,566.04,1077.1,446.41,4226.16,2063.62,458.46,1581094.32,323130.0,27397.15,0.36,53.65,8837.789999999997,3.637978807091713e-12,23.643354277483393,65.64616267188968,18.56534411643544,5.051149665244365,6.404768612967721,5.187495969014877,47.81919461765894,23.34995513584278,Fair
2025,Ashanti,Multilayer Laminate,Containers,Rigid,5554.66,3073.65,379.79,516.12,224.71,2606.81,1180.23,647.0,730911.17,154836.0,17219.45,1.02,49.16,5554.66,0.0,20.17441211523298,55.334619940734456,16.791762237079695,4.045432123658334,6.837322176334826,11.647877637875226,46.93014513939647,21.24756510749533,Fair
2025,Ashanti,Multilayer Laminate,Sachets,Flexible,10640.69,7100.34,188.3,171.04,759.29,3231.71,2745.51,3544.84,1309200.35,51312.0,32986.14,2.94,13.67,10640.69,0.0,10.512758101213361,66.72819149885957,2.4088987287932686,7.135721461672127,1.7696220827784666,33.314005012832816,30.37124472191183,25.80199216404199,Poor
2025,Ashanti,Multilayer Laminate,Films,Flexible,4942.3,2962.95,36.4,180.81,304.59,1649.0,1473.81,1297.69,423515.26,54243.0,15321.13,2.49,19.35,4942.3,0.0,10.55783744410497,59.95083260829978,6.102364197843365,6.162920097930113,0.7364992007769662,26.25680351253465,33.36503247475871,29.82032656860166,Poor
2025,Ashanti,Multilayer Laminate,Pouches,Flexible,5359.26,2987.13,20.82,64.93,256.01,2156.09,1805.95,1055.46,1015279.29,19479.0,16613.71,1.68,21.25,5359.26,0.0,6.376999809675215,55.7377324481365,2.1736583275585595,4.77696547657699,0.3884864701469979,19.694136877106168,40.231113997081685,33.69774931613693,Poor
2025,Western,PET,Bottles,Rigid,7167.56,4016.72,589.74,2521.59,57.96,2501.0,1167.59,329.68,748269.76,2269431.0,15768.63,0.12,66.14,7167.56,0.0,44.217139444943605,56.04027032909386,62.77734071580793,0.8086433877079509,8.227904614680588,4.5996126994402555,34.893324925079106,16.289922930537028,Good
2025,Western,PET,Containers,Rigid,4324.42,2291.28,131.95,1273.23,76.33,1802.54,821.43,218.94,553963.27,1145907.0,9513.72,0.4,60.01,4324.42,0.0,34.25916076606805,52.98467771400558,55.568503194720854,1.7650921973351341,3.0512762405131784,5.062875483879918,41.6828152677122,18.995148482339825,Fair
2025,Western,PET,Sachets,Flexible,8267.9,4477.56,126.15,509.87,141.09,3060.0,2040.46,2390.33,1555689.78,458883.0,18189.38,3.34,19.45,8267.9,0.0,9.399121905199628,54.15595253933889,11.387228758520264,1.7064792752694156,1.5257804279200282,28.910968928022836,37.010607288428744,24.6793018783488,Poor
2025,Western,PET,Films,Flexible,3924.73,2315.64,16.82,416.93,127.32,1298.52,1169.98,895.16,295872.81,375237.0,8634.41,2.37,26.97,3924.7299999999996,4.547473508864641e-13,14.295760472694935,59.001256137364855,18.00495759271735,3.244044813273779,0.4285645127180724,22.808193175071914,33.08558805319092,29.810458299042224,Poor
2025,Western,PET,Pouches,Flexible,4017.7,2016.45,14.03,165.87,110.33,1726.13,1390.2,611.14,460067.77,149283.0,8838.94,1.98,26.81,4017.7000000000003,-4.547473508864641e-13,7.223784752470319,50.189162953928864,8.225842445882616,2.7460985140752174,0.34920476889762797,15.211190482116635,42.963138113846234,34.60188665156682,Poor
2025,Western,HDPE,Bottles,Rigid,5935.18,3513.27,590.24,1881.33,91.75,2079.27,928.86,363.73,984878.36,1505064.0,11276.84,0.7,64.96,5935.18,0.0,43.188580632769344,59.19399243156904,53.5492575293103,1.5458671851569792,9.944769998551012,6.128373528688262,35.03297288372046,15.650072954821926,Good
2025,Western,HDPE,Containers,Rigid,4114.37,1896.07,225.77,883.53,50.45,1824.91,861.94,267.77,443908.79,706824.0,7817.3,0.98,56.25,4114.37,0.0,28.1877905973454,46.084090638420946,46.59796315536874,1.2261901579099594,5.487352863257316,6.5081652841139706,44.3545427367981,20.94950138174253,Fair
2025,Western,HDPE,Sachets,Flexible,7564.27,3520.1,6.5,184.03,213.8,2674.79,2332.98,2152.17,463584.54,147224.0,14372.11,2.57,13.38,7564.27,0.0,5.3452613404862594,46.53588515481335,5.227976477940968,2.8264459095193586,0.08593030127163626,28.451787151965753,35.3608477751323,30.842103732415683,Poor
2025,Western,HDPE,Films,Flexible,3683.46,1960.12,5.67,178.38,204.14,1169.75,1068.95,1056.57,395538.61,142704.0,6998.57,3.16,17.36,3683.46,0.0,10.538732604670606,53.21409761474266,9.100463236944677,5.54207185635245,0.1539313580166474,28.684171947028066,31.756826462076415,29.020268986224906,Poor
2025,Western,HDPE,Pouches,Flexible,3865.5,1813.61,26.8,132.03,88.8,1598.92,1299.66,719.29,318539.43,105624.0,7344.45,1.76,23.31,3865.5,0.0,6.406157030138404,46.91786314836372,7.279955447973931,2.2972448583624367,0.6933126374337084,18.60794205148105,41.36385978528004,33.6220411331005,Poor
2025,Western,LDPE,Bottles,Rigid,5488.25,3105.66,312.16,1326.81,130.29,2388.34,943.22,387.43,519374.06,663405.0,13720.62,0.94,58.46,5488.250000000001,-9.094947017729282e-13,32.23723409101262,56.58743679679314,42.722319893356,2.373980777114745,5.6877875461212595,7.059262970892361,43.517332483031936,17.186170455063092,Fair
2025,Western,LDPE,Containers,Rigid,3788.84,1844.94,258.92,634.79,112.67,1627.27,772.82,382.37,527895.58,317395.0,9472.1,0.7,53.4,3788.84,0.0,26.56169170511291,48.6940593954878,34.40708098908365,2.9737333854161165,6.833753866618807,10.09200705229041,42.949029254336416,20.39727198826026,Fair
2025,Western,LDPE,Sachets,Flexible,7202.33,3318.3,38.79,346.11,190.03,2395.44,2246.76,1985.2,434511.92,173055.0,18005.83,2.64,16.51,7202.33,0.0,7.982555645187045,46.07259039782959,10.430340837175663,2.638451723261778,0.5385757109157732,27.56330243129654,33.259236941378695,31.19490498213773,Poor
2025,Western,LDPE,Films,Flexible,3394.29,1881.47,3.98,254.98,90.47,1430.06,914.97,699.83,415219.3,127490.0,8485.73,1.58,27.06,3394.29,0.0,10.294641883869673,55.43044348007978,13.552169314419043,2.665358587510201,0.11725574420571017,20.617861172734212,42.13134411025575,26.95615283314036,Poor
2025,Western,LDPE,Pouches,Flexible,3631.36,1907.03,12.27,95.43,114.93,1443.15,1156.37,809.21,487554.93,47715.0,9078.4,1.93,19.74,3631.36,0.0,6.130760927035601,52.515586446951005,5.004116348458075,3.1649299436023974,0.3378899365526965,22.283937698272823,39.74130904124075,31.843992333450828,Poor
2025,Western,PP,Bottles,Rigid,5471.92,2595.25,285.26,1168.23,87.63,2669.89,909.54,351.37,694451.04,700938.0,9302.26,0.96,57.14,5471.92,0.0,28.164154446702433,47.42850772672115,45.01416048550236,1.6014488515913976,5.2131610111258935,6.4213292591996955,48.79256275676545,16.621953537332416,Fair
2025,Western,PP,Containers,Rigid,3470.31,1694.38,129.2,609.13,54.96,1669.22,667.78,340.02,478549.63,365478.0,5899.53,1.26,52.1,3470.31,0.0,22.85934109632857,48.82503292213088,35.95002301726885,1.583720186381044,3.72301033625238,9.797971939106304,48.10002564612383,19.242661318441293,Fair
2025,Western,PP,Sachets,Flexible,6796.71,3770.21,43.88,209.02,231.56,2535.42,1649.64,2127.19,892411.13,125412.0,11554.41,2.96,14.56,6796.710000000001,-9.094947017729282e-13,7.127860391277545,55.47110293068263,5.543988265905613,3.4069424765805807,0.6456064772514938,31.297348275856997,37.30363661241983,24.27115472044563,Poor
2025,Western,PP,Films,Flexible,3434.7,1557.97,9.75,234.75,104.89,1220.4,1039.32,825.59,324234.32,140850.0,5838.99,2.74,22.1,3434.7,0.0,10.17235857571258,45.359711182927185,15.067684230119962,3.053832940285906,0.2838675866887938,24.03674265583603,35.53148746615425,30.259411302297146,Poor
2025,Western,PP,Pouches,Flexible,3749.41,1933.94,15.21,178.19,119.09,1334.78,1339.96,762.18,468704.5,106914.0,6374.0,2.34,22.03,3749.41,0.0,8.334377942129562,51.57984856284056,9.213832900710466,3.176233060668212,0.40566382444171223,20.327998271728084,35.599734358205694,35.737889427936665,Poor
2025,Western,Multilayer Laminate,Bottles,Rigid,5658.64,2728.88,452.66,565.65,104.6,2943.22,1310.92,281.59,548667.33,169695.0,17541.78,0.55,52.78,5658.639999999999,9.094947017729282e-13,19.84416750314563,48.225015197998104,20.728284131218665,1.8485006998147961,7.999448630766404,4.97628405411901,52.012851144444596,23.166697298290757,Poor
2025,Western,Multilayer Laminate,Containers,Rigid,3014.12,1745.02,132.23,279.58,97.68,1604.2,637.7,262.73,277514.38,83874.0,9343.77,1.09,49.22,3014.1200000000003,-4.547473508864641e-13,16.90344113704829,57.8948416121455,16.021592875726352,3.2407468846628538,4.387018433240879,8.716640346104336,53.222831207782036,21.157087309065332,Poor
2025,Western,Multilayer Laminate,Sachets,Flexible,6776.68,3519.46,75.4,148.98,139.86,2271.94,1608.05,2532.45,573031.29,44694.0,21007.71,3.36,7.74,6776.68,0.0,5.374903345000797,51.93487076267434,4.233035749802526,2.063842471534734,1.1126392274683177,37.37006911939179,33.525856319023475,23.72917121658393,Poor
2025,Western,Multilayer Laminate,Films,Flexible,2982.19,1676.66,15.75,101.12,151.55,1143.63,781.27,788.87,321430.58,30336.0,9244.79,2.78,19.63,2982.19,0.0,9.000767892052487,56.222440555430744,6.031037896770961,5.081835832056307,0.5281353636086232,26.4527075739641,38.348663230713,26.197861303270415,Poor
2025,Western,Multilayer Laminate,Pouches,Flexible,2899.23,1318.99,22.47,44.42,67.47,1208.47,894.39,662.01,169211.38,13326.0,8987.61,2.72,18.68,2899.2299999999996,4.547473508864641e-13,4.634333943840262,45.4944933654798,3.3677283375916427,2.3271696277977254,0.7750333709295226,22.83399385354042,41.682446718611494,30.84922548400782,Poor
2025,Central,PET,Bottles,Rigid,6153.38,2559.64,355.85,1550.79,32.62,2579.91,1344.01,290.2,423371.77,1395711.0,13537.44,0.55,58.75,6153.38,0.0,31.515362288693368,41.59730099555041,60.586254317013335,0.5301151562230839,5.783000562292593,4.716107245123817,41.92671344854372,21.841817017639087,Fair
2025,Central,PET,Containers,Rigid,4134.05,1744.71,256.62,951.63,58.8,1820.31,819.31,227.38,605041.74,856467.0,9094.91,0.23,58.23,4134.049999999999,9.094947017729282e-13,30.649121321706314,42.203408280015964,54.54373506198738,1.4223340307930479,6.207472091532516,5.500175372818422,44.03212346246417,19.81857984301109,Fair
2025,Central,PET,Sachets,Flexible,8025.42,3618.02,19.06,331.6,331.46,2512.77,2482.68,2347.85,766279.05,298440.0,17655.92,3.04,14.79,8025.42,0.0,8.499492861432797,45.08200193883934,9.165234023029171,4.130126522973252,0.23749535849837142,29.255166707786007,31.310137039556807,30.93520339122438,Poor
2025,Central,PET,Films,Flexible,3707.32,1701.36,23.67,323.03,106.76,1186.63,1041.42,1025.81,400653.74,290727.0,8156.1,2.29,21.19,3707.32,0.0,12.231477185675905,45.89191113796488,18.986575445525933,2.8797082528619056,0.638466601210578,27.669853155379087,32.00775762545451,28.0909120334905,Poor
2025,Central,PET,Pouches,Flexible,3621.68,1729.75,0.52,118.48,122.84,1455.15,1165.88,758.81,372569.53,106632.0,7967.7,2.53,21.28,3621.68,0.0,6.677564003445916,47.7609838527976,6.849544731897674,3.39179607254092,0.014357977513198296,20.951878686134613,40.1788672660202,32.19169004439929,Poor
2025,Central,HDPE,Bottles,Rigid,6040.62,2597.47,248.58,1528.9,65.92,2643.15,1112.2,441.87,900978.96,1223120.0,11477.18,0.77,57.36,6040.62,0.0,30.516735037131955,43.00005628561306,58.86112255386974,1.091278709801312,4.115140498822969,7.314977601636919,43.75627005174966,18.41201730948148,Fair
2025,Central,HDPE,Containers,Rigid,3163.67,1658.53,124.7,882.24,75.68,1300.71,524.97,255.37,338032.08,705792.0,6010.97,0.66,58.82,3163.67,0.0,34.22038328902825,52.4242414663982,53.19409356478327,2.3921584741771427,3.9416247585873365,8.0719544073813,41.113959420546394,16.59370288304406,Fair
2025,Central,HDPE,Sachets,Flexible,7045.05,3611.93,73.52,234.77,245.99,2186.79,1910.54,2393.44,1074048.17,187816.0,13385.59,3.56,11.4,7045.049999999999,9.094947017729282e-13,7.867651755487895,51.26904706141191,6.499849111140028,3.4916714572643204,1.0435695985124307,33.973357179863875,31.040091979474948,27.118899085173275,Poor
2025,Central,HDPE,Films,Flexible,3366.83,1798.94,5.85,339.77,59.15,1385.41,977.6,599.05,517790.54,271816.0,6396.98,2.09,30.86,3366.83,0.0,12.022288027610543,53.43126917604988,18.887233593115944,1.7568454599727341,0.17375394659070995,17.792701146182015,41.14879575149325,29.0362150747142,Poor
2025,Central,HDPE,Pouches,Flexible,3675.19,2016.72,11.86,189.92,73.3,1552.96,1157.32,689.83,516183.39,151936.0,6982.86,1.88,24.97,3675.1899999999996,4.547473508864641e-13,7.4847830996492695,54.87389767603852,9.417271609345867,1.994454708464052,0.3227044043981399,18.769913936422338,42.255230341832664,31.490072622095727,Poor
2025,Central,LDPE,Bottles,Rigid,5555.05,3032.69,262.9,1565.13,129.71,2259.24,1036.99,301.08,595550.55,782565.0,13887.62,0.2,60.38,5555.049999999999,9.094947017729282e-13,35.24252706996337,54.59338799830784,51.60863787594512,2.334992484316073,4.732630669390914,5.419933213922466,40.670020971908436,18.667518744205722,Fair
2025,Central,LDPE,Containers,Rigid,3464.57,1656.9,237.48,737.42,62.99,1663.36,616.62,146.7,545921.24,368710.0,8661.43,0.1,59.02,3464.5699999999997,4.547473508864641e-13,29.957252992434842,47.8241167013511,44.506005190415834,1.8181188430310253,6.854530288029971,4.234291701423264,48.010575626989784,17.7978796791521,Fair
2025,Central,LDPE,Sachets,Flexible,6199.86,2960.59,23.39,177.23,231.61,2190.99,2057.79,1518.85,845996.95,88615.0,15499.65,2.5,17.51,6199.860000000001,-9.094947017729282e-13,6.971609036333079,47.75252989583636,5.986306783445191,3.735729516472953,0.3772665834389809,24.49813382882839,35.33934637233744,33.19091076250109,Poor
2025,Central,LDPE,Films,Flexible,3188.55,1546.01,11.3,250.91,44.86,1089.28,924.85,867.35,250962.93,125455.0,7971.38,2.52,19.55,3188.5499999999997,4.547473508864641e-13,9.630396261623622,48.48630255131642,16.22951986080297,1.4069090966113122,0.35439306267739257,27.20201972683508,34.1622367533832,29.0053472581581,Poor
2025,Central,LDPE,Pouches,Flexible,3379.08,1394.35,22.64,116.97,120.03,1407.25,1203.63,508.56,433799.26,58485.0,8447.7,1.05,26.72,3379.08,0.0,7.68374823916569,41.26419025296826,8.388855022053288,3.552150289427892,0.6700048533920475,15.050250364004402,41.64595096890278,35.62005042792713,Poor
2025,Central,PP,Bottles,Rigid,4595.48,2095.31,205.04,1063.14,93.1,2268.67,715.2,250.33,332648.0,637884.0,7812.32,0.08,58.45,4595.48,0.0,29.62215046088766,45.59501945389818,50.73903145596594,2.025903714084274,4.461775483736194,5.447309095023807,49.36742190152063,15.563118542567917,Fair
2025,Central,PP,Containers,Rigid,2943.24,1578.25,94.21,720.63,53.92,1273.7,501.1,299.68,200113.66,432378.0,5003.51,0.95,55.4,2943.24,0.0,29.51713078104402,53.62287818866284,45.660066529383805,1.8319946725377476,3.200894252592381,10.181976325410092,43.27543795273237,17.02545494081353,Fair
2025,Central,PP,Sachets,Flexible,5825.13,3090.15,56.08,287.32,213.89,1923.94,1954.37,1389.53,964444.27,172392.0,9902.72,2.78,20.33,5825.13,0.0,9.566996788054514,53.04860149043884,9.29793052117211,3.671849383618906,0.9627252954011326,23.854059909392582,33.0282757638027,33.550667538750204,Poor
2025,Central,PP,Films,Flexible,3245.04,1348.17,6.13,91.69,71.66,1258.76,1151.59,665.21,432946.21,55014.0,5516.57,2.3,19.61,3245.04,0.0,5.222739935409117,41.54555876044672,6.801071081540161,2.2082932721938713,0.18890368069422872,20.499285062741908,38.790276853289946,35.487698148559026,Poor
2025,Central,PP,Pouches,Flexible,3315.36,1352.95,0.33,110.71,69.6,1398.38,1162.82,573.52,321502.01,66426.0,5636.11,1.67,23.19,3315.36,0.0,5.448578736547463,40.80853964576999,8.182859677002106,2.09931953091067,0.009953670189662662,17.298875536894936,42.17882824188022,35.073717484677374,Poor
2025,Central,Multilayer Laminate,Bottles,Rigid,4774.34,2391.5,302.42,438.9,74.19,2541.56,1122.48,294.79,653807.97,131670.0,14800.45,0.35,50.67,4774.339999999999,9.094947017729282e-13,17.0811044039595,50.09069316387187,18.352498431946476,1.5539320618137793,6.334278664695016,6.174465999488935,53.23374539726957,23.510684199281997,Poor
2025,Central,Multilayer Laminate,Containers,Rigid,2907.84,1412.06,138.98,249.52,76.01,1621.89,550.49,270.95,412906.0,74856.0,9014.3,0.57,49.09,2907.84,0.0,15.974400242104103,48.560443490701,17.670637225047095,2.613967756135138,4.779492681853196,9.317912952569603,55.77645262462859,18.931234180697697,Poor
2025,Central,Multilayer Laminate,Sachets,Flexible,5219.66,2852.08,81.88,54.34,189.82,1806.97,1726.53,1360.12,965830.39,16302.0,16180.95,2.74,15.59,5219.66,0.0,6.246383864083101,54.641106892019785,1.9052761493366246,3.636635336401221,1.568684550334696,26.05763593797297,34.61853837223114,33.07744182571279,Poor
2025,Central,Multilayer Laminate,Films,Flexible,2774.01,1360.65,8.49,89.53,136.79,988.36,830.38,720.46,173736.14,26859.0,8599.43,2.91,18.18,2774.01,0.0,8.464641439648739,49.04993132685174,6.5799434093999185,4.931128582809722,0.30605513318264893,25.971788133424177,35.62928756565405,29.934282861273026,Poor
2025,Central,Multilayer Laminate,Pouches,Flexible,2829.14,1269.63,11.96,47.24,49.89,1066.04,942.73,711.28,268428.02,14172.0,8770.33,2.23,14.86,2829.1399999999994,4.547473508864641e-13,3.855942088408492,44.8768883830422,3.7207690429495206,1.7634334108598375,0.4227433071534106,25.14120898930417,37.68070862523594,33.3221402970514,Poor
2025,Eastern,PET,Bottles,Rigid,6499.0,3075.76,311.08,1856.35,66.21,2566.87,1226.74,471.75,908820.16,1670715.0,14297.8,0.99,59.17,6499.0,0.0,34.36897984305278,47.32666564086783,60.35418888339792,1.0187721187875056,4.786582551161716,7.2588090475457765,39.49638405908601,18.875827050315433,Fair
2025,Eastern,PET,Containers,Rigid,4309.4,2312.62,330.2,1023.98,72.16,1923.84,782.58,176.64,331134.01,921582.0,9480.68,0.17,60.58,4309.400000000001,-9.094947017729282e-13,33.09834315681998,53.66454726876131,44.277918551253556,1.6744790458068408,7.662319580452036,4.098946489070404,44.64287371791897,18.159836636190654,Fair
2025,Eastern,PET,Sachets,Flexible,7484.2,3177.52,86.68,157.08,282.37,2709.77,2349.99,1898.31,859192.71,141372.0,16465.24,2.71,17.51,7484.199999999999,9.094947017729282e-13,7.029876272681116,42.456374762833704,4.943477932475642,3.7728815371048343,1.1581732182464393,25.364233986264395,36.20654178135272,31.399347959701768,Poor
2025,Eastern,PET,Films,Flexible,3604.72,2082.01,36.55,383.35,148.48,1323.31,948.73,764.3,519302.54,345015.0,7930.38,1.72,31.02,3604.7200000000003,-4.547473508864641e-13,15.767660178876586,57.75788410750351,18.412495617216056,4.1190439201935245,1.01394837879225,21.202756386071595,36.71047959342196,26.319103841629865,Poor
2025,Eastern,PET,Pouches,Flexible,4338.11,1919.71,8.63,170.22,171.94,1729.75,1338.43,919.14,564672.39,153198.0,9543.84,2.6,22.6,4338.110000000001,-9.094947017729282e-13,8.086240321245889,44.25222043701059,8.866964281063286,3.9634771824596426,0.19893455905912946,21.18756785789203,39.87335498638808,30.852836834474,Poor
2025,Eastern,HDPE,Bottles,Rigid,6372.69,3145.77,592.83,1532.71,78.81,2605.14,1215.57,347.63,758623.98,1226168.0,12108.11,0.36,60.55,6372.69,0.0,34.59057321162649,49.363298701176426,48.722888195894804,1.2366834099885606,9.302664965658145,5.454996241775452,40.87975407559445,19.07467647100361,Fair
2025,Eastern,HDPE,Containers,Rigid,3426.3,1459.74,158.12,613.31,29.83,1600.47,712.6,311.97,344239.81,490648.0,6509.97,1.3,52.59,3426.3,0.0,23.385576277617254,42.60397513352596,42.01501637277871,0.8706184513907129,4.614890698421037,9.105157166622888,46.71132125032834,20.797945305431515,Fair
2025,Eastern,HDPE,Sachets,Flexible,7829.31,4299.7,81.99,322.04,461.5,2572.88,2363.6,2027.3,572175.4,257632.0,14875.69,3.07,20.13,7829.31,0.0,11.054997183659863,54.91799405056128,7.489824871502663,5.894516885906931,1.0472187204236387,25.893724989813915,32.86215515798966,30.189122668536562,Poor
2025,Eastern,HDPE,Films,Flexible,3664.13,1865.45,24.47,244.23,52.51,1326.31,1040.99,975.62,548774.32,195384.0,6961.85,2.39,19.67,3664.13,0.0,8.766337438900912,50.911130336532814,13.092283363263554,1.4330823415108087,0.6678256502907921,26.626238697862792,36.19713274365265,28.410291119583636,Poor
2025,Eastern,HDPE,Pouches,Flexible,3399.74,1515.69,11.28,156.2,140.9,1303.8,1170.01,617.55,265969.58,124960.0,6459.51,1.48,25.0,3399.74,0.0,9.070693641278451,44.58252689911582,10.305537412003773,4.144434574408631,0.3317900780647932,18.164624353627044,38.349991469935944,34.41469053515857,Poor
2025,Eastern,LDPE,Bottles,Rigid,6202.48,3217.9,636.4,1355.08,114.39,2665.69,1162.25,268.67,622702.81,677540.0,15506.2,0.1,60.91,6202.48,0.0,33.952064335556095,51.88086055900221,42.1106933093011,1.8442622950819672,10.26041196424656,4.331654435000194,42.97780887644942,18.738472352994286,Fair
2025,Eastern,LDPE,Containers,Rigid,3239.16,1378.97,166.09,565.4,24.92,1565.43,729.99,187.33,195356.45,282700.0,8097.9,0.83,54.09,3239.16,0.0,23.35204188740291,42.57183961273911,41.001617149031524,0.769335259758703,5.127563936329172,5.783289494807296,48.32827029229801,22.536398325491795,Fair
2025,Eastern,LDPE,Sachets,Flexible,6148.66,2827.77,75.56,285.06,90.22,1823.97,1747.6,2126.25,730045.8,142530.0,15371.65,3.64,10.55,6148.66,0.0,7.332329320534882,45.9900205898521,10.08073499612769,1.4673115768313747,1.2288856433759552,34.58070538946698,29.664512267713615,28.42245302228453,Poor
2025,Eastern,LDPE,Films,Flexible,3736.05,1708.02,21.31,193.89,50.09,1377.94,1391.13,701.69,427769.36,96945.0,9340.12,1.93,22.59,3736.05,0.0,7.100815031918736,45.717268237844785,11.351740611936629,1.3407208147642564,0.5703885119310501,18.781600888639073,36.88226870625393,37.23531537318826,Poor
2025,Eastern,LDPE,Pouches,Flexible,3082.05,1525.89,28.22,99.08,120.62,1180.08,941.61,712.44,484209.07,49540.0,7705.12,2.2,20.88,3082.05,0.0,8.043996690514431,49.50893074414757,6.493259671404885,3.9136289158190167,0.9156243409419054,23.115783326033,38.2888012848591,30.55141869859347,Poor
2025,Eastern,PP,Bottles,Rigid,5748.66,2635.39,299.45,1113.15,124.24,2791.02,1087.25,333.55,862621.09,667890.0,9772.72,0.91,56.2,5748.660000000001,-9.094947017729282e-13,26.733882330838842,45.843553106289114,42.238530160621394,2.1611993055773,5.209040019761127,5.802221735152193,48.550792706474205,18.913103227534762,Fair
2025,Eastern,PP,Containers,Rigid,3234.66,1677.42,163.44,679.9,93.74,1528.32,605.43,163.83,393480.24,407940.0,5498.92,0.46,57.54,3234.6599999999994,4.547473508864641e-13,28.96996902301942,51.8576913802378,40.53248441058292,2.8979861871108556,5.0527721615254775,5.0648290701341105,47.24824247370666,18.716959433139806,Fair
2025,Eastern,PP,Sachets,Flexible,6424.98,2842.33,43.76,176.61,122.16,2532.41,1970.28,1579.76,750739.07,105966.0,10922.47,2.69,17.72,6424.98,0.0,5.331222820927069,44.23873692992041,6.213564223717865,1.901328875731909,0.6810916142929627,24.587780817994766,39.41506432704849,30.66593203402968,Poor
2025,Eastern,PP,Films,Flexible,3315.18,1641.94,12.74,173.26,127.55,1160.8,1017.72,823.11,261444.28,103956.0,5635.81,2.12,20.25,3315.18,0.0,9.45800831327409,49.52792910188889,10.552151722961861,3.8474532302921713,0.38429285890962184,24.828516098673376,35.01469000174953,30.698785586303007,Poor
2025,Eastern,PP,Pouches,Flexible,3283.87,1537.5,0.57,146.58,70.1,1190.93,1045.23,830.46,255741.82,87948.0,5582.58,2.26,17.46,3283.87,0.0,6.615669926032394,46.819758394820745,9.533658536585367,2.134676464050038,0.017357568965884765,25.28906442703274,36.26605194480902,31.82921370212585,Poor
2025,Eastern,Multilayer Laminate,Bottles,Rigid,5021.9,2247.48,262.17,426.85,69.14,2966.86,1022.46,274.42,284407.81,128055.0,15567.89,0.68,50.77,5021.9,0.0,15.097074812322031,44.75357932256716,18.992382579600264,1.3767697485015633,5.2205340608136375,5.464465640494634,59.07843644835621,20.360023098827142,Poor
2025,Eastern,Multilayer Laminate,Containers,Rigid,3286.0,1554.26,96.16,287.87,130.56,1748.44,661.12,361.85,380222.42,86361.0,10186.6,0.69,47.33,3285.9999999999995,4.547473508864641e-13,15.660073037127203,47.29945222154595,18.52135421358074,3.9732197200243458,2.9263542300669507,11.011868533171029,53.208764455264756,20.119293974437007,Poor
2025,Eastern,Multilayer Laminate,Sachets,Flexible,6215.51,3331.61,96.45,86.1,99.7,2100.13,1864.23,1968.9,548249.59,25830.0,19268.08,2.93,10.45,6215.51,0.0,4.541059382094148,53.60155482011935,2.584336101764612,1.6040517994500854,1.5517632503205692,31.677207501878367,33.78853867180649,29.99319444422099,Poor
2025,Eastern,Multilayer Laminate,Films,Flexible,3007.93,1422.44,24.48,66.96,135.71,1132.33,850.11,798.34,442700.06,20088.0,9324.58,2.43,17.72,3007.9300000000003,-4.547473508864641e-13,7.551704993134814,47.28966432064576,4.70740417873513,4.511740632262055,0.8138487265328648,26.541176157689844,37.64482551123198,28.262293337943373,Poor
2025,Eastern,Multilayer Laminate,Pouches,Flexible,3028.04,1375.46,13.08,34.46,71.71,1032.62,1074.2,801.97,476401.49,10338.0,9386.92,2.17,12.51,3028.04,0.0,3.9381910410694707,45.42410271991123,2.5053436668460005,2.368198570692593,0.4319625896619596,26.48478884030594,34.101927319322066,35.47509279930252,Poor
2025,Northern,PET,Bottles,Rigid,4126.73,1394.57,118.34,804.76,53.83,2119.04,870.67,160.09,447487.33,724284.0,9078.81,0.0,55.31,4126.7300000000005,-9.094947017729282e-13,23.673223108853744,33.793584751122566,57.70667660999448,1.3044226300242565,2.8676458115747825,3.87934272414236,51.34913115226827,21.098303014735638,Fair
2025,Northern,PET,Containers,Rigid,2467.7,992.06,115.98,559.35,32.96,1175.23,471.97,112.21,189814.67,503415.0,5428.94,0.41,57.88,2467.7,0.0,28.702435466223612,40.2018073509746,56.382678467028214,1.3356566843619566,4.69992300522754,4.547149167240751,47.624508651781014,19.12590671475463,Fair
2025,Northern,PET,Sachets,Flexible,4652.19,1697.35,49.86,96.98,175.21,1529.81,1405.88,1394.45,344403.34,87282.0,10234.82,2.93,13.26,4652.19,0.0,6.922546155681518,36.48496729497291,5.713612395793443,3.7661832384317933,1.07175330328297,29.97405522990248,32.88365264531328,30.21974596910273,Poor
2025,Northern,PET,Films,Flexible,2338.16,832.88,15.42,146.71,26.7,958.2,726.41,464.72,218540.56,132039.0,5143.95,1.63,24.88,2338.16,0.0,8.076008485304683,35.62117220378418,17.61478244164826,1.1419235638279674,0.659492934615253,19.87545762479899,40.98094227939919,31.067591610497143,Poor
2025,Northern,PET,Pouches,Flexible,2391.91,720.16,4.56,69.7,47.51,944.14,696.77,629.23,93953.45,62730.0,5262.2,2.98,16.31,2391.91,0.0,5.090910611185205,30.108156243336914,9.67840479893357,1.9862787479462023,0.19064262451346412,26.3065918032033,39.47222094476799,29.130276640843512,Poor
2025,Northern,HDPE,Bottles,Rigid,3865.65,1635.53,155.95,1053.61,22.69,1755.69,612.54,265.17,537924.95,842888.0,7344.73,0.5,58.91,3865.65,0.0,31.87691591323581,42.30931408689354,64.42009623791675,0.5869646760570667,4.034250384799451,6.859648442047263,45.41771758953863,15.8457180551783,Fair
2025,Northern,HDPE,Containers,Rigid,2347.33,803.23,116.74,300.46,36.22,1231.51,458.07,204.33,226741.41,240368.0,4459.93,0.56,51.09,2347.33,0.0,19.31641482024257,34.218878470432365,37.40647137183621,1.5430297401728772,4.973310101263989,8.70478373300729,52.46428921370237,19.51451223304776,Poor
2025,Northern,HDPE,Sachets,Flexible,4331.55,1464.01,41.97,71.41,64.8,1646.31,1317.76,1189.3,341129.4,57128.0,8229.94,3.12,14.09,4331.55,0.0,4.113539033371426,33.79875564174487,4.8776989228215655,1.4960002770370882,0.9689372164698549,27.456684096916806,38.007410742113095,30.422366127598664,Poor
2025,Northern,HDPE,Films,Flexible,2234.02,864.55,1.54,133.87,32.79,742.53,666.45,656.84,173435.77,107096.0,4244.64,3.3,15.16,2234.02,0.0,7.529028388286586,38.69929544050635,15.484356023364757,1.4677576745060472,0.06893402923877136,29.401706341035442,33.23739268224993,29.831872588428038,Poor
2025,Northern,HDPE,Pouches,Flexible,1983.05,763.17,2.17,71.81,76.82,733.32,720.57,378.36,183029.55,57448.0,3767.79,1.9,22.13,1983.0500000000002,-2.2737367544323206e-13,7.604447694208417,38.48465747207584,9.409436953758664,3.8738307153122715,0.10942739719119539,19.079700461410454,36.97940041854719,36.33645142583394,Poor
2025,Northern,LDPE,Bottles,Rigid,3426.29,1382.11,128.3,761.17,34.09,1716.04,648.88,137.81,197758.55,380585.0,8565.73,0.54,57.38,3426.29,0.0,26.955103041482186,40.338383499353526,55.07304049605314,0.9949537254581488,3.7445750359718533,4.022134728817468,50.084493723531864,18.93826850616848,Fair
2025,Northern,LDPE,Containers,Rigid,2177.94,943.4,137.52,427.12,11.44,1055.61,395.32,150.93,243733.2,213560.0,5444.85,0.8,56.02,2177.94,0.0,26.45068275526415,43.31616114309852,45.274538901844394,0.5252669954176882,6.3142235323287155,6.9299429736356375,48.46827736301275,18.151096908087457,Fair
2025,Northern,LDPE,Sachets,Flexible,3938.85,1716.04,25.91,138.6,185.84,1245.25,1180.48,1162.77,527208.41,69300.0,9847.12,3.23,15.1,3938.85,0.0,8.894728156695484,43.56703098620155,8.076734808046432,4.718128387727383,0.6578062124731838,29.520545336836896,31.61455754852305,29.970168957944576,Poor
2025,Northern,LDPE,Films,Flexible,2140.88,869.63,4.42,134.91,80.63,701.71,779.08,440.13,278033.33,67455.0,5352.2,2.45,22.95,2140.88,0.0,10.274279735435893,40.62021224916856,15.513494244678771,3.7662082881805605,0.20645715780426738,20.558368521355703,32.77670864317477,36.39064310003363,Poor
2025,Northern,LDPE,Pouches,Flexible,2180.47,831.31,10.75,61.5,26.27,826.08,741.8,514.07,195862.58,30750.0,5451.17,2.35,16.91,2180.4700000000003,-4.547473508864641e-13,4.518291927887107,38.12526657096865,7.3979622523487025,1.2047861240925122,0.4930129742670159,23.576109737808824,37.88541002627874,34.02018830802533,Poor
2025,Northern,PP,Bottles,Rigid,2966.59,1014.0,100.45,457.47,53.62,1526.57,685.48,143.0,263985.85,274482.0,5043.2,0.14,52.87,2966.59,0.0,20.61424059273442,34.18065860128969,45.11538461538462,1.8074624400405852,3.3860425606504436,4.82034928992547,51.45874556308758,23.106664554252525,Fair
2025,Northern,PP,Containers,Rigid,2016.91,842.63,62.13,336.84,50.76,1015.52,341.18,210.48,182177.23,202104.0,3428.75,1.1,51.76,2016.91,0.0,22.29797065808588,41.77826477135817,39.97484067740289,2.516721122905831,3.0804547550460852,10.435765601836472,50.350288312319336,16.915975427758305,Fair
2025,Northern,PP,Sachets,Flexible,3571.81,1311.69,23.65,90.58,120.09,1038.83,1043.54,1255.12,188650.68,54348.0,6072.08,3.85,8.26,3571.8099999999995,4.547473508864641e-13,6.560259364299894,36.7233979410999,6.905595072006343,3.3621609212136145,0.6621292845924055,35.13960708996279,29.08413381450861,29.215999731228703,Poor
2025,Northern,PP,Films,Flexible,1772.7,553.86,7.11,63.5,53.98,642.33,586.37,419.41,124545.18,38100.0,3013.59,2.21,18.69,1772.7,0.0,7.0282619732611264,31.243865290235235,11.464991152998953,3.0450724882946916,0.4010830935860552,23.659389631635356,36.23455745473008,33.07779094037344,Poor
2025,Northern,PP,Pouches,Flexible,1978.82,819.1,13.97,80.82,39.11,721.29,675.14,448.49,187963.62,48492.0,3363.99,2.76,19.46,1978.82,0.0,6.766658917940995,41.39335563618722,9.866927115126357,1.9764303979139082,0.7059762888994452,22.66451723754561,36.45051091054265,34.11831293397075,Poor
2025,Northern,Multilayer Laminate,Bottles,Rigid,3112.83,1378.59,248.42,288.99,86.89,1617.53,666.59,204.41,171847.22,86697.0,9649.77,0.68,52.2,3112.83,0.0,20.05570493730785,44.28735266622334,20.962722781972886,2.7913506359165132,7.980519334496263,6.5666933305063235,51.96332597668359,21.414275755502228,Fair
2025,Northern,Multilayer Laminate,Containers,Rigid,1787.74,677.17,99.82,127.77,20.03,998.65,397.93,143.54,205625.43,38331.0,5541.99,0.83,48.43,1787.74,0.0,13.851007417185942,37.87855057223086,18.86823102027556,1.1204090080213007,5.583585980064214,8.029131752939465,55.861031246154354,22.258829583720228,Poor
2025,Northern,Multilayer Laminate,Sachets,Flexible,3623.38,1550.63,37.49,33.48,139.46,1317.25,1019.54,1076.16,359850.67,10044.0,11232.48,2.83,13.39,3623.38,0.0,5.80756089617981,42.79512499379033,2.1591224212094433,3.8488924705661565,1.03466928668812,29.70044544044511,36.354177591088984,28.1378160722861,Poor
2025,Northern,Multilayer Laminate,Films,Flexible,1697.18,686.0,10.56,25.86,22.38,514.55,587.57,536.26,181345.86,7758.0,5261.26,2.98,7.72,1697.18,0.0,3.464570640709883,40.41999080828197,3.7696793002915454,1.3186580091681495,0.6222086048621831,31.597119928351734,30.31793916968147,34.62037026125691,Poor
2025,Northern,Multilayer Laminate,Pouches,Flexible,1695.38,510.9,2.41,10.61,42.37,724.24,634.24,281.51,96329.99,3183.0,5255.68,1.2,20.97,1695.3799999999999,2.2737367544323206e-13,3.2671141572980686,30.134837027687006,2.0767273439029164,2.499144734513796,0.14215102218971556,16.60453703594474,42.71844660194174,37.40990220481544,Poor
