Year,Region,Plastic_Type,Packaging_Type,Flex_Class,Waste_Generated_tonnes,Collected_tonnes,Reused_tonnes,Recycled_tonnes,Recovered_tonnes,Landfilled_tonnes,Burned_tonnes,Leaked_tonnes,Collection_Cost_GHS,Recycling_Value_GHS,Carbon_Emission_tCO2e,Leakage_Risk_Score,Circularity_Index
2019,Greater Accra,PET,Bottles,Rigid,12186.35,9658.99,1621.16,5383.19,116.91,3138.22,1618.31,308.56,2494496.49,4844871.0,26809.97,0.46,75.0
2019,Greater Accra,PET,Containers,Rigid,6780.88,5394.1,718.73,2302.47,110.02,2348.76,1021.68,279.22,1183181.56,2072223.0,14917.94,0.2,67.64
2019,Greater Accra,PET,Sachets,Flexible,15335.56,10289.0,90.18,883.59,661.81,4459.97,4201.49,5038.52,2636611.3,795231.0,33738.23,2.83,14.43
2019,Greater Accra,PET,Films,Flexible,7661.32,5175.82,6.73,1002.11,487.15,2342.94,1841.72,1980.67,1435635.81,901899.0,16854.9,2.53,29.55
2019,Greater Accra,PET,Pouches,Flexible,6933.06,5021.45,3.45,570.31,237.02,2446.02,2230.62,1445.64,1233988.02,513279.0,15252.73,1.77,25.65
2019,Greater Accra,HDPE,Bottles,Rigid,12306.57,9430.15,1817.57,5271.84,196.18,3191.74,1254.18,575.06,1229713.03,4217472.0,23382.48,0.29,74.86
2019,Greater Accra,HDPE,Containers,Rigid,6599.71,4558.44,605.7,1957.73,110.29,2337.5,1161.18,427.31,625174.77,1566184.0,12539.45,1.13,63.0
2019,Greater Accra,HDPE,Sachets,Flexible,14235.06,9677.1,1.6,1209.14,792.6,4657.38,3178.85,4395.49,1959101.0,967312.0,27046.61,2.7,20.82
2019,Greater Accra,HDPE,Films,Flexible,7240.19,5383.04,35.62,445.15,284.27,2641.82,2222.45,1610.88,1744422.19,356120.0,13756.36,2.2,23.77
2019,Greater Accra,HDPE,Pouches,Flexible,6236.45,4720.91,71.83,394.36,422.86,2294.88,1907.14,1145.38,594109.52,315488.0,11849.25,1.44,29.95
2019,Greater Accra,LDPE,Bottles,Rigid,9629.29,7178.27,845.05,3508.33,315.49,3154.94,1470.9,334.58,1239138.65,1754165.0,24073.23,0.0,68.56
2019,Greater Accra,LDPE,Containers,Rigid,6106.93,4117.19,588.63,1834.43,147.4,2262.21,784.7,489.56,1339274.85,917215.0,15267.33,0.84,63.83
2019,Greater Accra,LDPE,Sachets,Flexible,13533.97,10616.23,101.28,545.25,503.61,4517.79,3976.7,3889.34,1290922.85,272625.0,33834.92,2.88,16.15
2019,Greater Accra,LDPE,Films,Flexible,6269.7,4284.19,10.27,437.81,440.62,2116.95,1926.98,1337.07,872410.21,218905.0,15674.25,2.6,26.62
2019,Greater Accra,LDPE,Pouches,Flexible,6964.62,4790.04,47.64,286.45,247.91,2944.87,2449.75,988.0,631519.41,143225.0,17411.55,1.2,28.33
2019,Greater Accra,PP,Bottles,Rigid,10816.53,7419.43,722.56,3688.01,357.18,3899.21,1744.64,404.93,1295852.68,2212806.0,18388.1,0.6,65.98
2019,Greater Accra,PP,Containers,Rigid,5841.34,4350.9,493.19,1826.94,77.43,2165.0,813.26,465.52,562911.97,1096164.0,9930.28,0.89,63.24
2019,Greater Accra,PP,Sachets,Flexible,12426.15,8107.92,124.56,492.99,659.64,4528.4,3541.72,3078.84,2719784.72,295794.0,21124.45,2.12,21.47
2019,Greater Accra,PP,Films,Flexible,5809.28,3874.91,71.66,598.97,170.51,1934.42,1548.26,1485.46,937029.31,359382.0,9875.78,2.3,25.86
2019,Greater Accra,PP,Pouches,Flexible,5511.72,4324.4,77.88,340.44,236.37,2044.2,1863.78,949.05,1401234.8,204264.0,9369.92,2.0,28.69
2019,Greater Accra,Multilayer Laminate,Bottles,Rigid,9641.31,6388.53,634.99,1469.45,362.34,4616.19,2195.0,363.34,774060.9,440835.0,29888.06,0.04,55.74
2019,Greater Accra,Multilayer Laminate,Containers,Rigid,5679.83,4281.37,493.2,656.11,294.71,2644.44,1246.77,344.6,1153467.73,196833.0,17607.47,0.96,54.47
2019,Greater Accra,Multilayer Laminate,Sachets,Flexible,11604.63,8532.26,23.98,258.4,444.41,4490.41,3269.86,3117.57,2774441.02,77520.0,35974.35,2.82,16.48
2019,Greater Accra,Multilayer Laminate,Films,Flexible,5956.66,4320.93,49.86,207.94,193.29,2152.01,1655.82,1697.74,1159990.94,62382.0,18465.65,2.53,16.41
2019,Greater Accra,Multilayer Laminate,Pouches,Flexible,6120.52,4854.12,88.82,126.61,145.61,2088.53,2111.97,1558.98,1658325.61,37983.0,18973.61,2.9,15.73
2019,Ashanti,PET,Bottles,Rigid,8989.59,5532.79,1007.72,2775.61,79.17,3291.94,1378.96,456.19,1389361.41,2498049.0,19777.1,0.1,65.74
2019,Ashanti,PET,Containers,Rigid,5754.38,4133.42,264.57,2142.05,188.16,1921.44,837.93,400.23,837773.82,1927845.0,12659.64,0.49,64.86
2019,Ashanti,PET,Sachets,Flexible,11946.06,8215.54,213.7,1130.85,522.34,3717.88,3083.27,3278.02,2312283.3,1017765.0,26281.33,3.04,24.88
2019,Ashanti,PET,Films,Flexible,6063.76,3683.49,27.67,333.7,272.56,2297.49,2017.1,1115.24,684777.32,300330.0,13340.27,1.93,26.31
2019,Ashanti,PET,Pouches,Flexible,5096.81,2835.61,46.65,209.77,106.87,2151.93,1550.2,1031.39,746516.33,188793.0,11212.98,1.61,23.68
2019,Ashanti,HDPE,Bottles,Rigid,7680.96,4918.35,712.55,2706.9,142.92,2619.79,1011.53,487.27,1489732.92,2165520.0,14593.82,0.41,66.77
2019,Ashanti,HDPE,Containers,Rigid,5000.71,2817.09,148.0,1629.22,109.43,1997.49,734.67,381.9,439411.16,1303376.0,9501.35,0.51,61.08
2019,Ashanti,HDPE,Sachets,Flexible,10224.68,6865.68,135.98,498.63,722.42,3022.83,2646.39,3198.43,1486474.74,398904.0,19426.89,2.88,17.98
2019,Ashanti,HDPE,Films,Flexible,4916.67,3337.6,0.96,297.74,103.75,1957.35,1626.44,930.43,764510.59,238192.0,9341.67,1.49,24.69
2019,Ashanti,HDPE,Pouches,Flexible,5054.01,3186.5,11.04,242.45,193.18,2086.44,1460.93,1059.97,656931.71,193960.0,9602.62,2.22,24.29
2019,Ashanti,LDPE,Bottles,Rigid,7973.75,5546.57,882.14,2309.82,85.59,2895.46,1354.74,446.0,1865050.56,1154910.0,19934.38,0.63,64.17
2019,Ashanti,LDPE,Containers,Rigid,4674.31,3082.05,295.34,1324.4,167.77,1802.68,810.6,273.52,508636.76,662200.0,11685.78,0.15,61.73
2019,Ashanti,LDPE,Sachets,Flexible,8798.99,4866.7,13.79,487.99,158.91,3450.13,2264.21,2423.96,1495671.97,243995.0,21997.47,2.54,18.54
2019,Ashanti,LDPE,Films,Flexible,4416.12,2951.93,37.13,459.09,236.13,1378.49,1124.55,1180.73,863856.91,229545.0,11040.3,2.98,26.05
2019,Ashanti,LDPE,Pouches,Flexible,5250.3,3255.95,24.23,286.64,178.68,1972.92,1497.68,1290.15,953017.69,143320.0,13125.75,2.71,21.44
2019,Ashanti,PP,Bottles,Rigid,6904.69,4856.99,683.04,2537.75,96.22,2373.11,810.29,404.28,1594247.98,1522650.0,11737.97,0.18,68.27
2019,Ashanti,PP,Containers,Rigid,4337.38,3086.09,447.67,1266.4,119.18,1606.9,645.92,251.31,847684.87,759840.0,7373.55,0.83,64.68
2019,Ashanti,PP,Sachets,Flexible,9524.84,6517.23,17.83,549.37,209.32,2943.08,2897.05,2908.19,1308076.18,329622.0,16192.23,2.67,14.09
2019,Ashanti,PP,Films,Flexible,4178.69,2839.24,35.11,219.6,97.1,1277.77,1381.35,1167.76,801902.77,131760.0,7103.77,2.38,15.9
2019,Ashanti,PP,Pouches,Flexible,4126.35,2961.6,22.17,189.75,283.63,1453.07,1186.0,991.73,611687.99,113850.0,7014.8,1.99,22.97
2019,Ashanti,Multilayer Laminate,Bottles,Rigid,7420.99,4786.01,626.52,1064.6,123.82,3544.68,1587.74,473.63,636298.85,319380.0,23005.07,0.26,54.63
2019,Ashanti,Multilayer Laminate,Containers,Rigid,3896.04,2572.81,320.58,446.7,210.52,1768.07,876.62,273.55,441049.21,134010.0,12077.72,1.17,53.59
2019,Ashanti,Multilayer Laminate,Sachets,Flexible,7614.26,5443.28,7.05,264.69,400.76,2092.98,2079.4,2769.38,1866716.17,79407.0,23604.21,3.66,8.97
2019,Ashanti,Multilayer Laminate,Films,Flexible,4327.93,2892.26,26.29,155.79,223.83,1362.91,1244.55,1314.56,979303.74,46737.0,13416.58,3.43,14.98
2019,Ashanti,Multilayer Laminate,Pouches,Flexible,4181.34,2740.54,15.2,60.25,191.17,1830.79,1316.89,767.04,943049.43,18075.0,12962.15,2.32,23.55
2019,Western,PET,Bottles,Rigid,5847.93,3101.83,363.36,1951.87,72.07,2255.28,992.93,212.42,1049826.71,1756683.0,12865.45,0.59,64.69
2019,Western,PET,Containers,Rigid,3451.56,1769.74,253.56,944.9,19.46,1416.74,677.59,139.31,614229.87,850410.0,7593.43,0.05,61.51
2019,Western,PET,Sachets,Flexible,6877.08,3487.6,101.48,454.46,309.14,2254.94,1831.39,1925.67,463733.49,409014.0,15129.58,3.16,21.3
2019,Western,PET,Films,Flexible,3586.21,2151.57,42.89,309.24,178.52,1173.76,837.67,1044.13,481145.17,278316.0,7889.66,2.54,23.17
2019,Western,PET,Pouches,Flexible,3681.48,1991.41,9.11,192.32,153.28,1324.09,1348.76,653.92,477282.77,173088.0,8099.26,2.05,24.97
2019,Western,HDPE,Bottles,Rigid,5082.92,2937.05,429.48,1577.46,101.29,2015.99,725.95,232.75,862557.45,1261968.0,9657.55,0.58,65.1
2019,Western,HDPE,Containers,Rigid,3161.48,1523.66,96.96,613.86,50.03,1506.1,623.04,271.49,499694.2,491088.0,6006.81,0.71,53.17
2019,Western,HDPE,Sachets,Flexible,6092.0,3457.5,41.13,364.18,328.45,1558.55,1696.97,2102.72,806243.18,291344.0,11574.8,3.21,13.39
2019,Western,HDPE,Films,Flexible,3012.67,1798.58,17.72,202.09,137.36,1093.85,934.89,626.76,268798.76,161672.0,5724.07,1.73,25.98
2019,Western,HDPE,Pouches,Flexible,2818.09,1539.05,5.6,108.09,157.8,1161.44,846.27,538.89,252752.76,86472.0,5354.37,1.45,25.75
2019,Western,LDPE,Bottles,Rigid,4464.67,2195.67,222.29,952.31,41.72,2107.83,873.33,267.19,517708.19,476155.0,11161.67,0.79,56.41
2019,Western,LDPE,Containers,Rigid,2604.43,1484.29,167.41,522.01,86.34,1112.07,455.32,261.28,453341.19,261005.0,6511.07,1.25,55.49
2019,Western,LDPE,Sachets,Flexible,5375.49,2587.77,28.76,214.15,200.82,1767.86,1658.05,1505.85,332365.77,107075.0,13438.72,2.55,16.04
2019,Western,LDPE,Films,Flexible,2991.16,1747.68,17.88,211.51,60.19,1114.63,865.32,721.63,317948.33,105755.0,7477.9,2.29,22.53
2019,Western,LDPE,Pouches,Flexible,2593.39,1292.32,5.47,79.77,49.22,957.96,847.47,653.5,389646.61,39885.0,6483.47,2.52,16.11
2019,Western,PP,Bottles,Rigid,4128.23,2190.3,329.47,1105.75,51.99,1764.47,720.91,155.64,588229.08,663450.0,7017.99,0.45,62.4
2019,Western,PP,Containers,Rigid,2622.29,1568.07,173.39,589.71,31.52,1230.25,462.62,134.8,255454.94,353826.0,4457.89,0.3,58.82
2019,Western,PP,Sachets,Flexible,5047.24,2950.19,7.1,256.29,179.84,1436.73,1337.85,1829.43,1011850.85,153774.0,8580.31,3.99,9.98
2019,Western,PP,Films,Flexible,2871.22,1403.12,4.8,190.45,137.27,1022.82,796.12,719.76,416703.31,114270.0,4881.07,2.19,22.65
2019,Western,PP,Pouches,Flexible,2604.79,1338.38,13.59,75.41,50.39,980.87,919.01,565.52,208122.67,45246.0,4428.14,2.15,18.74
2019,Western,Multilayer Laminate,Bottles,Rigid,4246.25,1943.82,234.02,345.22,48.72,2149.36,1037.28,431.65,347102.79,103566.0,13163.38,1.2,47.2
2019,Western,Multilayer Laminate,Containers,Rigid,2662.99,1436.27,139.54,241.62,64.78,1292.97,605.58,318.5,213413.01,72486.0,8255.27,1.43,47.23
2019,Western,Multilayer Laminate,Sachets,Flexible,5506.32,2627.53,5.24,113.91,204.94,1577.09,1655.2,1949.94,437153.42,34173.0,17069.59,3.2,6.86
2019,Western,Multilayer Laminate,Films,Flexible,2361.28,1351.09,17.97,66.61,78.9,742.83,726.22,728.75,298592.28,19983.0,7319.97,2.96,12.26
2019,Western,Multilayer Laminate,Pouches,Flexible,2512.36,1244.14,18.6,36.54,60.52,924.97,831.94,639.79,408685.79,10962.0,7788.32,2.67,15.07
2019,Central,PET,Bottles,Rigid,4616.9,2497.63,387.94,1301.64,34.37,1829.97,757.53,305.45,813216.57,1171476.0,10157.18,0.95,61.81
2019,Central,PET,Containers,Rigid,2791.0,1246.9,93.33,690.75,15.28,1212.85,557.14,221.65,247732.6,621675.0,6140.2,1.12,55.84
2019,Central,PET,Sachets,Flexible,5532.76,2915.59,11.15,260.61,269.03,1817.83,1813.89,1360.25,832717.0,234549.0,12172.07,2.6,19.55
2019,Central,PET,Films,Flexible,3116.37,1500.25,7.56,181.34,60.77,1051.5,851.22,963.98,339448.57,163206.0,6856.01,3.54,14.91
2019,Central,PET,Pouches,Flexible,2792.01,1362.32,13.78,125.15,38.7,1082.22,843.6,688.56,381762.51,112635.0,6142.42,2.89,18.86
2019,Central,HDPE,Bottles,Rigid,4686.51,1981.84,295.6,1075.44,41.64,2022.01,919.36,332.46,443323.84,860352.0,8904.37,0.32,57.27
2019,Central,HDPE,Containers,Rigid,2961.81,1557.42,97.29,879.67,62.86,1231.79,485.13,205.07,206506.38,703736.0,5627.44,0.53,59.91
2019,Central,HDPE,Sachets,Flexible,5727.08,2294.81,22.96,193.85,162.84,1768.32,1504.42,2074.69,664635.01,155080.0,10881.45,3.57,8.55
2019,Central,HDPE,Films,Flexible,2551.29,1193.66,3.36,114.4,80.53,1001.95,732.59,618.46,302634.97,91520.0,4847.45,2.56,20.41
2019,Central,HDPE,Pouches,Flexible,2437.07,1217.39,4.33,135.15,46.76,839.93,951.96,458.94,286701.25,108120.0,4630.43,1.98,22.01
2019,Central,LDPE,Bottles,Rigid,3882.02,1989.51,209.27,1104.05,32.77,1642.09,733.19,160.65,497205.33,552025.0,9705.05,0.0,61.11
2019,Central,LDPE,Containers,Rigid,2690.52,1259.15,128.99,516.97,40.51,1286.5,496.36,221.19,400674.99,258485.0,6726.3,1.27,54.49
2019,Central,LDPE,Sachets,Flexible,4970.78,2190.18,42.31,165.91,63.99,1845.24,1568.63,1284.7,276470.97,82955.0,12426.95,2.31,16.47
2019,Central,LDPE,Films,Flexible,2412.85,1208.32,0.48,94.96,113.51,973.98,730.12,499.8,172634.52,47480.0,6032.12,1.81,23.52
2019,Central,LDPE,Pouches,Flexible,2663.36,1407.2,23.37,91.52,116.47,985.75,1016.64,429.61,173072.15,45760.0,6658.4,1.2,25.21
2019,Central,PP,Bottles,Rigid,3766.31,1521.51,154.85,774.37,40.23,1810.95,671.3,314.61,273365.73,464622.0,6402.73,0.72,54.69
2019,Central,PP,Containers,Rigid,2443.34,1075.58,120.91,431.61,41.68,1103.9,561.71,183.53,317973.0,258966.0,4153.68,0.39,53.29
2019,Central,PP,Sachets,Flexible,5153.73,2438.31,65.44,262.17,144.1,1810.76,1684.98,1186.28,647858.94,157302.0,8761.34,2.06,21.51
2019,Central,PP,Films,Flexible,2226.89,1169.65,23.03,139.45,45.78,719.07,813.38,486.18,172035.34,83670.0,3785.71,2.26,21.56
2019,Central,PP,Pouches,Flexible,2291.55,1107.11,14.42,100.39,48.2,866.75,939.46,322.33,355376.46,60234.0,3895.64,1.5,25.56
2019,Central,Multilayer Laminate,Bottles,Rigid,3825.39,1911.76,193.17,440.83,86.49,2138.95,727.43,238.52,302526.8,132249.0,11858.71,0.86,52.2
2019,Central,Multilayer Laminate,Containers,Rigid,2062.26,1011.48,75.39,172.94,42.72,1174.44,433.8,162.97,253146.2,51882.0,6393.01,0.77,48.55
2019,Central,Multilayer Laminate,Sachets,Flexible,4647.3,2511.98,55.21,61.48,78.58,1850.55,1313.33,1288.15,588215.88,18444.0,14406.63,2.87,14.74
2019,Central,Multilayer Laminate,Films,Flexible,2175.41,1121.72,2.39,34.87,103.61,822.2,654.22,558.12,198177.04,10461.0,6743.77,2.88,16.77
2019,Central,Multilayer Laminate,Pouches,Flexible,2384.74,1202.4,6.54,38.22,72.34,1135.9,764.6,367.14,407078.04,11466.0,7392.69,1.49,25.56
2019,Eastern,PET,Bottles,Rigid,4919.39,2492.68,460.53,1415.28,63.29,1844.94,848.9,286.45,442260.36,1273752.0,10822.66,0.57,63.01
2019,Eastern,PET,Containers,Rigid,2974.36,1719.26,248.27,673.54,74.56,1167.03,527.57,283.39,568322.55,606186.0,6543.59,0.49,57.77
2019,Eastern,PET,Sachets,Flexible,6548.75,3062.04,84.92,437.95,291.96,2086.05,1806.53,1841.34,592177.44,394155.0,14407.25,3.14,20.67
2019,Eastern,PET,Films,Flexible,2858.31,1473.18,6.78,138.53,49.03,942.72,910.23,811.02,198926.38,124677.0,6288.28,2.65,14.7
2019,Eastern,PET,Pouches,Flexible,3174.88,1735.12,11.06,161.74,171.45,1223.81,955.59,651.23,555451.37,145566.0,6984.74,1.57,25.45
2019,Eastern,HDPE,Bottles,Rigid,5079.09,2563.06,493.87,1395.19,80.75,2080.23,797.26,231.79,590455.7,1116152.0,9650.27,0.58,63.72
2019,Eastern,HDPE,Containers,Rigid,3046.87,1759.43,223.14,778.71,51.46,1273.33,468.28,251.95,354636.16,622968.0,5789.05,0.61,59.56
2019,Eastern,HDPE,Sachets,Flexible,5439.01,2487.68,3.14,122.23,280.87,1779.64,1672.01,1581.12,423399.14,97784.0,10334.12,3.36,13.78
2019,Eastern,HDPE,Films,Flexible,2997.36,1301.77,10.87,227.48,122.32,1107.24,817.25,712.2,452975.32,181984.0,5694.98,2.11,24.81
2019,Eastern,HDPE,Pouches,Flexible,3086.03,1616.91,19.65,130.33,74.46,1290.33,1076.35,494.91,483948.32,104264.0,5863.46,1.45,26.07
2019,Eastern,LDPE,Bottles,Rigid,4067.87,2339.25,435.23,1190.43,85.3,1505.91,704.46,146.54,655188.23,595215.0,10169.67,0.01,65.41
2019,Eastern,LDPE,Containers,Rigid,2846.63,1297.81,93.94,570.38,52.81,1248.21,642.35,238.94,235017.83,285190.0,7116.58,0.47,53.14
2019,Eastern,LDPE,Sachets,Flexible,5771.35,3306.43,85.52,358.52,254.67,1743.07,1642.26,1687.31,680193.35,179260.0,14428.38,2.68,18.96
2019,Eastern,LDPE,Films,Flexible,2797.14,1396.72,2.26,126.14,116.04,1132.36,880.65,539.69,321992.72,63070.0,6992.85,2.02,24.72
2019,Eastern,LDPE,Pouches,Flexible,2851.37,1356.25,18.39,101.89,66.78,1070.21,890.13,703.97,428078.34,50945.0,7128.42,2.84,18.29
2019,Eastern,PP,Bottles,Rigid,4375.02,2423.42,396.71,1181.82,72.39,1619.73,824.63,279.74,776764.3,709092.0,7437.53,0.17,61.46
2019,Eastern,PP,Containers,Rigid,2684.21,1182.71,98.77,551.61,23.67,1247.55,494.02,268.59,143662.31,330966.0,4563.16,0.79,53.35
2019,Eastern,PP,Sachets,Flexible,5157.86,2976.03,56.41,188.56,237.77,1851.01,1276.65,1547.46,878037.23,113136.0,8768.36,3.04,17.21
2019,Eastern,PP,Films,Flexible,2753.35,1307.01,16.54,210.43,42.37,965.63,672.36,846.02,247314.55,126258.0,4680.69,3.28,17.98
2019,Eastern,PP,Pouches,Flexible,2301.94,1181.23,8.17,93.19,36.84,851.05,742.97,569.72,345415.18,55914.0,3913.3,2.11,17.54
2019,Eastern,Multilayer Laminate,Bottles,Rigid,4140.88,1755.46,145.1,346.47,93.5,2283.13,903.13,369.55,321133.55,103941.0,12836.73,1.39,47.77
2019,Eastern,Multilayer Laminate,Containers,Rigid,2327.62,1145.71,76.03,227.99,77.8,1209.58,580.81,155.41,309957.61,68397.0,7215.62,0.44,49.16
2019,Eastern,Multilayer Laminate,Sachets,Flexible,5151.07,2287.95,29.67,114.1,145.32,1751.04,1429.77,1681.17,792351.08,34230.0,15968.32,3.17,10.72
2019,Eastern,Multilayer Laminate,Films,Flexible,2548.71,1164.23,4.96,33.98,99.76,1014.35,780.43,615.23,398963.56,10194.0,7901.0,2.1,17.5
2019,Eastern,Multilayer Laminate,Pouches,Flexible,2536.67,1380.6,21.29,51.92,128.77,992.06,802.37,540.26,458076.18,15576.0,7863.68,2.25,21.78
2019,Northern,PET,Bottles,Rigid,3310.34,1232.2,115.92,641.9,43.5,1606.03,701.97,201.02,166061.2,577710.0,7282.75,0.69,54.38
2019,Northern,PET,Containers,Rigid,1788.37,750.46,60.81,373.13,9.83,883.38,371.78,89.44,193622.23,335817.0,3934.41,0.29,55.49
2019,Northern,PET,Sachets,Flexible,3896.24,1671.56,39.11,88.09,113.12,1293.4,1390.99,971.53,255370.87,79281.0,8571.73,2.49,15.77
2019,Northern,PET,Films,Flexible,1919.31,778.03,8.71,62.45,41.98,678.4,626.28,501.49,99305.19,56205.0,4222.48,2.19,15.74
2019,Northern,PET,Pouches,Flexible,1836.35,587.46,6.67,57.07,53.45,777.35,639.2,302.61,156486.98,51363.0,4039.97,1.85,24.68
2019,Northern,HDPE,Bottles,Rigid,2549.02,1122.67,96.82,641.51,36.06,1087.42,490.28,196.93,222371.23,513208.0,4843.14,1.09,56.8
2019,Northern,HDPE,Containers,Rigid,1545.79,671.22,70.32,350.2,17.73,672.23,304.7,130.61,93148.49,280160.0,2937.0,0.41,55.46
2019,Northern,HDPE,Sachets,Flexible,3204.29,1037.97,27.15,69.06,110.97,1030.76,1065.61,900.74,281811.75,55248.0,6088.15,2.81,13.6
2019,Northern,HDPE,Films,Flexible,1706.19,695.92,3.18,131.33,66.1,530.4,527.2,447.98,95066.59,105064.0,3241.76,2.16,20.66
2019,Northern,HDPE,Pouches,Flexible,1605.72,593.14,10.3,55.87,51.03,636.63,546.27,305.62,205914.13,44696.0,3050.87,1.44,23.17
2019,Northern,LDPE,Bottles,Rigid,2851.24,1102.86,146.28,565.14,28.89,1361.28,515.04,234.61,202562.73,282570.0,7128.1,0.92,54.9
2019,Northern,LDPE,Containers,Rigid,1725.19,572.07,64.24,248.77,24.86,877.15,410.51,99.66,92290.4,124385.0,4312.98,0.32,51.8
2019,Northern,LDPE,Sachets,Flexible,3488.01,1141.09,29.25,93.78,53.19,1093.99,957.29,1260.51,231211.85,46890.0,8720.03,3.71,7.36
2019,Northern,LDPE,Films,Flexible,1486.5,533.15,10.34,49.32,42.19,612.88,427.3,344.47,182901.82,24660.0,3716.25,2.27,20.88
2019,Northern,LDPE,Pouches,Flexible,1509.62,469.53,1.59,34.36,26.16,596.51,477.9,373.1,122990.26,17180.0,3774.05,2.68,16.13
2019,Northern,PP,Bottles,Rigid,2333.52,758.73,64.04,411.73,25.39,1164.76,515.11,152.49,193196.56,247038.0,3966.98,1.02,52.64
2019,Northern,PP,Containers,Rigid,1411.75,447.23,34.43,161.9,19.52,739.89,283.45,172.56,100182.1,97140.0,2399.97,1.66,46.96
2019,Northern,PP,Sachets,Flexible,2889.69,1086.77,1.36,59.82,121.84,762.39,875.77,1068.51,290164.97,35892.0,4912.47,4.07,5.4
2019,Northern,PP,Films,Flexible,1486.42,560.88,5.48,75.55,20.43,559.6,542.14,283.22,93345.18,45330.0,2526.91,2.08,22.35
2019,Northern,PP,Pouches,Flexible,1640.97,515.4,6.93,35.04,51.19,672.27,607.73,267.81,173824.46,21024.0,2789.65,1.82,23.28
2019,Northern,Multilayer Laminate,Bottles,Rigid,2342.43,919.82,169.49,174.41,18.85,1222.88,528.81,227.99,156006.33,52323.0,7261.53,1.13,48.38
2019,Northern,Multilayer Laminate,Containers,Rigid,1376.4,547.37,33.2,104.66,49.12,811.38,301.51,76.53,175307.99,31398.0,4266.84,0.84,49.01
2019,Northern,Multilayer Laminate,Sachets,Flexible,2850.2,1170.77,30.86,36.07,65.6,951.19,814.91,951.57,355325.35,10821.0,8835.62,3.27,9.08
2019,Northern,Multilayer Laminate,Films,Flexible,1495.64,475.66,5.18,13.29,27.07,556.63,523.74,369.73,99588.16,3987.0,4636.48,2.42,13.88
2019,Northern,Multilayer Laminate,Pouches,Flexible,1332.43,474.33,2.16,9.11,39.04,537.96,440.46,303.7,98352.67,2733.0,4130.53,2.64,16.8
2020,Greater Accra,PET,Bottles,Rigid,13049.61,9420.22,782.6,5340.2,211.75,4370.61,1821.23,523.22,2447544.33,4806180.0,28709.14,0.67,68.67
2020,Greater Accra,PET,Containers,Rigid,8288.26,6280.17,914.09,2434.3,139.61,3064.38,1444.6,291.28,1105315.75,2190870.0,18234.17,0.78,65.55
2020,Greater Accra,PET,Sachets,Flexible,14228.03,11242.5,118.59,669.02,770.82,4860.43,4153.78,3655.39,3425544.29,602118.0,31301.67,2.61,20.78
2020,Greater Accra,PET,Films,Flexible,7505.64,5565.81,79.72,618.36,327.21,2532.91,2532.89,1414.55,900163.02,556524.0,16512.41,1.91,28.53
2020,Greater Accra,PET,Pouches,Flexible,8126.11,5412.25,61.41,363.64,581.82,3110.77,2493.06,1515.41,703510.68,327276.0,17877.44,2.0,27.85
2020,Greater Accra,HDPE,Bottles,Rigid,12756.28,9442.73,1683.66,5357.63,121.34,3751.01,1479.93,362.71,2957161.81,4286104.0,24236.93,0.68,74.12
2020,Greater Accra,HDPE,Containers,Rigid,6814.2,4671.34,598.18,1953.95,220.47,2720.6,924.37,396.63,1230840.37,1563160.0,12946.98,0.53,63.99
2020,Greater Accra,HDPE,Sachets,Flexible,14283.2,9644.05,213.19,1220.97,406.44,4488.82,4664.49,3289.29,2503900.4,976776.0,27138.08,2.35,24.71
2020,Greater Accra,HDPE,Films,Flexible,6643.65,4707.93,55.98,616.99,479.76,2396.64,1883.72,1210.56,1028616.38,493592.0,12622.93,2.04,33.42
2020,Greater Accra,HDPE,Pouches,Flexible,7290.18,5822.58,14.95,316.07,522.74,2789.45,2197.56,1449.41,813422.56,252856.0,13851.34,2.38,26.16
2020,Greater Accra,LDPE,Bottles,Rigid,10369.03,7242.83,776.42,3413.29,110.67,3689.17,1855.55,523.93,1258469.08,1706645.0,25922.58,0.55,64.14
2020,Greater Accra,LDPE,Containers,Rigid,7133.98,5333.59,550.94,2093.06,161.3,2701.03,1107.11,520.54,1324278.05,1046530.0,17834.95,0.96,62.21
2020,Greater Accra,LDPE,Sachets,Flexible,13167.73,8677.82,146.39,1057.03,342.16,3856.31,3657.4,4108.44,1234294.79,528515.0,32919.32,3.07,17.53
2020,Greater Accra,LDPE,Films,Flexible,6969.67,4893.65,65.08,720.11,466.09,2456.61,1916.84,1344.94,1704317.38,360055.0,17424.17,2.36,33.4
2020,Greater Accra,LDPE,Pouches,Flexible,6682.98,5188.03,54.05,408.68,179.66,2200.91,2340.49,1499.19,1555716.19,204340.0,16707.45,2.45,21.52
2020,Greater Accra,PP,Bottles,Rigid,9435.21,6561.9,732.13,3082.33,104.09,3533.36,1345.64,637.66,1386567.19,1849398.0,16039.86,0.62,64.05
2020,Greater Accra,PP,Containers,Rigid,6365.54,4629.99,657.18,1855.24,252.61,2054.07,1054.51,491.93,679517.11,1113144.0,10821.42,1.09,63.56
2020,Greater Accra,PP,Sachets,Flexible,12182.04,9522.65,247.99,1029.52,833.61,3651.92,3441.01,2977.99,1522773.04,617712.0,20709.47,2.64,27.52
2020,Greater Accra,PP,Films,Flexible,6047.93,4816.22,61.74,722.17,169.06,1939.96,1477.22,1677.78,1249511.33,433302.0,10281.48,3.04,25.68
2020,Greater Accra,PP,Pouches,Flexible,5834.2,4232.04,33.74,214.99,251.26,2398.21,2088.59,847.41,1445311.39,128994.0,9918.14,1.5,27.65
2020,Greater Accra,Multilayer Laminate,Bottles,Rigid,10658.35,7619.38,894.65,1532.77,361.13,5451.0,1967.1,451.7,2000127.1,459831.0,33040.89,0.57,56.92
2020,Greater Accra,Multilayer Laminate,Containers,Rigid,5442.87,3587.95,459.53,593.42,89.32,2463.11,1194.39,643.1,1242313.88,178026.0,16872.9,0.92,49.89
2020,Greater Accra,Multilayer Laminate,Sachets,Flexible,10862.86,7258.65,66.04,151.31,649.87,3708.39,3694.94,2592.31,2229952.82,45393.0,33674.87,2.5,17.92
2020,Greater Accra,Multilayer Laminate,Films,Flexible,5623.32,4181.41,44.08,189.88,164.86,1956.54,1528.25,1739.71,855452.3,56964.0,17432.29,3.01,13.91
2020,Greater Accra,Multilayer Laminate,Pouches,Flexible,6233.22,4737.51,72.89,82.89,309.06,2373.02,2169.15,1226.21,1396933.75,24867.0,19322.98,1.6,21.8
2020,Ashanti,PET,Bottles,Rigid,9818.85,5759.58,469.14,3164.95,250.44,3829.68,1474.97,629.67,836517.52,2848455.0,21601.47,0.69,62.62
2020,Ashanti,PET,Containers,Rigid,5796.62,4020.19,240.44,2069.97,74.38,2224.41,883.01,304.41,829985.53,1862973.0,12752.56,0.42,64.15
2020,Ashanti,PET,Sachets,Flexible,11605.11,7931.55,212.27,1123.41,665.0,3756.71,2992.22,2855.5,1416370.54,1011069.0,25531.24,2.8,28.63
2020,Ashanti,PET,Films,Flexible,5309.96,3734.49,34.47,578.92,278.84,1584.38,1356.64,1476.71,505388.42,521028.0,11681.91,2.8,25.13
2020,Ashanti,PET,Pouches,Flexible,5440.7,3674.45,37.64,355.01,110.76,2448.0,1694.27,795.02,501154.74,319509.0,11969.54,0.97,30.82
2020,Ashanti,HDPE,Bottles,Rigid,9576.16,6467.51,791.56,3285.48,146.95,3539.14,1255.19,557.84,1035093.59,2628384.0,18194.7,0.18,65.98
2020,Ashanti,HDPE,Containers,Rigid,5433.8,3694.68,282.66,1472.22,72.54,2081.34,994.52,530.52,974185.96,1177776.0,10324.22,0.86,57.54
2020,Ashanti,HDPE,Sachets,Flexible,9910.18,5655.1,104.34,672.14,429.08,2726.85,3109.2,2868.57,1717477.98,537712.0,18829.34,2.69,18.1
2020,Ashanti,HDPE,Films,Flexible,5770.41,3764.15,43.85,600.01,321.57,1767.29,1603.54,1434.15,1255190.59,480008.0,10963.78,2.21,27.04
2020,Ashanti,HDPE,Pouches,Flexible,5130.39,3198.56,28.11,279.83,332.07,1972.11,1704.21,814.06,1036310.18,223864.0,9747.74,1.73,29.9
2020,Ashanti,LDPE,Bottles,Rigid,7932.64,5463.3,1001.77,2727.81,195.4,2681.64,1054.87,271.15,1713616.86,1363905.0,19831.6,0.57,69.96
2020,Ashanti,LDPE,Containers,Rigid,5247.43,3471.42,235.16,1537.72,201.48,2014.01,786.54,472.52,521746.16,768860.0,13118.58,1.13,60.02
2020,Ashanti,LDPE,Sachets,Flexible,10577.08,6201.31,94.11,695.98,519.22,3371.79,2825.23,3070.75,1168550.94,347990.0,26442.7,2.97,19.83
2020,Ashanti,LDPE,Films,Flexible,5160.35,3604.32,45.87,518.23,135.01,1704.44,1555.68,1201.12,1034750.51,259115.0,12900.88,2.82,26.02
2020,Ashanti,LDPE,Pouches,Flexible,4573.88,2827.82,45.25,152.04,210.33,1803.56,1340.72,1021.98,570480.03,76020.0,11434.7,2.52,22.66
2020,Ashanti,PP,Bottles,Rigid,7884.59,4343.53,744.13,1704.33,184.04,3596.38,1318.66,337.05,847832.18,1022598.0,13403.8,0.08,60.96
2020,Ashanti,PP,Containers,Rigid,4498.05,3144.27,470.49,1190.13,104.41,1700.83,690.6,341.59,660456.78,714078.0,7646.69,0.67,62.26
2020,Ashanti,PP,Sachets,Flexible,9726.2,5354.73,99.53,382.14,494.51,3517.9,2922.57,2309.55,1433647.95,229284.0,16534.54,1.94,21.76
2020,Ashanti,PP,Films,Flexible,4754.86,3069.04,34.41,393.15,240.06,1376.51,1399.76,1310.97,719993.12,235890.0,8083.26,2.33,21.54
2020,Ashanti,PP,Pouches,Flexible,4266.8,2589.18,40.64,215.62,235.57,1669.83,1285.04,820.1,506144.13,129372.0,7253.56,1.86,27.37
2020,Ashanti,Multilayer Laminate,Bottles,Rigid,6710.83,3942.64,598.44,815.97,303.01,3168.6,1248.98,575.83,1050007.01,244791.0,20803.57,1.14,54.05
2020,Ashanti,Multilayer Laminate,Containers,Rigid,4052.59,2511.32,336.47,400.97,144.52,1986.97,825.7,357.96,494573.32,120291.0,12563.03,0.41,51.86
2020,Ashanti,Multilayer Laminate,Sachets,Flexible,7939.96,5489.6,44.97,194.01,298.68,2373.66,2133.59,2895.05,1760668.2,58203.0,24613.88,3.99,7.9
2020,Ashanti,Multilayer Laminate,Films,Flexible,4112.05,2822.71,25.87,135.04,111.83,1677.05,1347.98,814.28,622338.85,40512.0,12747.36,2.21,22.48
2020,Ashanti,Multilayer Laminate,Pouches,Flexible,4620.49,2666.09,32.54,54.82,251.75,1984.82,1288.71,1007.85,354916.79,16446.0,14323.52,1.96,22.08
2020,Western,PET,Bottles,Rigid,5571.2,2713.44,512.16,1320.57,47.98,2256.63,1053.16,380.7,366407.24,1188513.0,12256.64,0.67,59.5
2020,Western,PET,Containers,Rigid,3182.6,1462.08,205.63,600.39,51.12,1403.74,696.15,225.57,182788.34,540351.0,7001.72,0.87,55.14
2020,Western,PET,Sachets,Flexible,7670.61,4096.3,115.13,219.86,254.61,2604.31,2430.12,2046.58,733245.54,197874.0,16875.34,2.82,16.85
2020,Western,PET,Films,Flexible,3298.06,1763.8,16.37,343.62,119.0,1138.33,969.14,711.6,303061.22,309258.0,7255.73,1.91,28.46
2020,Western,PET,Pouches,Flexible,3756.13,2006.46,21.0,115.22,200.89,1263.58,1321.32,834.12,491610.37,103698.0,8263.49,1.8,20.18
2020,Western,HDPE,Bottles,Rigid,5221.09,2729.09,272.62,1724.89,77.91,2022.83,818.24,304.6,736100.79,1379912.0,9920.07,0.63,63.13
2020,Western,HDPE,Containers,Rigid,2882.44,1518.69,198.4,679.63,22.22,1234.1,488.89,259.2,239774.52,543704.0,5476.64,0.73,57.39
2020,Western,HDPE,Sachets,Flexible,6642.43,3506.59,21.55,456.17,330.64,1890.79,1722.91,2220.37,1215200.42,364936.0,12620.62,3.61,15.45
2020,Western,HDPE,Films,Flexible,2860.26,1315.09,12.2,234.07,83.88,910.06,925.1,694.95,406472.92,187256.0,5434.49,2.31,22.23
2020,Western,HDPE,Pouches,Flexible,3333.13,1982.12,8.08,162.47,101.16,1218.79,1067.87,774.76,601613.57,129976.0,6332.95,2.22,20.46
2020,Western,LDPE,Bottles,Rigid,5385.31,2853.97,282.41,1506.43,108.0,2221.26,1015.43,251.78,524240.13,753215.0,13463.28,0.95,60.84
2020,Western,LDPE,Containers,Rigid,2769.11,1330.01,91.0,662.22,51.27,1263.55,556.29,144.78,185133.06,331110.0,6922.78,0.91,57.24
2020,Western,LDPE,Sachets,Flexible,6329.32,3327.84,96.55,252.07,353.25,2109.51,1547.28,1970.66,1074371.13,126035.0,15823.3,3.04,17.39
2020,Western,LDPE,Films,Flexible,2781.95,1257.14,14.07,151.4,103.43,817.24,857.61,838.2,205045.5,75700.0,6954.88,3.37,15.13
2020,Western,LDPE,Pouches,Flexible,3173.89,1685.71,23.95,101.71,112.96,1194.58,986.88,753.81,393897.94,50855.0,7934.72,2.7,19.68
2020,Western,PP,Bottles,Rigid,4525.75,2154.55,356.45,1093.09,27.54,2008.99,836.05,203.63,481715.85,655854.0,7693.77,0.7,60.3
2020,Western,PP,Containers,Rigid,2892.88,1571.24,133.93,755.37,49.38,1236.23,428.51,289.46,432909.36,453222.0,4917.9,0.83,57.5
2020,Western,PP,Sachets,Flexible,5825.28,2682.23,14.07,307.47,119.09,1716.91,1645.5,2022.24,750098.04,184482.0,9902.98,3.48,10.33
2020,Western,PP,Films,Flexible,2698.66,1300.48,0.86,128.67,103.96,881.48,743.69,840.0,391890.4,77202.0,4587.72,3.28,14.46
2020,Western,PP,Pouches,Flexible,2673.38,1566.81,21.02,117.24,57.13,994.91,967.37,515.71,385010.8,70344.0,4544.75,1.81,22.43
2020,Western,Multilayer Laminate,Bottles,Rigid,4805.89,2242.47,293.1,380.99,151.49,2358.95,1166.55,454.81,419813.24,114297.0,14898.26,1.36,48.4
2020,Western,Multilayer Laminate,Containers,Rigid,2766.21,1578.78,81.78,336.67,110.7,1500.58,540.9,195.58,506367.45,101001.0,8575.25,0.32,51.25
2020,Western,Multilayer Laminate,Sachets,Flexible,5479.48,2910.18,8.43,75.35,87.95,1860.99,1746.61,1700.15,548175.17,22605.0,16986.39,2.9,8.94
2020,Western,Multilayer Laminate,Films,Flexible,2760.54,1262.18,22.79,79.07,104.55,1074.63,741.4,738.1,174386.46,23721.0,8557.67,2.41,18.28
2020,Western,Multilayer Laminate,Pouches,Flexible,2787.6,1268.92,14.79,52.53,128.59,971.19,1056.06,564.44,327083.24,15759.0,8641.56,1.64,19.65
2020,Central,PET,Bottles,Rigid,4777.61,2562.92,410.85,1540.58,66.72,1788.62,722.42,248.42,494381.41,1386522.0,10510.74,0.45,65.06
2020,Central,PET,Containers,Rigid,3290.9,1613.49,224.68,748.12,54.23,1384.96,614.45,264.46,281731.0,673308.0,7239.98,0.82,57.35
2020,Central,PET,Sachets,Flexible,5746.07,2629.84,38.47,298.58,264.93,1882.7,1511.89,1749.5,699126.99,268722.0,12641.35,2.62,17.03
2020,Central,PET,Films,Flexible,2966.74,1347.72,12.74,114.11,52.01,1234.48,880.07,673.33,311147.37,102699.0,6526.83,1.97,20.63
2020,Central,PET,Pouches,Flexible,3189.13,1409.92,5.84,120.98,39.13,1435.49,1131.21,456.48,204221.16,108882.0,7016.09,1.27,26.14
2020,Central,HDPE,Bottles,Rigid,4963.22,2411.17,341.23,1196.97,99.39,2088.6,978.33,258.7,352471.66,957576.0,9430.12,0.37,59.45
2020,Central,HDPE,Containers,Rigid,2812.16,1493.63,148.4,754.58,70.5,1206.36,500.24,132.08,324148.3,603664.0,5343.1,0.38,60.69
2020,Central,HDPE,Sachets,Flexible,6073.83,3080.07,56.17,232.51,290.7,2014.75,1318.96,2160.74,820445.38,186008.0,11540.28,3.11,12.91
2020,Central,HDPE,Films,Flexible,2671.87,1092.6,13.19,166.52,36.79,996.08,826.85,632.44,161525.34,133216.0,5076.55,2.29,21.04
2020,Central,HDPE,Pouches,Flexible,2949.06,1211.03,1.94,85.96,128.89,1172.66,912.3,647.31,310680.04,68768.0,5603.21,1.71,21.02
2020,Central,LDPE,Bottles,Rigid,4540.31,2438.11,374.27,1271.38,75.41,2006.79,647.71,164.75,592003.63,635690.0,11350.78,0.0,64.0
2020,Central,LDPE,Containers,Rigid,2393.01,1108.69,88.15,474.67,44.73,1148.64,522.67,114.15,220550.03,237335.0,5982.53,0.71,55.42
2020,Central,LDPE,Sachets,Flexible,5465.55,2879.47,59.82,222.88,235.18,1757.8,1748.58,1441.29,641190.27,111440.0,13663.88,2.94,18.15
2020,Central,LDPE,Films,Flexible,2823.01,1492.34,27.36,164.02,76.36,948.53,872.53,734.21,421264.82,82010.0,7057.53,2.79,19.5
2020,Central,LDPE,Pouches,Flexible,2585.46,1098.9,9.46,55.54,113.84,1075.99,861.43,469.2,295097.67,27770.0,6463.65,1.95,23.54
2020,Central,PP,Bottles,Rigid,4027.38,1654.27,213.66,749.7,62.83,1976.42,747.45,277.32,574442.4,449820.0,6846.55,0.64,55.22
2020,Central,PP,Containers,Rigid,2589.99,1090.6,107.49,380.64,45.48,1303.05,451.53,301.8,138636.89,228384.0,4402.98,1.05,50.42
2020,Central,PP,Sachets,Flexible,4652.57,1877.33,42.59,149.48,94.43,1273.13,1411.95,1680.99,360846.0,89688.0,7909.37,4.0,6.98
2020,Central,PP,Films,Flexible,2547.39,1334.85,26.27,127.48,137.6,909.76,763.27,583.01,326402.53,76488.0,4330.56,1.94,23.73
2020,Central,PP,Pouches,Flexible,2522.81,1214.12,18.5,110.12,75.59,1028.98,850.7,438.92,161792.35,66072.0,4288.78,1.58,25.68
2020,Central,Multilayer Laminate,Bottles,Rigid,3720.79,2027.69,297.92,375.03,111.42,1914.92,846.06,175.44,471329.45,112509.0,11534.45,0.37,53.38
2020,Central,Multilayer Laminate,Containers,Rigid,2571.12,1367.96,153.68,239.65,83.68,1434.31,496.21,163.59,313776.63,71895.0,7970.47,0.68,51.82
2020,Central,Multilayer Laminate,Sachets,Flexible,4425.17,2409.97,65.75,100.27,175.04,1233.57,1296.56,1553.98,358383.72,30081.0,13718.03,3.81,9.14
2020,Central,Multilayer Laminate,Films,Flexible,2235.06,1188.08,22.43,39.92,80.65,694.86,670.95,726.25,303445.43,11976.0,6928.69,3.12,10.42
2020,Central,Multilayer Laminate,Pouches,Flexible,2239.75,964.18,14.69,25.61,70.23,862.3,811.27,455.65,333191.73,7683.0,6943.23,1.94,18.97
2020,Eastern,PET,Bottles,Rigid,5817.65,3155.05,469.55,1990.52,33.39,2263.61,868.95,191.63,993218.69,1791468.0,12798.83,0.72,66.56
2020,Eastern,PET,Containers,Rigid,2989.32,1678.07,159.13,838.59,58.78,1142.83,512.87,277.12,466798.92,754731.0,6576.5,1.15,58.76
2020,Eastern,PET,Sachets,Flexible,6804.29,3004.16,26.98,255.66,278.68,2128.79,2292.39,1821.79,366623.35,230094.0,14969.44,3.18,15.99
2020,Eastern,PET,Films,Flexible,3391.85,1874.18,11.04,152.25,164.94,1211.55,856.02,996.05,549675.29,137025.0,7462.07,3.21,17.72
2020,Eastern,PET,Pouches,Flexible,3379.88,1833.85,31.03,167.58,62.1,1261.65,1191.92,665.6,391773.61,150822.0,7435.74,1.54,22.87
2020,Eastern,HDPE,Bottles,Rigid,4765.42,2086.11,369.22,1206.22,18.64,2026.84,773.9,370.6,287212.03,964976.0,9054.3,0.78,59.4
2020,Eastern,HDPE,Containers,Rigid,3122.07,1664.48,91.58,694.2,58.22,1488.53,592.31,197.23,507335.22,555360.0,5931.93,1.06,55.91
2020,Eastern,HDPE,Sachets,Flexible,5784.88,3268.33,31.52,300.25,147.83,1949.06,1520.21,1836.01,661174.14,240200.0,10991.27,3.32,14.59
2020,Eastern,HDPE,Films,Flexible,2726.04,1532.54,15.42,193.02,109.54,835.31,865.46,707.29,269181.89,154416.0,5179.48,2.81,20.56
2020,Eastern,HDPE,Pouches,Flexible,3138.59,1721.94,19.03,139.79,66.99,1138.96,1043.31,730.51,319218.47,111832.0,5963.32,1.96,19.5
2020,Eastern,LDPE,Bottles,Rigid,4761.26,2041.12,346.66,883.64,24.33,2273.07,932.76,300.8,576829.89,441820.0,11903.15,0.19,56.08
2020,Eastern,LDPE,Containers,Rigid,2973.58,1250.72,93.41,588.44,33.26,1515.22,587.03,156.22,392505.62,294220.0,7433.95,0.34,55.09
2020,Eastern,LDPE,Sachets,Flexible,5891.02,3314.87,43.14,392.1,184.18,1570.84,1620.53,2080.23,774278.15,196050.0,14727.55,3.42,12.23
2020,Eastern,LDPE,Films,Flexible,2858.51,1522.49,0.13,129.45,131.18,997.97,820.57,779.21,515633.45,64725.0,7146.28,2.93,18.01
2020,Eastern,LDPE,Pouches,Flexible,2672.13,1167.34,18.25,92.88,36.27,1153.31,874.54,496.88,256263.47,46440.0,6680.33,1.82,23.25
2020,Eastern,PP,Bottles,Rigid,4113.68,1970.42,245.08,821.95,89.51,1876.88,846.19,234.07,332525.38,493170.0,6993.26,0.73,56.6
2020,Eastern,PP,Containers,Rigid,2606.27,1461.66,104.62,675.44,57.73,1098.57,516.8,153.11,423702.22,405264.0,4430.66,0.4,58.38
2020,Eastern,PP,Sachets,Flexible,5393.43,2606.22,55.76,151.58,264.16,1977.33,1501.93,1442.67,379590.23,90948.0,9168.83,2.69,18.59
2020,Eastern,PP,Films,Flexible,2498.98,1383.63,0.41,147.54,74.59,938.94,875.61,461.89,322882.31,88524.0,4248.27,1.75,24.65
2020,Eastern,PP,Pouches,Flexible,2637.02,1358.65,0.27,95.24,147.43,1061.67,811.76,520.65,404902.18,57144.0,4482.93,2.25,24.44
2020,Eastern,Multilayer Laminate,Bottles,Rigid,4112.44,2369.43,225.25,415.3,171.7,2101.55,847.16,351.48,293897.09,124590.0,12748.56,0.65,50.68
2020,Eastern,Multilayer Laminate,Containers,Rigid,2591.22,1303.06,110.51,218.86,29.33,1373.64,664.69,194.19,410234.55,65658.0,8032.78,0.27,47.86
2020,Eastern,Multilayer Laminate,Sachets,Flexible,5305.71,2893.27,67.74,94.74,179.74,1850.39,1646.7,1466.4,511295.31,28422.0,16447.7,2.75,15.04
2020,Eastern,Multilayer Laminate,Films,Flexible,2578.59,1278.49,1.48,87.13,136.65,910.78,694.72,747.83,436523.43,26139.0,7993.63,2.48,16.41
2020,Eastern,Multilayer Laminate,Pouches,Flexible,2391.0,1090.44,4.27,22.75,91.47,977.63,723.18,571.7,334283.61,6825.0,7412.1,2.53,17.5
2020,Northern,PET,Bottles,Rigid,3177.31,1274.48,141.71,701.23,48.58,1431.85,693.17,160.77,360392.24,631107.0,6990.08,0.07,56.65
2020,Northern,PET,Containers,Rigid,1812.45,545.87,61.73,261.21,9.38,921.2,342.51,216.42,128355.23,235089.0,3987.39,1.37,49.05
2020,Northern,PET,Sachets,Flexible,3569.47,1217.92,29.48,114.05,85.08,1220.17,1068.58,1052.11,270956.24,102645.0,7852.83,2.66,13.88
2020,Northern,PET,Films,Flexible,1774.49,756.9,14.85,129.99,65.39,710.69,483.94,369.63,256459.56,116991.0,3903.88,2.58,27.8
2020,Northern,PET,Pouches,Flexible,2032.57,908.91,10.35,61.25,58.05,729.48,741.17,432.27,314183.74,55125.0,4471.65,1.82,19.26
2020,Northern,HDPE,Bottles,Rigid,3096.17,1350.5,260.98,768.03,24.73,1338.26,462.32,241.85,310192.33,614424.0,5882.72,1.0,59.92
2020,Northern,HDPE,Containers,Rigid,1666.32,660.02,77.0,267.26,25.53,845.21,283.49,167.83,80574.48,213808.0,3166.01,0.86,52.21
2020,Northern,HDPE,Sachets,Flexible,3809.19,1273.42,24.23,85.69,68.59,1333.21,927.95,1369.52,278371.48,68552.0,7237.46,3.12,8.34
2020,Northern,HDPE,Films,Flexible,1748.29,698.21,1.65,75.88,40.84,659.09,420.04,550.79,205994.17,60704.0,3321.75,3.02,14.44
2020,Northern,HDPE,Pouches,Flexible,1717.25,709.46,13.03,77.12,50.75,733.76,532.95,309.64,177178.43,61696.0,3262.77,1.66,26.23
2020,Northern,LDPE,Bottles,Rigid,2849.04,957.45,98.61,535.57,12.66,1484.88,529.22,188.1,122825.83,267785.0,7122.6,0.34,54.13
2020,Northern,LDPE,Containers,Rigid,1779.08,609.11,88.35,250.68,18.72,865.15,396.69,159.49,112669.57,125340.0,4447.7,0.75,50.8
2020,Northern,LDPE,Sachets,Flexible,3576.28,1580.6,42.32,120.22,142.14,1251.86,968.08,1051.66,404570.33,60110.0,8940.7,2.63,16.4
2020,Northern,LDPE,Films,Flexible,1601.66,685.92,2.84,51.41,22.87,549.02,455.48,520.04,210235.9,25705.0,4004.15,3.58,10.37
2020,Northern,LDPE,Pouches,Flexible,1601.87,647.22,9.98,51.9,25.55,624.13,490.7,399.61,140966.12,25950.0,4004.67,2.03,17.58
2020,Northern,PP,Bottles,Rigid,2406.49,998.29,79.86,494.41,32.66,1266.98,435.72,96.86,189640.86,296646.0,4091.03,0.21,56.65
2020,Northern,PP,Containers,Rigid,1475.89,443.09,54.47,212.52,8.84,725.41,331.03,143.62,96241.24,127512.0,2509.01,0.78,49.66
2020,Northern,PP,Sachets,Flexible,3010.98,1225.15,30.02,69.24,71.36,911.53,834.46,1094.37,359553.47,41544.0,5118.67,3.53,7.29
2020,Northern,PP,Films,Flexible,1588.28,633.97,0.99,78.2,52.06,621.84,507.22,327.97,214922.81,46920.0,2700.08,1.61,23.08
2020,Northern,PP,Pouches,Flexible,1486.78,580.19,3.44,49.03,51.88,623.09,533.55,225.79,118900.99,29418.0,2527.53,1.95,25.86
2020,Northern,Multilayer Laminate,Bottles,Rigid,2597.16,1050.76,174.13,197.08,76.71,1327.43,609.84,211.97,192327.4,59124.0,8051.2,1.12,49.42
2020,Northern,Multilayer Laminate,Containers,Rigid,1373.36,483.15,40.37,100.07,36.7,743.18,305.78,147.26,163222.98,30021.0,4257.42,1.07,45.98
2020,Northern,Multilayer Laminate,Sachets,Flexible,2855.1,926.35,21.85,39.08,55.9,1235.26,808.09,694.92,261092.63,11724.0,8850.81,2.9,17.85
2020,Northern,Multilayer Laminate,Films,Flexible,1444.27,484.19,6.83,29.75,35.44,452.85,445.9,473.5,138112.49,8925.0,4477.24,3.64,8.91
2020,Northern,Multilayer Laminate,Pouches,Flexible,1368.68,574.85,6.35,15.47,23.15,516.55,459.7,347.46,107330.52,4641.0,4242.91,2.91,14.05
2021,Greater Accra,PET,Bottles,Rigid,13966.3,10747.1,1182.78,6455.68,253.22,4122.02,1294.73,657.87,2955716.68,5810112.0,30725.86,0.02,73.21
2021,Greater Accra,PET,Containers,Rigid,8179.15,5669.34,457.39,2713.3,214.67,3147.69,1214.35,431.75,769449.83,2441970.0,17994.13,0.81,64.19
2021,Greater Accra,PET,Sachets,Flexible,15505.86,11085.37,227.95,903.83,349.3,5417.19,4314.77,4292.82,3042271.21,813447.0,34112.89,2.9,19.35
2021,Greater Accra,PET,Films,Flexible,7612.37,5425.72,81.49,492.55,266.88,2550.28,2586.21,1634.96,735323.88,443295.0,16747.21,2.17,23.88
2021,Greater Accra,PET,Pouches,Flexible,7580.57,6031.11,13.67,470.88,534.74,2716.74,2259.39,1585.15,1275283.32,423792.0,16677.25,1.86,26.78
2021,Greater Accra,HDPE,Bottles,Rigid,11433.96,8260.53,927.03,4232.29,276.34,3948.2,1343.52,706.58,1134866.56,3385832.0,21724.52,1.07,67.51
2021,Greater Accra,HDPE,Containers,Rigid,6994.45,4642.99,510.29,2256.43,165.8,2419.63,1300.83,341.47,825084.4,1805144.0,13289.45,0.66,64.03
2021,Greater Accra,HDPE,Sachets,Flexible,15182.53,11257.86,105.68,816.94,865.99,5002.43,3302.95,5088.54,1751842.13,653552.0,28846.81,3.8,16.51
2021,Greater Accra,HDPE,Films,Flexible,7634.87,5973.9,24.21,850.72,474.73,2524.07,1862.9,1898.24,1517806.65,680576.0,14506.25,2.24,28.9
2021,Greater Accra,HDPE,Pouches,Flexible,7217.47,5728.05,45.71,587.25,239.31,2925.05,1913.67,1506.48,698327.12,469800.0,13713.19,2.02,28.36
2021,Greater Accra,LDPE,Bottles,Rigid,10540.08,8034.26,1524.47,3523.64,159.11,3707.27,1196.78,428.81,2053351.32,1761820.0,26350.2,0.52,70.34
2021,Greater Accra,LDPE,Containers,Rigid,7074.6,4855.32,589.46,1697.97,123.09,3035.95,979.95,648.18,860006.03,848985.0,17686.5,0.63,59.24
2021,Greater Accra,LDPE,Sachets,Flexible,13138.8,9028.12,16.93,734.5,794.12,4486.74,3153.1,3953.41,3059114.03,367250.0,32847.0,3.35,18.82
2021,Greater Accra,LDPE,Films,Flexible,7305.11,5650.12,105.4,684.85,233.4,2382.74,2061.28,1837.44,1355651.8,342425.0,18262.77,2.08,25.19
2021,Greater Accra,LDPE,Pouches,Flexible,6707.52,5286.3,61.79,389.39,262.05,2652.14,2155.89,1186.26,1591699.73,194695.0,16768.8,1.72,27.9
2021,Greater Accra,PP,Bottles,Rigid,11081.33,7615.73,1253.97,3436.57,204.26,4237.21,1358.8,590.52,2358522.62,2061942.0,18838.26,0.33,66.66
2021,Greater Accra,PP,Containers,Rigid,6407.32,4185.82,335.3,1801.84,71.82,2832.9,928.0,437.46,1238255.0,1081104.0,10892.44,0.59,60.44
2021,Greater Accra,PP,Sachets,Flexible,13362.21,9207.04,44.05,514.4,314.33,4690.47,4328.81,3470.15,2828852.98,308640.0,22715.76,2.78,16.45
2021,Greater Accra,PP,Films,Flexible,5975.12,4143.02,25.67,384.95,284.97,2053.64,1745.86,1480.03,1286688.56,230970.0,10157.7,2.77,22.45
2021,Greater Accra,PP,Pouches,Flexible,6230.9,4904.14,93.45,297.98,279.33,2348.61,2012.03,1199.5,704188.56,178788.0,10592.53,1.82,26.26
2021,Greater Accra,Multilayer Laminate,Bottles,Rigid,10233.08,7423.79,766.61,1681.72,452.39,4563.33,1972.34,796.69,1640794.47,504516.0,31722.55,0.89,55.53
2021,Greater Accra,Multilayer Laminate,Containers,Rigid,5662.34,4252.68,288.86,816.85,159.44,3019.73,1067.11,310.35,1213332.61,245055.0,17553.25,0.78,54.2
2021,Greater Accra,Multilayer Laminate,Sachets,Flexible,12186.29,8216.05,20.59,148.91,361.43,3820.22,3363.82,4471.32,1184996.47,44673.0,37777.5,3.39,5.54
2021,Greater Accra,Multilayer Laminate,Films,Flexible,6098.36,4519.88,22.18,136.84,284.3,2084.88,2240.49,1329.67,1183074.58,41052.0,18904.92,2.24,18.71
2021,Greater Accra,Multilayer Laminate,Pouches,Flexible,5972.67,4266.53,46.16,145.87,379.72,2440.13,2030.1,930.69,1366233.37,43761.0,18515.28,1.69,27.48
2021,Ashanti,PET,Bottles,Rigid,10190.82,5804.87,886.27,2820.53,126.62,4406.07,1569.89,381.44,1219763.73,2538477.0,22419.8,0.77,63.67
2021,Ashanti,PET,Containers,Rigid,5715.74,3637.08,334.35,1498.2,182.89,2418.62,1036.67,245.01,962146.18,1348380.0,12574.63,0.62,61.05
2021,Ashanti,PET,Sachets,Flexible,11550.45,6372.34,138.3,645.63,588.18,3590.77,2788.93,3798.64,1253659.32,581067.0,25410.99,3.58,16.55
2021,Ashanti,PET,Films,Flexible,6015.82,3496.31,59.79,638.87,201.34,2042.69,1991.87,1081.26,1144719.96,574983.0,13234.8,1.5,31.11
2021,Ashanti,PET,Pouches,Flexible,5548.87,3879.49,30.21,338.44,411.21,2352.54,1659.85,756.62,800563.23,304596.0,12207.51,1.67,34.48
2021,Ashanti,HDPE,Bottles,Rigid,8991.25,6469.39,951.56,3219.77,114.47,3220.31,1134.42,350.72,1326238.31,2575816.0,17083.38,0.35,69.06
2021,Ashanti,HDPE,Containers,Rigid,5711.06,3778.69,456.76,1425.4,94.05,2462.97,825.37,446.51,1152628.05,1140320.0,10851.01,1.05,60.09
2021,Ashanti,HDPE,Sachets,Flexible,11040.89,6197.24,142.51,623.35,545.18,3456.89,2743.34,3529.62,943682.48,498680.0,20977.69,3.37,17.26
2021,Ashanti,HDPE,Films,Flexible,5599.24,3786.11,12.86,370.64,374.75,1814.91,1513.29,1512.79,974339.21,296512.0,10638.56,2.86,21.99
2021,Ashanti,HDPE,Pouches,Flexible,5893.01,3821.01,48.33,218.46,258.22,2224.84,1838.03,1305.13,734322.34,174768.0,11196.72,1.96,22.16
2021,Ashanti,LDPE,Bottles,Rigid,8115.54,5049.69,954.09,2267.73,85.75,3280.22,1261.44,266.31,1560460.85,1133865.0,20288.85,0.49,65.66
2021,Ashanti,LDPE,Containers,Rigid,5469.69,3261.2,388.85,1227.62,188.35,2327.98,907.09,429.8,534553.45,613810.0,13674.22,0.98,58.42
2021,Ashanti,LDPE,Sachets,Flexible,9746.51,6346.94,50.39,621.89,586.45,3134.9,2240.38,3112.5,890656.81,310945.0,24366.28,3.39,18.43
2021,Ashanti,LDPE,Films,Flexible,5027.79,3134.82,1.95,295.98,93.7,1594.5,1503.03,1538.63,404282.83,147990.0,12569.48,3.23,14.01
2021,Ashanti,LDPE,Pouches,Flexible,4980.98,3499.87,62.17,212.64,358.26,1671.31,1461.36,1215.24,620428.99,106320.0,12452.45,2.52,22.96
2021,Ashanti,PP,Bottles,Rigid,7398.95,4188.81,837.21,1752.98,155.6,2825.58,1332.18,495.4,735321.27,1051788.0,12578.22,0.21,61.29
2021,Ashanti,PP,Containers,Rigid,4773.68,2731.09,142.68,1148.67,144.75,2037.06,930.2,370.32,473473.18,689202.0,8115.26,0.29,56.21
2021,Ashanti,PP,Sachets,Flexible,10233.9,6713.81,153.54,300.52,659.41,3192.97,2799.8,3127.66,2140494.53,180312.0,17397.63,3.14,16.32
2021,Ashanti,PP,Films,Flexible,4938.68,3548.02,53.7,395.26,290.28,1589.68,1524.68,1085.08,1183200.39,237156.0,8395.76,2.63,27.14
2021,Ashanti,PP,Pouches,Flexible,4706.33,3010.66,12.74,305.01,318.57,1688.72,1427.13,954.16,772012.68,183006.0,8000.76,1.58,27.39
2021,Ashanti,Multilayer Laminate,Bottles,Rigid,7525.05,5002.0,806.84,917.14,376.16,3514.17,1575.94,334.8,1402266.86,275142.0,23327.66,0.59,56.96
2021,Ashanti,Multilayer Laminate,Containers,Rigid,4351.48,2508.87,284.99,443.56,82.15,2143.43,960.2,437.15,784258.78,133068.0,13489.59,0.67,49.53
2021,Ashanti,Multilayer Laminate,Sachets,Flexible,8236.14,5620.73,102.81,231.68,557.35,2617.54,2006.27,2720.49,1305999.07,69504.0,25532.03,3.21,14.85
2021,Ashanti,Multilayer Laminate,Films,Flexible,4240.68,2745.18,15.21,182.08,210.17,1548.11,1177.6,1107.51,349464.34,54624.0,13146.11,2.53,19.87
2021,Ashanti,Multilayer Laminate,Pouches,Flexible,4177.69,2728.72,48.08,104.9,230.05,1663.3,1457.96,673.4,450867.29,31470.0,12950.84,1.85,26.59
2021,Western,PET,Bottles,Rigid,5815.62,3317.21,662.34,1476.12,130.56,2328.15,886.54,331.91,1044586.85,1328508.0,12794.36,0.13,63.31
2021,Western,PET,Containers,Rigid,3524.92,1621.65,239.25,847.96,57.04,1427.24,609.62,343.81,221092.56,763164.0,7754.82,0.69,57.3
2021,Western,PET,Sachets,Flexible,6895.42,3588.14,28.91,213.9,150.79,2599.91,2132.82,1769.09,1229243.43,192510.0,15169.92,2.51,16.73
2021,Western,PET,Films,Flexible,3483.43,1984.66,12.95,228.57,88.77,1311.36,1149.82,691.96,545818.55,205713.0,7663.55,1.55,24.78
2021,Western,PET,Pouches,Flexible,3433.96,1962.01,5.77,144.73,195.32,1302.1,1260.62,525.42,371911.72,130257.0,7554.71,1.59,27.24
2021,Western,HDPE,Bottles,Rigid,5799.71,2729.18,408.51,1435.44,38.04,2481.46,1069.25,367.01,379144.88,1148352.0,11019.45,0.59,59.13
2021,Western,HDPE,Containers,Rigid,3153.52,1808.09,100.71,865.7,59.98,1292.97,567.74,266.42,540115.06,692560.0,5991.69,1.21,57.55
2021,Western,HDPE,Sachets,Flexible,6316.77,3352.33,84.49,462.39,308.76,1958.85,1832.7,1669.58,974111.78,369912.0,12001.86,2.64,22.58
2021,Western,HDPE,Films,Flexible,3269.46,1882.34,13.61,325.19,102.82,1091.79,1031.25,704.8,280431.89,260152.0,6211.97,1.85,26.9
2021,Western,HDPE,Pouches,Flexible,3576.69,1703.66,19.34,144.89,114.02,1299.24,1227.97,771.23,350272.24,115912.0,6795.71,2.32,20.9
2021,Western,LDPE,Bottles,Rigid,4793.22,2567.4,262.47,1186.74,55.56,2263.91,818.03,206.51,855556.45,593370.0,11983.05,0.9,59.83
2021,Western,LDPE,Containers,Rigid,3142.41,1481.49,129.56,700.45,41.09,1440.56,676.69,154.06,448984.91,350225.0,7856.02,0.17,56.65
2021,Western,LDPE,Sachets,Flexible,6410.61,3096.81,20.27,359.33,142.57,1970.42,2213.39,1704.63,936155.78,179665.0,16026.52,2.79,16.4
2021,Western,LDPE,Films,Flexible,3253.33,1538.2,14.1,158.24,52.5,1336.26,865.7,826.53,287698.79,79120.0,8133.32,2.25,19.94
2021,Western,LDPE,Pouches,Flexible,2935.99,1721.27,16.11,119.78,156.08,1192.44,1001.88,449.7,442864.63,59890.0,7339.97,2.03,28.34
2021,Western,PP,Bottles,Rigid,5121.9,2610.53,468.08,1063.77,35.32,2326.18,999.94,228.61,682600.61,638262.0,8707.23,0.86,59.22
2021,Western,PP,Containers,Rigid,2921.75,1534.48,84.43,563.25,70.59,1479.94,504.43,219.11,192950.86,337950.0,4966.97,0.7,54.38
2021,Western,PP,Sachets,Flexible,5525.79,2527.73,54.95,128.55,198.67,1908.78,1732.1,1502.74,769270.46,77130.0,9393.84,2.61,15.64
2021,Western,PP,Films,Flexible,3062.25,1435.65,22.19,130.27,116.73,1151.35,846.06,795.65,194125.71,78162.0,5205.82,2.12,19.82
2021,Western,PP,Pouches,Flexible,3106.62,1642.5,25.47,91.28,93.16,1361.85,1089.02,445.84,549641.55,54768.0,5281.25,1.2,27.07
2021,Western,Multilayer Laminate,Bottles,Rigid,4657.82,2570.07,303.54,570.87,195.42,2334.27,852.08,401.64,474876.18,171261.0,14439.24,1.33,52.73
2021,Western,Multilayer Laminate,Containers,Rigid,2466.0,1374.57,165.81,243.07,115.02,1306.11,464.95,171.04,304939.52,72921.0,7644.6,0.45,52.66
2021,Western,Multilayer Laminate,Sachets,Flexible,5296.24,3046.32,85.49,71.06,183.57,1639.01,1387.71,1929.4,479618.49,21318.0,16418.34,3.74,8.16
2021,Western,Multilayer Laminate,Films,Flexible,2542.65,1513.41,13.52,73.59,74.45,919.92,816.74,644.43,444018.84,22077.0,7882.22,2.61,16.87
2021,Western,Multilayer Laminate,Pouches,Flexible,2954.83,1691.97,25.62,31.43,50.06,1304.95,1036.97,505.8,359634.04,9429.0,9159.97,2.1,22.08
2021,Central,PET,Bottles,Rigid,5827.21,3125.58,367.77,1897.96,46.82,2331.46,960.58,222.62,684159.0,1708164.0,12819.86,0.71,64.25
2021,Central,PET,Containers,Rigid,2993.69,1527.5,157.55,695.37,50.16,1364.12,544.62,181.87,241059.77,625833.0,6586.12,0.22,57.91
2021,Central,PET,Sachets,Flexible,6540.52,3501.55,36.13,427.29,271.24,1965.6,1577.53,2262.73,949329.78,384561.0,14389.14,3.86,14.54
2021,Central,PET,Films,Flexible,3174.89,1425.59,0.31,255.39,119.43,1200.85,995.09,603.82,209993.81,229851.0,6984.76,2.38,27.8
2021,Central,PET,Pouches,Flexible,3055.12,1252.86,14.91,125.93,36.61,1266.33,933.27,678.07,200057.3,113337.0,6721.26,2.29,20.79
2021,Central,HDPE,Bottles,Rigid,4662.06,2521.0,449.37,1469.57,32.13,1713.31,678.11,319.57,331714.17,1175656.0,8857.91,0.24,64.32
2021,Central,HDPE,Containers,Rigid,3027.98,1419.18,103.11,716.15,31.65,1304.59,628.68,243.8,438186.18,572920.0,5753.16,0.78,55.26
2021,Central,HDPE,Sachets,Flexible,5658.0,2570.9,62.14,197.38,112.83,2094.96,1802.13,1388.56,805743.21,157904.0,10750.2,2.18,18.39
2021,Central,HDPE,Films,Flexible,2846.59,1483.82,24.44,174.9,91.61,1157.49,770.76,627.39,496727.1,139920.0,5408.52,2.39,25.44
2021,Central,HDPE,Pouches,Flexible,2934.41,1188.14,11.3,87.81,48.47,1203.2,927.8,655.83,337899.0,70248.0,5575.38,1.8,19.37
2021,Central,LDPE,Bottles,Rigid,4514.42,1884.56,289.35,1000.26,53.28,2086.77,909.13,175.63,400917.12,500130.0,11286.05,0.72,58.68
2021,Central,LDPE,Containers,Rigid,2927.32,1439.58,125.74,559.57,29.82,1382.98,625.82,203.39,390668.56,279785.0,7318.3,0.26,54.09
2021,Central,LDPE,Sachets,Flexible,5392.62,2304.09,10.84,258.73,68.71,1680.48,1792.47,1581.39,571689.24,129365.0,13481.55,2.66,12.89
2021,Central,LDPE,Films,Flexible,2755.34,1404.46,26.91,124.65,137.51,903.81,723.57,838.89,371983.52,62325.0,6888.35,2.95,16.97
2021,Central,LDPE,Pouches,Flexible,2893.02,1387.76,18.8,93.08,122.27,959.11,1015.95,683.81,338985.64,46540.0,7232.55,2.71,18.42
2021,Central,PP,Bottles,Rigid,4260.64,1946.5,369.46,804.6,81.86,1989.16,763.52,252.04,490128.13,482760.0,7243.09,0.42,57.97
2021,Central,PP,Containers,Rigid,2353.16,1037.27,52.53,540.45,51.95,1122.29,422.69,163.25,284576.5,324270.0,4000.37,1.0,55.84
2021,Central,PP,Sachets,Flexible,5647.2,2597.89,61.05,165.16,282.54,2042.85,1791.13,1304.47,722864.13,99096.0,9600.24,1.93,20.9
2021,Central,PP,Films,Flexible,2819.33,1204.35,15.0,107.89,62.35,1063.47,827.89,742.73,191871.47,64734.0,4792.86,2.55,17.41
2021,Central,PP,Pouches,Flexible,2725.38,1457.25,2.45,95.86,53.03,1181.41,1000.97,391.66,229508.71,57516.0,4633.15,1.17,25.61
2021,Central,Multilayer Laminate,Bottles,Rigid,3664.2,1924.59,379.07,312.17,62.69,1880.0,707.84,322.43,253359.13,93651.0,11359.02,0.42,52.08
2021,Central,Multilayer Laminate,Containers,Rigid,2465.94,1131.7,59.83,212.58,26.65,1393.62,489.69,283.57,288946.79,63774.0,7644.41,1.05,45.98
2021,Central,Multilayer Laminate,Sachets,Flexible,5320.53,2562.53,21.16,107.58,132.48,1632.71,1475.54,1951.06,337310.47,32274.0,16493.64,3.59,6.18
2021,Central,Multilayer Laminate,Films,Flexible,2591.53,1349.79,6.06,50.38,133.94,811.97,773.85,815.33,266738.05,15114.0,8033.74,3.52,11.66
2021,Central,Multilayer Laminate,Pouches,Flexible,2227.59,961.58,14.47,17.76,69.08,902.06,783.07,441.15,232593.06,5328.0,6905.53,1.64,19.62
2021,Eastern,PET,Bottles,Rigid,5751.64,3156.9,540.52,1519.54,47.64,2405.05,988.29,250.6,872347.31,1367586.0,12653.61,0.0,62.63
2021,Eastern,PET,Containers,Rigid,3085.39,1489.34,178.3,640.69,58.81,1392.22,631.29,184.08,280556.0,576621.0,6787.86,0.33,56.67
2021,Eastern,PET,Sachets,Flexible,6683.3,3064.19,61.81,398.14,235.89,2104.55,1645.68,2237.23,887783.84,358326.0,14703.26,3.21,15.03
2021,Eastern,PET,Films,Flexible,3518.53,1630.15,2.65,324.05,57.43,1117.41,925.39,1091.6,442858.42,291645.0,7740.77,3.18,17.78
2021,Eastern,PET,Pouches,Flexible,3651.1,1702.55,15.93,157.46,102.46,1396.48,1284.91,693.86,537379.5,141714.0,8032.42,1.6,23.04
2021,Eastern,HDPE,Bottles,Rigid,5546.38,2940.99,525.83,1517.15,89.94,2448.36,790.55,174.55,954880.86,1213720.0,10538.12,0.81,64.64
2021,Eastern,HDPE,Containers,Rigid,2935.7,1331.78,168.52,553.22,65.82,1307.17,692.2,148.77,366216.79,442576.0,5577.83,0.85,55.65
2021,Eastern,HDPE,Sachets,Flexible,5908.45,3121.06,55.64,321.25,250.89,1936.84,1567.92,1775.91,926248.54,257000.0,11226.05,2.73,17.62
2021,Eastern,HDPE,Films,Flexible,3179.59,1454.13,18.19,231.43,59.85,1139.69,1130.6,599.83,458592.87,185144.0,6041.22,1.43,25.23
2021,Eastern,HDPE,Pouches,Flexible,3205.18,1521.21,14.56,164.63,80.36,1252.59,1073.0,620.04,273020.79,131704.0,6089.84,1.46,23.96
2021,Eastern,LDPE,Bottles,Rigid,4946.13,2414.82,352.03,1025.6,58.74,2407.62,763.56,338.58,784305.51,512800.0,12365.33,0.76,57.82
2021,Eastern,LDPE,Containers,Rigid,2928.67,1464.47,83.39,549.36,69.93,1472.07,552.05,201.87,223997.62,274680.0,7321.68,0.9,54.09
2021,Eastern,LDPE,Sachets,Flexible,5544.38,2794.78,58.51,325.68,244.19,1646.41,1541.84,1727.75,525529.15,162840.0,13860.95,2.62,16.57
2021,Eastern,LDPE,Films,Flexible,2759.81,1255.33,16.62,164.3,89.62,1129.82,855.53,503.92,342658.49,82150.0,6899.52,1.88,27.25
2021,Eastern,LDPE,Pouches,Flexible,2800.75,1236.62,2.34,113.52,126.26,1012.2,946.51,599.92,355721.18,56760.0,7001.88,2.42,21.46
2021,Eastern,PP,Bottles,Rigid,4189.65,1759.67,291.15,775.56,36.66,1989.9,939.28,157.1,598737.01,465336.0,7122.4,0.44,56.76
2021,Eastern,PP,Containers,Rigid,2729.47,1183.52,124.14,473.65,49.58,1380.51,503.83,197.76,227746.22,284190.0,4640.1,0.32,54.1
2021,Eastern,PP,Sachets,Flexible,5091.46,2942.73,39.21,254.67,287.73,1407.54,1301.37,1800.94,574410.41,152802.0,8655.48,3.34,12.85
2021,Eastern,PP,Films,Flexible,2668.64,1407.98,19.21,139.09,52.47,873.53,859.61,724.73,393512.23,83454.0,4536.69,2.92,16.7
2021,Eastern,PP,Pouches,Flexible,2859.57,1600.38,16.0,136.18,124.15,1110.8,1022.27,450.17,355120.73,81708.0,4861.27,1.69,27.36
2021,Eastern,Multilayer Laminate,Bottles,Rigid,4550.14,2053.93,195.26,483.15,54.64,2467.81,1030.57,318.71,287113.53,144945.0,14105.43,0.26,49.84
2021,Eastern,Multilayer Laminate,Containers,Rigid,2350.18,1207.27,126.08,187.98,78.07,1169.05,527.0,262.0,336274.67,56394.0,7285.56,0.87,47.56
2021,Eastern,Multilayer Laminate,Sachets,Flexible,4906.81,2542.62,68.49,113.43,194.71,1500.63,1400.8,1628.75,577738.61,34029.0,15211.11,3.01,11.33
2021,Eastern,Multilayer Laminate,Films,Flexible,2654.45,1351.21,9.69,88.91,39.94,915.39,978.17,622.35,380344.96,26673.0,8228.8,2.18,16.38
2021,Eastern,Multilayer Laminate,Pouches,Flexible,2641.14,1276.59,19.31,35.99,81.95,1009.95,814.1,679.84,324821.84,10797.0,8187.53,3.04,15.97
2021,Northern,PET,Bottles,Rigid,3292.54,1018.4,122.94,583.11,13.92,1688.37,637.06,247.14,205296.78,524799.0,7243.59,0.65,53.1
2021,Northern,PET,Containers,Rigid,1869.13,808.38,73.95,387.38,31.02,928.19,311.21,137.38,248299.07,348642.0,4112.09,1.18,55.65
2021,Northern,PET,Sachets,Flexible,4170.5,1848.3,8.4,179.83,139.72,1388.27,1158.34,1295.94,275710.03,161847.0,9175.1,3.0,13.96
2021,Northern,PET,Films,Flexible,1888.38,774.53,3.23,67.12,56.13,697.73,554.48,509.69,154488.22,60408.0,4154.44,3.0,16.55
2021,Northern,PET,Pouches,Flexible,2041.31,636.67,7.21,71.48,36.64,847.79,715.1,363.09,139772.9,64332.0,4490.88,1.87,23.05
2021,Northern,HDPE,Bottles,Rigid,2782.72,1227.0,209.35,645.15,38.95,1238.99,545.21,105.07,381094.14,516120.0,5287.17,0.66,60.02
2021,Northern,HDPE,Containers,Rigid,1741.24,768.12,47.96,427.61,34.34,856.85,280.97,93.51,163799.48,342088.0,3308.36,0.55,58.08
2021,Northern,HDPE,Sachets,Flexible,3703.79,1631.11,32.9,148.99,149.08,951.85,1096.87,1324.1,228046.13,119192.0,7037.2,3.89,9.31
2021,Northern,HDPE,Films,Flexible,1742.43,557.28,4.9,82.53,30.2,661.37,625.17,338.26,115992.0,66024.0,3310.62,1.66,22.03
2021,Northern,HDPE,Pouches,Flexible,1801.57,553.54,9.08,55.78,40.52,756.08,607.82,332.29,171577.71,44624.0,3422.98,1.98,22.94
2021,Northern,LDPE,Bottles,Rigid,3031.93,1181.8,153.28,648.33,29.92,1368.88,628.3,203.22,297186.96,324165.0,7579.82,0.36,55.84
2021,Northern,LDPE,Containers,Rigid,1569.64,613.19,77.49,252.57,14.27,750.06,328.23,147.02,96623.02,126285.0,3924.1,0.62,51.77
2021,Northern,LDPE,Sachets,Flexible,3237.53,1159.06,1.78,88.31,81.3,1045.41,1031.92,988.81,177828.94,44155.0,8093.83,3.06,10.93
2021,Northern,LDPE,Films,Flexible,1570.48,487.91,5.6,60.64,45.97,635.53,409.06,413.68,69547.55,30320.0,3926.2,2.18,18.95
2021,Northern,LDPE,Pouches,Flexible,1612.91,614.83,7.94,27.44,66.72,627.91,490.88,392.02,97803.48,13720.0,4032.28,2.06,18.14
2021,Northern,PP,Bottles,Rigid,2496.57,943.16,103.28,443.78,47.16,1288.14,427.96,186.25,196075.49,266268.0,4244.17,0.8,54.27
2021,Northern,PP,Containers,Rigid,1482.87,445.79,52.18,193.5,13.4,816.92,279.51,127.36,87881.02,116100.0,2520.88,0.54,50.44
2021,Northern,PP,Sachets,Flexible,2979.78,1321.56,23.76,135.54,67.86,1055.4,846.74,850.48,213005.44,81324.0,5065.63,3.15,16.5
2021,Northern,PP,Films,Flexible,1677.52,640.88,6.09,102.89,19.44,593.01,581.06,375.03,223204.64,61734.0,2851.78,1.98,20.56
2021,Northern,PP,Pouches,Flexible,1741.28,739.34,3.32,48.77,45.96,583.05,604.73,455.45,145549.67,29262.0,2960.18,2.85,14.44
2021,Northern,Multilayer Laminate,Bottles,Rigid,2490.76,963.31,173.31,196.55,64.08,1445.74,499.65,111.43,207726.5,58965.0,7721.36,0.5,52.38
2021,Northern,Multilayer Laminate,Containers,Rigid,1489.21,562.83,84.23,79.91,36.2,842.67,322.94,123.26,190423.86,23973.0,4616.55,1.21,47.99
2021,Northern,Multilayer Laminate,Sachets,Flexible,3284.78,1473.98,9.21,43.86,128.21,1145.09,957.31,1001.1,378178.38,13158.0,10182.82,3.12,11.83
2021,Northern,Multilayer Laminate,Films,Flexible,1415.92,524.97,5.81,26.97,24.07,481.53,454.41,423.13,157201.69,8091.0,4389.35,3.05,10.75
2021,Northern,Multilayer Laminate,Pouches,Flexible,1446.2,584.62,6.63,21.39,53.52,599.31,452.41,312.94,105293.92,6417.0,4483.22,2.08,20.03
2022,Greater Accra,PET,Bottles,Rigid,14278.04,10380.94,1189.47,5067.19,307.93,5415.51,1758.04,539.9,2642057.16,4560471.0,31411.69,0.82,68.04
2022,Greater Accra,PET,Containers,Rigid,7853.01,5660.04,334.75,3062.77,179.98,2607.77,1254.46,413.28,934742.53,2756493.0,17276.62,0.05,65.86
2022,Greater Accra,PET,Sachets,Flexible,18015.19,13269.4,354.56,1416.69,1183.33,5405.14,4919.64,4735.83,3338425.54,1275021.0,39633.42,2.31,25.35
2022,Greater Accra,PET,Films,Flexible,8011.58,5446.25,26.89,632.82,382.74,2598.26,2362.37,2008.5,755733.81,569538.0,17625.48,2.09,23.19
2022,Greater Accra,PET,Pouches,Flexible,7848.67,5711.57,24.44,397.13,349.29,2576.64,2692.49,1808.68,1564065.48,357417.0,17267.07,2.6,20.68
2022,Greater Accra,HDPE,Bottles,Rigid,13690.54,8940.21,880.2,5568.44,177.57,4483.11,1948.81,632.41,2988714.82,4454752.0,26012.03,0.96,68.3
2022,Greater Accra,HDPE,Containers,Rigid,7892.88,5470.42,754.78,2060.04,134.9,3064.93,1182.4,695.83,830239.17,1648032.0,14996.47,1.24,60.84
2022,Greater Accra,HDPE,Sachets,Flexible,15120.18,11358.79,81.47,1347.8,977.07,4981.54,3957.69,3774.61,3914341.66,1078240.0,28728.34,2.64,26.54
2022,Greater Accra,HDPE,Films,Flexible,8217.03,5715.01,89.37,918.71,434.21,2500.27,1938.23,2336.24,1568730.45,734968.0,15612.36,3.07,25.99
2022,Greater Accra,HDPE,Pouches,Flexible,7673.49,5225.82,52.72,353.12,330.03,3073.13,2241.93,1622.56,1114274.6,282496.0,14579.63,1.88,24.54
2022,Greater Accra,LDPE,Bottles,Rigid,11182.74,8582.84,1623.1,3691.72,319.01,3663.09,1259.96,625.86,2917711.85,1845860.0,27956.85,0.44,69.71
2022,Greater Accra,LDPE,Containers,Rigid,6910.44,4556.5,449.35,1647.1,128.83,2933.4,1337.01,414.75,863763.19,823550.0,17276.1,0.96,58.72
2022,Greater Accra,LDPE,Sachets,Flexible,15300.25,11700.07,51.49,1178.57,1204.6,4383.79,3948.21,4533.59,3141664.89,589285.0,38250.62,2.97,21.48
2022,Greater Accra,LDPE,Films,Flexible,6597.29,4597.06,73.77,705.02,161.73,1906.33,1810.97,1939.47,1346569.82,352510.0,16493.22,3.25,21.66
2022,Greater Accra,LDPE,Pouches,Flexible,7776.53,5419.76,93.06,268.12,472.74,2992.24,2239.32,1711.05,1738658.6,134060.0,19441.33,1.87,24.27
2022,Greater Accra,PP,Bottles,Rigid,10200.14,7727.83,1059.15,4080.21,166.97,3274.33,1317.14,302.34,1263616.37,2448126.0,17340.24,0.52,71.47
2022,Greater Accra,PP,Containers,Rigid,6734.94,4988.21,479.32,2359.87,224.92,2134.96,1081.25,454.62,1368430.54,1415922.0,11449.4,0.87,65.03
2022,Greater Accra,PP,Sachets,Flexible,13071.7,10220.66,222.41,520.61,632.16,3378.97,3838.29,4479.26,2823021.83,312366.0,22221.89,3.56,12.09
2022,Greater Accra,PP,Films,Flexible,6411.63,4406.83,83.03,425.56,389.03,2270.31,1815.75,1427.95,1080463.0,255336.0,10899.77,2.7,27.0
2022,Greater Accra,PP,Pouches,Flexible,6544.12,4604.3,31.69,335.96,295.12,2328.51,1997.88,1554.96,699050.0,201576.0,11125.0,2.86,21.75
2022,Greater Accra,Multilayer Laminate,Bottles,Rigid,9974.94,6593.48,1052.17,1297.64,285.87,5006.39,1749.0,583.87,2035132.09,389292.0,30922.31,0.73,56.64
2022,Greater Accra,Multilayer Laminate,Containers,Rigid,6197.9,4454.46,337.05,865.27,247.68,2900.53,1425.39,421.98,980472.64,259581.0,19213.49,1.1,52.84
2022,Greater Accra,Multilayer Laminate,Sachets,Flexible,12209.44,8036.37,49.24,256.82,384.72,4659.14,3979.46,2880.06,2336391.45,77046.0,37849.26,2.03,17.75
2022,Greater Accra,Multilayer Laminate,Films,Flexible,5821.66,3843.11,55.65,253.8,242.93,2275.58,1845.68,1148.02,792486.69,76140.0,18047.15,2.09,24.97
2022,Greater Accra,Multilayer Laminate,Pouches,Flexible,6575.58,4383.22,3.12,183.36,213.81,2898.63,2307.15,969.51,920986.87,55008.0,20384.3,1.78,25.89
2022,Ashanti,PET,Bottles,Rigid,10166.61,6359.33,1024.3,3477.26,199.77,3231.44,1629.26,604.58,1437009.71,3129534.0,22366.54,1.08,66.34
2022,Ashanti,PET,Containers,Rigid,6278.87,4506.8,565.41,1969.6,154.7,2295.9,757.42,535.84,1273015.78,1772640.0,13813.51,0.7,64.0
2022,Ashanti,PET,Sachets,Flexible,11357.6,7025.72,49.48,920.07,365.55,3240.49,3032.3,3749.71,1232789.03,828063.0,24986.72,3.04,15.84
2022,Ashanti,PET,Films,Flexible,5755.92,3348.86,37.21,380.72,198.03,2034.2,1787.21,1318.55,781557.29,342648.0,12663.02,2.12,23.28
2022,Ashanti,PET,Pouches,Flexible,5804.57,4133.31,4.98,292.43,217.98,2098.33,2177.16,1013.69,612451.18,263187.0,12770.05,1.88,24.4
2022,Ashanti,HDPE,Bottles,Rigid,8739.07,4911.28,928.88,2224.67,182.65,3220.4,1706.34,476.13,868319.55,1779736.0,16604.23,0.9,62.08
2022,Ashanti,HDPE,Containers,Rigid,5294.43,3680.53,188.9,1832.19,164.7,1847.71,812.87,448.06,1193537.03,1465752.0,10059.42,0.55,62.02
2022,Ashanti,HDPE,Sachets,Flexible,10850.53,6500.82,73.53,545.45,464.72,4116.21,2974.68,2675.94,1244068.1,436360.0,20616.01,2.47,22.08
2022,Ashanti,HDPE,Films,Flexible,6006.16,4058.42,52.4,375.6,287.65,2234.98,1928.03,1127.5,524171.85,300480.0,11411.7,1.65,27.6
2022,Ashanti,HDPE,Pouches,Flexible,6186.71,4405.66,31.04,220.33,191.59,2749.69,1839.64,1154.42,1302351.18,176264.0,11754.75,1.47,25.15
2022,Ashanti,LDPE,Bottles,Rigid,9784.04,6015.96,1040.93,2615.57,204.07,3648.88,1898.8,375.79,1991636.94,1307785.0,24460.1,0.77,63.6
2022,Ashanti,LDPE,Containers,Rigid,5489.34,3773.4,214.72,1563.73,116.17,2321.61,851.78,421.33,970471.04,781865.0,13723.35,1.08,59.46
2022,Ashanti,LDPE,Sachets,Flexible,10457.51,5986.77,35.33,373.07,317.92,3369.48,2990.64,3371.07,1217562.08,186535.0,26143.78,3.55,11.81
2022,Ashanti,LDPE,Films,Flexible,5038.08,3172.67,50.82,269.65,113.77,1573.85,1498.97,1531.02,399217.63,134825.0,12595.2,3.23,15.0
2022,Ashanti,LDPE,Pouches,Flexible,5158.04,2885.8,35.2,161.99,174.26,2127.24,1891.22,768.13,405872.43,80995.0,12895.1,1.9,26.11
2022,Ashanti,PP,Bottles,Rigid,7570.16,4786.28,453.69,2252.1,235.81,3239.57,1105.17,283.82,1390702.5,1351260.0,12869.27,0.42,63.84
2022,Ashanti,PP,Containers,Rigid,5427.55,3496.31,361.71,1303.14,82.34,2243.01,912.96,524.39,1030570.38,781884.0,9226.84,0.8,57.33
2022,Ashanti,PP,Sachets,Flexible,10991.36,7424.09,133.06,855.79,221.79,3893.9,3064.5,2822.32,2161139.18,513474.0,18685.31,2.99,22.63
2022,Ashanti,PP,Films,Flexible,4963.16,3018.41,58.05,335.63,194.27,1831.6,1437.79,1105.82,891336.94,201378.0,8437.37,2.54,25.63
2022,Ashanti,PP,Pouches,Flexible,4880.58,3044.15,51.66,191.86,284.14,1671.78,1495.71,1185.43,928990.51,115116.0,8296.99,2.77,21.38
2022,Ashanti,Multilayer Laminate,Bottles,Rigid,7709.71,4307.53,552.33,899.98,201.38,3749.17,1686.55,620.3,701595.65,269994.0,23900.1,1.05,51.91
2022,Ashanti,Multilayer Laminate,Containers,Rigid,4768.18,2787.91,220.78,538.85,148.94,2502.41,1050.58,306.62,948282.53,161655.0,14781.36,0.57,51.33
2022,Ashanti,Multilayer Laminate,Sachets,Flexible,9402.94,6607.0,104.07,274.78,328.2,3182.27,2756.94,2756.68,794273.62,82434.0,29149.11,2.47,14.89
2022,Ashanti,Multilayer Laminate,Films,Flexible,5176.03,3060.07,40.6,190.96,225.03,2002.17,1664.97,1052.3,881874.34,57288.0,16045.69,2.3,23.52
2022,Ashanti,Multilayer Laminate,Pouches,Flexible,5174.26,3350.36,22.89,111.1,116.3,1893.97,1716.96,1313.04,1030642.56,33330.0,16040.21,2.63,15.34
2022,Western,PET,Bottles,Rigid,6165.98,3212.57,586.44,1622.95,108.61,2498.41,1133.43,216.14,519851.85,1460655.0,13565.16,0.28,63.1
2022,Western,PET,Containers,Rigid,3527.12,1961.05,203.04,1014.49,35.45,1475.9,618.45,179.79,487794.07,913041.0,7759.66,0.87,61.28
2022,Western,PET,Sachets,Flexible,7812.39,4025.8,115.11,476.81,390.48,2569.33,2012.65,2248.01,1155402.65,429129.0,17187.26,2.5,20.69
2022,Western,PET,Films,Flexible,3630.9,1923.91,21.72,289.27,72.52,1231.56,1181.38,834.45,552845.47,260343.0,7987.98,2.72,22.99
2022,Western,PET,Pouches,Flexible,3978.23,2143.3,8.23,206.39,166.07,1486.27,1289.88,821.39,422062.45,185751.0,8752.11,2.08,23.71
2022,Western,HDPE,Bottles,Rigid,5327.03,3040.54,311.03,1470.23,87.22,2259.76,866.48,332.31,755207.42,1176184.0,10121.36,0.47,60.6
2022,Western,HDPE,Containers,Rigid,3696.52,2175.02,218.02,958.53,96.19,1632.13,638.21,153.44,721504.71,766824.0,7023.39,0.0,61.05
2022,Western,HDPE,Sachets,Flexible,6875.87,3858.05,56.14,211.44,421.96,2366.89,1792.17,2027.27,891998.75,169152.0,13064.15,2.88,17.2
2022,Western,HDPE,Films,Flexible,3112.76,1450.31,24.29,147.36,60.8,1241.89,844.22,794.2,366443.77,117888.0,5914.24,2.17,20.03
2022,Western,HDPE,Pouches,Flexible,3086.61,1413.39,23.58,76.92,44.72,1357.32,975.41,608.66,306697.01,61536.0,5864.56,1.51,21.86
2022,Western,LDPE,Bottles,Rigid,5300.46,2844.45,422.43,1269.17,67.32,2458.3,879.73,203.51,842859.08,634585.0,13251.15,0.85,61.21
2022,Western,LDPE,Containers,Rigid,3515.07,2037.9,224.33,909.77,50.31,1452.98,605.53,272.15,599730.76,454885.0,8787.68,0.56,59.0
2022,Western,LDPE,Sachets,Flexible,6192.14,3645.29,6.15,304.88,373.94,2042.5,1583.67,1881.0,725242.7,152440.0,15480.35,3.39,17.3
2022,Western,LDPE,Films,Flexible,3251.05,1713.99,3.41,119.12,185.77,1274.98,912.82,754.95,474974.54,59560.0,8127.62,2.75,22.24
2022,Western,LDPE,Pouches,Flexible,3261.62,1529.43,17.79,133.17,91.78,1149.67,1071.08,798.13,402861.38,66585.0,8154.05,2.08,18.43
2022,Western,PP,Bottles,Rigid,4848.17,2328.43,440.21,1126.83,69.19,2009.28,974.39,228.27,533341.62,676098.0,8241.89,0.2,60.29
2022,Western,PP,Containers,Rigid,3094.53,1411.26,116.59,598.34,30.16,1456.7,543.57,349.17,235416.54,359004.0,5260.7,1.4,52.34
2022,Western,PP,Sachets,Flexible,5957.89,3186.35,2.01,144.65,213.16,2108.8,1403.99,2085.28,776907.05,86790.0,10128.41,3.91,10.05
2022,Western,PP,Films,Flexible,2956.25,1698.17,4.54,276.76,138.33,939.46,731.67,865.49,570214.36,166056.0,5025.62,2.7,21.89
2022,Western,PP,Pouches,Flexible,2922.5,1622.34,24.83,156.24,69.8,1182.68,811.05,677.9,339168.55,93744.0,4968.25,2.1,22.91
2022,Western,Multilayer Laminate,Bottles,Rigid,4540.24,2712.53,426.23,554.97,204.12,2235.12,863.47,256.33,867989.92,166491.0,14074.74,0.25,55.86
2022,Western,Multilayer Laminate,Containers,Rigid,3088.84,1491.34,123.22,287.9,70.69,1579.32,728.58,299.13,257280.29,86370.0,9575.4,0.53,47.69
2022,Western,Multilayer Laminate,Sachets,Flexible,5443.12,2836.66,14.3,84.44,180.7,1968.81,1859.49,1335.38,439401.1,25332.0,16873.67,2.55,15.65
2022,Western,Multilayer Laminate,Films,Flexible,2928.41,1501.98,21.06,67.01,106.63,1176.49,1007.47,549.75,193503.39,20103.0,9078.07,1.75,22.57
2022,Western,Multilayer Laminate,Pouches,Flexible,3106.61,1594.03,16.0,62.8,143.27,1184.38,1049.21,650.95,358791.06,18840.0,9630.49,2.07,20.69
2022,Central,PET,Bottles,Rigid,5472.38,2982.48,488.11,1413.42,116.38,2171.36,994.18,288.93,644059.95,1272078.0,12039.24,0.91,61.72
2022,Central,PET,Containers,Rigid,3161.08,1656.31,175.19,682.68,93.79,1384.52,590.4,234.5,525559.24,614412.0,6954.38,0.55,56.81
2022,Central,PET,Sachets,Flexible,6306.96,2644.89,23.63,335.53,165.59,2184.72,1954.63,1642.86,889166.01,301977.0,13875.31,2.45,18.37
2022,Central,PET,Films,Flexible,3688.02,1743.64,6.25,324.78,100.91,1376.86,881.4,997.82,248014.92,292302.0,8113.64,2.93,23.03
2022,Central,PET,Pouches,Flexible,3213.39,1374.19,1.08,70.76,129.85,1322.66,1184.65,504.39,300289.25,63684.0,7069.46,1.1,24.1
2022,Central,HDPE,Bottles,Rigid,5325.77,2138.71,366.63,1226.68,37.61,2408.74,962.86,323.25,693172.26,981344.0,10118.96,1.0,58.48
2022,Central,HDPE,Containers,Rigid,2924.7,1439.71,205.43,753.27,36.46,1147.55,587.58,194.41,220055.77,602616.0,5556.93,0.74,59.22
2022,Central,HDPE,Sachets,Flexible,5784.97,2556.1,31.05,359.53,75.68,1895.33,1632.14,1791.24,565152.37,287624.0,10991.44,3.11,14.83
2022,Central,HDPE,Films,Flexible,2878.12,1287.87,2.24,142.15,133.78,891.04,820.49,888.42,423975.74,113720.0,5468.43,2.59,14.93
2022,Central,HDPE,Pouches,Flexible,3211.9,1741.67,3.18,101.24,190.69,1188.3,1087.15,641.34,389240.68,80992.0,6102.61,2.19,22.86
2022,Central,LDPE,Bottles,Rigid,4981.97,2736.66,313.35,1354.62,83.36,1952.12,1025.26,253.26,865504.17,677310.0,12454.93,0.51,60.36
2022,Central,LDPE,Containers,Rigid,2914.97,1265.36,132.08,567.37,43.22,1331.7,516.65,323.95,376564.77,283685.0,7287.42,0.78,53.02
2022,Central,LDPE,Sachets,Flexible,5580.07,2522.44,32.68,271.26,163.23,1797.4,1428.31,1887.19,772611.04,135630.0,13950.17,3.12,12.72
2022,Central,LDPE,Films,Flexible,2698.57,1283.64,6.7,88.02,105.04,900.94,906.54,691.33,322676.05,44010.0,6746.43,2.93,16.52
2022,Central,LDPE,Pouches,Flexible,2650.05,1286.28,22.33,97.57,110.36,991.46,948.32,480.01,271058.12,48785.0,6625.12,2.18,24.25
2022,Central,PP,Bottles,Rigid,4250.62,2316.63,451.69,950.37,56.09,1798.3,679.49,314.68,449030.82,570222.0,7226.05,0.77,60.12
2022,Central,PP,Containers,Rigid,2788.94,1229.98,152.08,421.76,22.6,1422.13,562.59,207.78,286504.83,253056.0,4741.2,0.57,52.79
2022,Central,PP,Sachets,Flexible,5045.12,2252.24,65.87,169.32,141.24,1834.88,1262.88,1570.93,623183.29,101592.0,8576.7,3.33,15.01
2022,Central,PP,Films,Flexible,2745.7,1134.76,15.36,83.44,86.66,864.5,899.67,796.07,144093.39,50064.0,4667.69,3.24,13.22
2022,Central,PP,Pouches,Flexible,2666.67,1153.7,3.09,114.17,37.87,1071.32,998.49,441.73,283007.51,68502.0,4533.34,1.28,23.54
2022,Central,Multilayer Laminate,Bottles,Rigid,4023.37,1753.44,185.21,347.02,114.02,2242.82,914.04,220.26,604209.13,104106.0,12472.45,1.0,50.36
2022,Central,Multilayer Laminate,Containers,Rigid,2671.27,1165.34,66.2,197.5,48.7,1449.81,660.12,248.94,366288.2,59250.0,8280.94,0.79,45.77
2022,Central,Multilayer Laminate,Sachets,Flexible,5228.73,2336.85,4.27,98.1,69.01,1777.61,1705.0,1574.74,692260.17,29430.0,16209.06,2.82,9.77
2022,Central,Multilayer Laminate,Films,Flexible,2677.06,1188.85,10.61,68.97,102.46,821.25,805.24,868.53,309370.68,20691.0,8298.89,3.66,10.62
2022,Central,Multilayer Laminate,Pouches,Flexible,2346.81,1203.37,13.68,28.83,84.39,919.75,870.85,429.31,301973.84,8649.0,7275.11,1.96,20.9
2022,Eastern,PET,Bottles,Rigid,5902.05,2527.18,272.79,1461.75,45.91,2785.47,1077.61,258.52,453287.03,1315575.0,12984.51,0.4,58.95
2022,Eastern,PET,Containers,Rigid,3269.25,1858.37,254.17,948.92,25.92,1233.94,541.42,264.88,271716.28,854028.0,7192.35,0.95,61.01
2022,Eastern,PET,Sachets,Flexible,7527.8,3857.07,74.8,362.48,265.32,2973.99,2109.72,1741.49,848761.2,326232.0,16561.16,2.11,23.12
2022,Eastern,PET,Films,Flexible,3560.05,1571.22,21.73,271.78,57.12,1213.97,1303.35,692.1,379423.75,244602.0,7832.11,1.91,24.44
2022,Eastern,PET,Pouches,Flexible,3250.5,1703.03,29.56,180.69,128.89,1344.72,1101.44,465.2,305217.41,162621.0,7151.1,1.07,30.38
2022,Eastern,HDPE,Bottles,Rigid,5038.03,2426.36,468.67,1249.93,74.42,1964.01,957.39,323.61,444685.65,999944.0,9572.26,0.78,60.46
2022,Eastern,HDPE,Containers,Rigid,3074.2,1781.89,136.06,790.88,97.26,1335.22,587.23,127.55,556603.76,632704.0,5840.98,0.89,59.89
2022,Eastern,HDPE,Sachets,Flexible,6954.45,2993.5,73.81,317.95,229.63,2368.34,2259.53,1705.19,987011.64,254360.0,13213.45,2.39,19.69
2022,Eastern,HDPE,Films,Flexible,2883.05,1378.0,22.78,211.37,81.6,1089.07,943.55,534.68,459656.39,169096.0,5477.8,2.0,27.43
2022,Eastern,HDPE,Pouches,Flexible,3055.59,1540.17,2.03,172.54,85.22,1130.48,1072.27,593.05,419408.92,138032.0,5805.62,2.16,23.43
2022,Eastern,LDPE,Bottles,Rigid,4766.24,2242.55,213.11,1174.92,28.7,2092.32,949.58,307.61,500713.61,587460.0,11915.6,0.6,57.26
2022,Eastern,LDPE,Containers,Rigid,2745.08,1447.54,191.26,532.78,49.14,1261.11,443.6,267.19,357008.59,266390.0,6862.7,0.67,55.53
2022,Eastern,LDPE,Sachets,Flexible,5520.05,3123.13,76.88,326.26,93.54,1714.4,1417.37,1891.6,767320.45,163130.0,13800.12,3.02,13.32
2022,Eastern,LDPE,Films,Flexible,3152.73,1617.95,6.04,140.56,68.54,1204.0,1120.96,612.63,200665.58,70280.0,7881.82,1.49,22.03
2022,Eastern,LDPE,Pouches,Flexible,3042.44,1676.75,10.96,105.45,130.56,1100.33,1176.17,518.97,442493.45,52725.0,7606.1,1.79,23.55
2022,Eastern,PP,Bottles,Rigid,4931.38,2603.95,272.65,1229.58,45.56,2176.35,1007.3,199.94,889062.73,737748.0,8383.35,0.53,59.27
2022,Eastern,PP,Containers,Rigid,2644.08,1155.21,151.66,482.6,44.62,1173.06,536.01,256.13,153561.14,289560.0,4494.94,1.22,53.4
2022,Eastern,PP,Sachets,Flexible,6040.9,2813.74,54.06,190.98,298.53,2347.12,1748.32,1401.89,798569.37,114588.0,10269.53,2.0,21.89
2022,Eastern,PP,Films,Flexible,2673.03,1334.11,24.41,117.34,51.25,861.78,839.91,778.34,205081.19,70404.0,4544.15,3.06,14.52
2022,Eastern,PP,Pouches,Flexible,2671.62,1189.09,16.25,91.28,105.92,1080.26,910.29,467.62,411830.12,54768.0,4541.75,1.54,24.98
2022,Eastern,Multilayer Laminate,Bottles,Rigid,4229.03,2016.1,297.88,361.11,152.51,2395.32,787.78,234.43,546382.09,108333.0,13109.99,0.96,52.74
2022,Eastern,Multilayer Laminate,Containers,Rigid,2470.7,1420.49,135.36,287.48,90.7,1271.61,515.0,170.55,200848.77,86244.0,7659.17,0.33,52.11
2022,Eastern,Multilayer Laminate,Sachets,Flexible,4873.57,2376.7,56.73,52.08,94.64,1683.81,1368.04,1618.27,376410.27,15624.0,15108.07,3.74,9.2
2022,Eastern,Multilayer Laminate,Films,Flexible,2816.12,1342.3,17.61,66.98,114.38,1036.0,789.72,791.43,173118.41,20094.0,8729.97,2.77,15.96
2022,Eastern,Multilayer Laminate,Pouches,Flexible,2852.9,1458.17,24.28,59.93,61.45,1056.79,1000.9,649.55,505530.29,17979.0,8843.99,2.46,17.52
2022,Northern,PET,Bottles,Rigid,3320.53,1393.9,129.41,892.91,41.59,1491.93,591.39,173.3,307614.16,803619.0,7305.17,0.33,59.32
2022,Northern,PET,Containers,Rigid,2210.09,973.38,140.24,404.04,46.65,1040.61,373.94,204.61,176804.13,363636.0,4862.2,1.34,54.84
2022,Northern,PET,Sachets,Flexible,4311.87,1759.93,13.58,212.95,49.88,1618.52,1180.88,1236.06,544330.2,191655.0,9486.11,2.6,16.07
2022,Northern,PET,Films,Flexible,2163.96,780.71,9.31,71.66,22.06,678.59,688.97,693.37,273131.84,64494.0,4760.71,2.92,9.57
2022,Northern,PET,Pouches,Flexible,2001.37,799.41,15.44,89.46,52.27,652.9,724.04,467.26,273239.33,80514.0,4403.01,2.0,18.67
2022,Northern,HDPE,Bottles,Rigid,3023.64,952.52,107.26,572.69,17.46,1453.69,741.84,130.7,252253.23,458152.0,5744.92,0.35,54.22
2022,Northern,HDPE,Containers,Rigid,1763.95,790.12,104.36,329.84,12.92,843.7,387.41,85.72,263596.35,263872.0,3351.51,0.48,55.73
2022,Northern,HDPE,Sachets,Flexible,4039.27,1481.94,31.5,169.74,58.47,1540.86,1089.02,1149.68,301062.4,135792.0,7674.61,2.88,16.43
2022,Northern,HDPE,Films,Flexible,2077.57,771.15,12.59,95.01,67.47,773.07,579.01,550.42,199720.15,76008.0,3947.38,2.78,19.09
2022,Northern,HDPE,Pouches,Flexible,1858.77,597.87,1.12,29.01,61.67,721.05,726.56,319.36,115749.85,23208.0,3531.66,1.72,20.84
2022,Northern,LDPE,Bottles,Rigid,2774.19,1231.63,224.39,618.79,25.87,1259.84,448.37,196.93,153453.43,309395.0,6935.48,0.8,58.72
2022,Northern,LDPE,Containers,Rigid,1769.08,668.19,33.91,288.19,32.75,937.22,335.81,141.2,205149.47,144095.0,4422.7,0.89,51.64
2022,Northern,LDPE,Sachets,Flexible,3363.48,1128.47,21.26,125.16,66.2,1231.65,1009.42,909.79,251716.14,62580.0,8408.7,2.69,16.33
2022,Northern,LDPE,Films,Flexible,1679.42,661.73,4.75,111.39,39.95,565.65,541.99,415.69,201290.43,55695.0,4198.55,2.43,20.06
2022,Northern,LDPE,Pouches,Flexible,1863.08,722.75,7.12,38.6,48.58,839.16,607.78,321.84,245027.23,19300.0,4657.7,1.76,23.74
2022,Northern,PP,Bottles,Rigid,2873.66,1096.13,104.71,526.83,18.08,1374.01,641.85,208.18,187118.39,316098.0,4885.22,0.39,52.88
2022,Northern,PP,Containers,Rigid,1648.53,723.68,87.6,288.6,26.6,823.09,338.45,84.19,134346.08,173160.0,2802.5,0.6,55.26
2022,Northern,PP,Sachets,Flexible,3097.57,1378.03,7.23,133.77,64.44,1009.55,848.26,1034.32,360127.3,80262.0,5265.87,3.73,11.19
2022,Northern,PP,Films,Flexible,1538.42,537.89,2.67,90.33,28.94,563.08,414.45,438.95,94114.33,54198.0,2615.31,2.63,17.4
2022,Northern,PP,Pouches,Flexible,1650.14,553.04,0.22,52.42,58.5,708.07,531.74,299.19,152892.14,31452.0,2805.24,2.14,24.09
2022,Northern,Multilayer Laminate,Bottles,Rigid,2439.47,790.27,138.15,153.67,16.97,1371.88,559.42,199.38,234740.4,46101.0,7562.36,1.13,47.73
2022,Northern,Multilayer Laminate,Containers,Rigid,1543.61,682.39,61.86,131.26,35.99,851.92,277.53,185.05,228869.15,39378.0,4785.19,1.52,47.29
2022,Northern,Multilayer Laminate,Sachets,Flexible,3333.53,1100.52,26.58,50.75,57.32,1039.26,902.97,1256.65,268134.72,15225.0,10333.94,3.85,5.0
2022,Northern,Multilayer Laminate,Films,Flexible,1620.72,490.34,9.42,14.37,20.0,641.21,617.02,318.7,133945.12,4311.0,5024.23,2.29,17.67
2022,Northern,Multilayer Laminate,Pouches,Flexible,1421.68,542.09,4.98,15.97,19.02,544.25,507.26,330.2,125557.18,4791.0,4407.21,1.97,15.08
2023,Greater Accra,PET,Bottles,Rigid,15058.65,10177.51,1879.66,5581.33,119.93,4909.23,1690.88,877.62,2688608.78,5023197.0,33129.03,0.34,69.81
2023,Greater Accra,PET,Containers,Rigid,9307.98,7192.03,1063.66,3372.89,195.49,2808.39,1269.91,597.64,1766628.3,3035601.0,20477.56,0.23,68.34
2023,Greater Accra,PET,Sachets,Flexible,17262.12,13429.8,344.94,784.09,469.46,6631.35,4499.16,4533.12,3835541.0,705681.0,37976.66,2.23,21.15
2023,Greater Accra,PET,Films,Flexible,8991.11,6324.44,99.79,672.53,485.97,3098.26,2814.62,1819.94,943381.39,605277.0,19780.44,2.39,28.04
2023,Greater Accra,PET,Pouches,Flexible,8939.22,5980.93,51.14,363.26,517.86,3057.05,2958.96,1990.95,1838321.15,326934.0,19666.28,2.66,22.03
2023,Greater Accra,HDPE,Bottles,Rigid,13198.09,10460.04,1509.2,5347.2,383.2,3849.63,1605.31,503.55,3292407.95,4277760.0,25076.37,0.71,72.33
2023,Greater Accra,HDPE,Containers,Rigid,7745.11,5421.54,537.78,2619.29,116.51,2794.27,1089.45,587.81,783785.69,2095432.0,14715.71,0.5,63.83
2023,Greater Accra,HDPE,Sachets,Flexible,17214.28,11977.09,60.67,1087.54,624.15,6001.99,5498.01,3941.92,2957069.81,870032.0,32707.13,2.15,22.48
2023,Greater Accra,HDPE,Films,Flexible,7814.26,6210.99,46.87,649.93,286.25,2904.99,2090.92,1835.3,1758567.97,519944.0,14847.09,1.87,25.94
2023,Greater Accra,HDPE,Pouches,Flexible,7769.45,5954.35,40.34,502.62,262.17,2500.94,2746.96,1716.42,985952.05,402096.0,14761.95,2.58,22.09
2023,Greater Accra,LDPE,Bottles,Rigid,12064.6,9149.82,1082.49,5013.89,126.4,4064.68,1412.04,365.1,1510410.59,2506945.0,30161.5,0.75,71.49
2023,Greater Accra,LDPE,Containers,Rigid,8169.55,5771.29,821.42,2351.78,141.02,2866.07,1391.0,598.26,1044377.69,1175890.0,20423.88,0.9,62.74
2023,Greater Accra,LDPE,Sachets,Flexible,13580.96,9059.14,1.06,1154.49,807.78,4084.01,3258.23,4275.39,1402271.4,577245.0,33952.4,2.93,19.74
2023,Greater Accra,LDPE,Films,Flexible,7273.73,5553.1,59.94,416.95,160.52,2594.96,2612.23,1429.13,1480470.74,208475.0,18184.32,2.27,23.41
2023,Greater Accra,LDPE,Pouches,Flexible,7408.59,5217.5,11.31,492.6,473.64,2877.96,2447.87,1105.21,1376225.49,246300.0,18521.47,1.94,31.5
2023,Greater Accra,PP,Bottles,Rigid,11886.67,8689.54,747.64,3797.77,194.2,4716.25,2057.21,373.6,1314666.0,2278662.0,20207.34,0.65,64.37
2023,Greater Accra,PP,Containers,Rigid,6535.32,4543.2,340.28,1873.63,123.27,2498.41,1263.1,436.63,603623.46,1124178.0,11110.04,0.31,59.91
2023,Greater Accra,PP,Sachets,Flexible,12784.34,9509.97,15.55,1078.54,640.23,4236.83,3177.17,3636.02,1573603.04,647124.0,21733.38,2.66,22.03
2023,Greater Accra,PP,Films,Flexible,7151.27,4873.72,11.34,811.78,129.53,2423.19,1789.36,1986.07,736877.81,487068.0,12157.16,2.42,23.55
2023,Greater Accra,PP,Pouches,Flexible,7297.19,5446.78,85.27,526.93,446.1,2549.51,2627.14,1062.24,915823.75,316158.0,12405.22,1.03,32.04
2023,Greater Accra,Multilayer Laminate,Bottles,Rigid,11414.7,8108.76,1543.95,1562.54,190.78,5102.16,2070.8,944.47,1723272.82,468762.0,35385.57,0.38,56.8
2023,Greater Accra,Multilayer Laminate,Containers,Rigid,6576.66,4396.48,396.11,728.27,325.76,3135.72,1312.63,678.17,905108.73,218481.0,20387.65,0.68,50.82
2023,Greater Accra,Multilayer Laminate,Sachets,Flexible,13948.18,10546.0,60.23,318.09,401.85,4079.36,4555.81,4532.84,3159126.83,95427.0,43239.36,3.14,8.84
2023,Greater Accra,Multilayer Laminate,Films,Flexible,6684.66,5258.83,58.28,183.73,321.49,2211.1,1911.68,1998.38,1679506.97,55119.0,20722.45,3.38,14.88
2023,Greater Accra,Multilayer Laminate,Pouches,Flexible,7133.8,4738.47,51.57,167.05,443.5,2444.82,2545.67,1481.19,1353428.37,50115.0,22114.78,1.66,21.4
2023,Ashanti,PET,Bottles,Rigid,10889.36,6311.21,760.48,3072.97,163.61,4377.24,1905.15,609.91,1971287.52,2765673.0,23956.59,0.28,61.57
2023,Ashanti,PET,Containers,Rigid,6081.71,4225.34,277.44,2546.21,148.34,2102.57,680.39,326.76,801568.65,2291589.0,13379.76,0.68,68.4
2023,Ashanti,PET,Sachets,Flexible,12767.64,9037.23,17.79,946.51,671.49,3861.42,3397.55,3872.88,2838110.65,851859.0,28088.81,2.73,18.7
2023,Ashanti,PET,Films,Flexible,7011.49,4526.98,69.01,738.39,181.05,2448.4,1856.13,1718.51,1549657.13,664551.0,15425.28,2.4,26.75
2023,Ashanti,PET,Pouches,Flexible,6111.07,3765.67,71.68,267.37,370.52,2242.96,1729.5,1429.04,1079422.98,240633.0,13444.35,2.15,23.84
2023,Ashanti,HDPE,Bottles,Rigid,10430.47,6521.67,901.5,3767.22,119.35,3696.18,1489.08,457.14,1571511.9,3013776.0,19817.89,0.75,67.47
2023,Ashanti,HDPE,Containers,Rigid,5759.37,3680.95,430.94,1555.76,93.14,2227.31,922.34,529.88,990085.78,1244608.0,10942.8,0.45,59.65
2023,Ashanti,HDPE,Sachets,Flexible,12126.07,7719.66,126.39,619.95,260.33,4617.49,3399.59,3102.32,1754965.32,495960.0,23039.53,2.11,20.28
2023,Ashanti,HDPE,Films,Flexible,5375.31,3611.78,38.87,478.74,160.53,1748.48,1484.52,1464.17,816131.53,382992.0,10213.09,2.51,22.12
2023,Ashanti,HDPE,Pouches,Flexible,5623.96,3710.07,48.3,374.71,222.18,2028.4,2156.25,794.12,954005.44,299768.0,10685.52,1.62,29.67
2023,Ashanti,LDPE,Bottles,Rigid,8404.81,5363.07,453.2,2770.49,241.47,3097.35,1260.47,581.83,1809252.75,1385245.0,21012.02,0.87,63.11
2023,Ashanti,LDPE,Containers,Rigid,5107.27,3213.36,237.87,1375.77,113.57,2190.65,809.52,379.89,757888.53,687885.0,12768.18,1.07,59.23
2023,Ashanti,LDPE,Sachets,Flexible,11555.12,7020.0,197.02,819.01,293.24,4034.99,3588.82,2622.04,2405114.13,409505.0,28887.8,2.66,24.51
2023,Ashanti,LDPE,Films,Flexible,5706.54,3652.81,2.03,340.1,236.27,1893.25,1725.8,1509.09,673382.35,170050.0,14266.35,2.71,19.24
2023,Ashanti,LDPE,Pouches,Flexible,5133.27,3184.29,47.77,262.71,342.44,2015.88,1630.56,833.91,704806.66,131355.0,12833.18,1.98,30.3
2023,Ashanti,PP,Bottles,Rigid,9098.29,6368.94,665.05,3513.43,77.5,3077.14,1221.86,543.31,1514408.93,2108058.0,15467.09,1.04,67.13
2023,Ashanti,PP,Containers,Rigid,4788.81,2920.6,396.2,1135.55,66.56,1924.02,953.07,313.41,862292.27,681330.0,8140.98,0.66,59.09
2023,Ashanti,PP,Sachets,Flexible,11558.51,7271.43,12.7,470.32,470.07,4215.71,3488.75,2900.96,1321262.87,282192.0,19649.47,2.6,19.04
2023,Ashanti,PP,Films,Flexible,5498.19,3903.81,68.83,462.31,336.32,1909.07,1405.05,1316.61,581713.21,277386.0,9346.92,2.42,27.92
2023,Ashanti,PP,Pouches,Flexible,5021.61,2779.84,40.19,121.73,218.79,2066.0,1553.46,1021.44,374245.22,73038.0,8536.74,2.09,22.94
2023,Ashanti,Multilayer Laminate,Bottles,Rigid,8787.77,6322.49,832.3,1179.96,481.02,4231.07,1664.44,398.98,818439.65,353988.0,27242.09,0.3,57.37
2023,Ashanti,Multilayer Laminate,Containers,Rigid,4704.17,3135.97,454.34,472.67,227.59,2471.43,847.48,230.66,1050009.27,141801.0,14582.93,0.76,55.72
2023,Ashanti,Multilayer Laminate,Sachets,Flexible,10183.73,7027.41,136.51,354.28,616.12,3181.41,2367.26,3528.15,1696985.12,106284.0,31569.56,3.09,13.98
2023,Ashanti,Multilayer Laminate,Films,Flexible,5027.25,3177.34,39.56,89.18,144.92,1995.76,1456.77,1301.06,691406.87,26754.0,15584.48,2.8,16.87
2023,Ashanti,Multilayer Laminate,Pouches,Flexible,5038.4,3027.16,24.87,68.55,343.08,2191.68,1641.78,768.44,517672.46,20565.0,15619.04,1.81,27.4
2023,Western,PET,Bottles,Rigid,6187.92,2858.88,391.48,1361.99,41.6,2679.41,1245.46,467.98,904945.73,1225791.0,13613.42,0.94,56.41
2023,Western,PET,Containers,Rigid,3595.2,2040.01,274.49,1076.64,52.19,1408.89,605.53,177.46,704976.6,968976.0,7909.44,0.15,63.23
2023,Western,PET,Sachets,Flexible,7464.19,3596.02,85.5,241.14,117.7,2003.89,2209.54,2806.42,733711.69,217026.0,16421.22,4.1,5.82
2023,Western,PET,Films,Flexible,3991.89,2336.23,43.28,185.94,77.51,1460.81,1348.92,875.43,527489.54,167346.0,8782.16,2.3,21.18
2023,Western,PET,Pouches,Flexible,3702.74,2113.32,40.89,142.59,143.84,1535.69,1295.63,544.1,323803.72,128331.0,8146.03,1.41,28.26
2023,Western,HDPE,Bottles,Rigid,5726.6,3025.22,454.63,1347.28,120.48,2536.48,887.65,380.08,888308.91,1077824.0,10880.54,1.12,59.93
2023,Western,HDPE,Containers,Rigid,3369.18,1679.63,114.86,840.47,31.82,1530.48,632.27,219.28,350851.85,672376.0,6401.44,0.57,57.13
2023,Western,HDPE,Sachets,Flexible,7196.04,3244.55,7.64,424.75,104.08,2512.67,1775.96,2370.94,665823.94,339800.0,13672.48,3.36,13.63
2023,Western,HDPE,Films,Flexible,3825.18,2261.77,33.45,191.36,183.78,1454.62,1068.38,893.59,370804.28,153088.0,7267.84,2.63,23.62
2023,Western,HDPE,Pouches,Flexible,3521.15,1743.85,13.39,180.52,150.98,1374.25,1213.13,588.88,578564.06,144416.0,6690.18,1.75,27.0
2023,Western,LDPE,Bottles,Rigid,5631.52,3037.97,376.48,1609.42,81.11,2314.21,1042.95,207.35,1018969.01,804710.0,14078.8,0.18,62.39
2023,Western,LDPE,Containers,Rigid,3604.51,2035.16,152.19,731.87,45.08,1652.1,687.34,335.93,479057.96,365935.0,9011.28,1.16,53.87
2023,Western,LDPE,Sachets,Flexible,6193.61,3164.66,46.05,275.9,294.65,2196.97,1842.17,1537.87,784361.89,137950.0,15484.02,2.68,20.8
2023,Western,LDPE,Films,Flexible,3297.38,1552.27,20.67,186.11,117.79,1244.26,983.27,745.28,216762.97,93055.0,8243.45,2.21,23.3
2023,Western,LDPE,Pouches,Flexible,3528.53,2008.16,19.86,190.35,97.25,1371.34,1194.64,655.09,557694.02,95175.0,8821.33,2.22,25.04
2023,Western,PP,Bottles,Rigid,4831.98,2801.34,331.89,1229.33,63.92,2103.8,848.87,254.17,423128.55,737598.0,8214.37,0.32,60.33
2023,Western,PP,Containers,Rigid,3204.67,1654.5,140.09,771.44,82.04,1310.93,616.9,283.27,256373.78,462864.0,5447.94,0.51,56.31
2023,Western,PP,Sachets,Flexible,6122.93,3497.14,25.85,166.19,138.33,2047.18,1551.09,2194.29,866304.67,99714.0,10408.98,3.61,8.48
2023,Western,PP,Films,Flexible,3257.2,1579.67,27.31,154.55,129.26,1273.2,1076.54,596.34,387021.39,92730.0,5537.24,1.4,25.95
2023,Western,PP,Pouches,Flexible,3342.31,1613.22,21.84,143.69,116.64,1295.86,1010.52,753.76,493705.76,86214.0,5681.93,2.05,22.02
2023,Western,Multilayer Laminate,Bottles,Rigid,5006.24,2812.55,352.9,525.61,137.98,2551.78,1010.04,427.93,765399.56,157683.0,15519.34,1.26,51.43
2023,Western,Multilayer Laminate,Containers,Rigid,2723.78,1320.52,159.64,249.78,97.61,1393.26,607.67,215.82,228541.02,74934.0,8443.72,0.58,50.26
2023,Western,Multilayer Laminate,Sachets,Flexible,6245.66,2881.3,71.54,91.23,227.39,2428.46,1884.42,1542.62,982970.06,27369.0,19361.55,2.78,18.05
2023,Western,Multilayer Laminate,Films,Flexible,2937.65,1420.47,26.52,59.21,59.38,1222.19,775.94,794.41,248253.72,17763.0,9106.72,3.14,16.62
2023,Western,Multilayer Laminate,Pouches,Flexible,2766.74,1292.03,14.73,49.32,89.57,1108.06,775.24,729.82,450080.45,14796.0,8576.89,2.55,16.69
2023,Central,PET,Bottles,Rigid,5601.26,2709.23,315.67,1357.85,31.2,2545.71,1033.38,317.45,947736.55,1222065.0,12322.77,0.35,58.45
2023,Central,PET,Containers,Rigid,3355.88,1422.77,94.48,673.49,66.37,1609.74,554.96,356.84,459125.65,606141.0,7382.94,0.89,53.02
2023,Central,PET,Sachets,Flexible,6476.43,3435.77,65.57,224.03,216.09,2357.5,1863.28,1749.96,1194048.22,201627.0,14248.15,2.26,17.7
2023,Central,PET,Films,Flexible,3408.22,1609.65,16.2,187.89,134.42,1116.28,936.7,1016.73,508059.38,169101.0,7498.08,3.03,16.91
2023,Central,PET,Pouches,Flexible,3738.77,1665.72,13.28,119.28,110.49,1661.72,1179.86,654.14,237448.79,107352.0,8225.29,1.78,25.05
2023,Central,HDPE,Bottles,Rigid,4798.63,1999.02,212.55,1091.04,47.98,2218.89,862.85,365.32,393311.12,872832.0,9117.4,0.58,56.24
2023,Central,HDPE,Containers,Rigid,3332.11,1358.87,69.69,745.99,39.62,1521.24,777.79,177.78,431693.55,596792.0,6331.01,0.74,54.91
2023,Central,HDPE,Sachets,Flexible,6295.54,3009.57,88.05,406.82,124.16,1929.31,1637.43,2109.77,829140.74,325456.0,11961.53,3.26,14.56
2023,Central,HDPE,Films,Flexible,3431.65,1418.48,14.51,253.71,128.1,1223.47,1133.52,678.34,222220.24,202968.0,6520.14,2.44,26.22
2023,Central,HDPE,Pouches,Flexible,3421.04,1454.09,3.52,77.14,153.62,1410.78,1217.75,558.23,374824.47,61712.0,6499.98,1.2,24.33
2023,Central,LDPE,Bottles,Rigid,4700.76,2537.11,479.54,1235.2,26.11,2001.17,742.99,215.75,835229.14,617600.0,11751.9,0.59,63.1
2023,Central,LDPE,Containers,Rigid,2728.06,1463.2,213.3,494.6,58.85,1306.74,483.34,171.23,370126.07,247300.0,6820.15,1.09,57.06
2023,Central,LDPE,Sachets,Flexible,5970.67,2462.53,45.8,172.6,240.2,2048.26,1726.39,1737.42,730917.72,86300.0,14926.67,2.68,15.17
2023,Central,LDPE,Films,Flexible,3142.96,1354.25,8.71,155.38,136.73,992.18,884.31,965.65,209044.55,77690.0,7857.4,3.08,15.28
2023,Central,LDPE,Pouches,Flexible,2959.98,1583.93,29.46,101.54,107.89,1204.01,791.88,725.2,306670.55,50770.0,7399.95,2.37,21.15
2023,Central,PP,Bottles,Rigid,4427.01,1903.33,160.9,1005.16,39.54,2047.5,1001.04,172.87,601152.53,603096.0,7525.92,0.37,56.78
2023,Central,PP,Containers,Rigid,2760.87,1509.31,105.74,588.25,45.88,1249.63,618.68,152.69,394729.85,352950.0,4693.48,0.46,55.59
2023,Central,PP,Sachets,Flexible,6103.93,2485.95,15.68,223.81,191.85,2192.17,2028.62,1451.8,697448.75,134286.0,10376.68,2.52,18.48
2023,Central,PP,Films,Flexible,2707.23,1120.87,9.57,90.16,117.72,914.2,900.16,675.42,262875.6,54096.0,4602.29,2.3,17.72
2023,Central,PP,Pouches,Flexible,2983.2,1581.31,21.28,70.66,120.59,1112.39,967.75,690.53,510721.82,42396.0,5071.44,1.83,19.23
2023,Central,Multilayer Laminate,Bottles,Rigid,4609.27,2171.27,290.11,363.06,157.5,2434.16,1078.83,285.61,611440.06,108918.0,14288.74,1.08,50.55
2023,Central,Multilayer Laminate,Containers,Rigid,2649.0,1218.43,177.12,210.81,47.2,1497.95,557.89,158.03,331300.91,63243.0,8211.9,0.57,51.0
2023,Central,Multilayer Laminate,Sachets,Flexible,4947.97,2425.76,4.42,77.4,185.63,1697.38,1506.87,1476.27,721386.84,23220.0,15338.71,2.52,11.87
2023,Central,Multilayer Laminate,Films,Flexible,2471.46,1187.51,22.2,73.49,115.55,913.81,791.57,554.84,185483.68,22047.0,7661.53,1.78,21.12
2023,Central,Multilayer Laminate,Pouches,Flexible,2867.79,1250.66,6.0,24.32,138.59,1083.05,1007.6,608.23,249497.46,7296.0,8890.15,2.24,18.69
2023,Eastern,PET,Bottles,Rigid,5575.92,2508.51,450.9,1447.23,37.57,2525.08,837.11,278.03,440208.88,1302507.0,12267.02,0.21,61.77
2023,Eastern,PET,Containers,Rigid,3501.58,1922.17,149.87,865.42,68.36,1530.42,554.06,333.45,388226.61,778878.0,7703.48,1.2,56.77
2023,Eastern,PET,Sachets,Flexible,7445.73,4100.27,118.04,514.77,292.45,2053.85,2353.98,2112.64,853678.91,463293.0,16380.61,2.49,19.02
2023,Eastern,PET,Films,Flexible,3808.38,1772.75,20.77,263.52,104.36,1212.17,1094.72,1112.84,431964.56,237168.0,8378.44,3.09,17.69
2023,Eastern,PET,Pouches,Flexible,3894.82,1881.86,24.32,112.46,198.83,1699.56,1148.53,711.12,314633.9,101214.0,8568.6,1.81,26.2
2023,Eastern,HDPE,Bottles,Rigid,5946.46,2999.16,574.59,1489.71,69.31,2646.68,943.57,222.6,980458.01,1191768.0,11298.27,0.79,62.85
2023,Eastern,HDPE,Containers,Rigid,3611.04,1817.21,213.9,922.57,28.45,1493.19,673.86,279.07,282782.98,738056.0,6860.98,0.46,58.11
2023,Eastern,HDPE,Sachets,Flexible,6454.85,3157.65,59.03,169.09,220.69,2311.16,2028.84,1666.04,783233.39,135272.0,12264.22,2.82,17.07
2023,Eastern,HDPE,Films,Flexible,3207.89,1740.01,15.06,226.31,132.37,1219.07,1040.44,574.64,332802.73,181048.0,6094.99,1.38,28.27
2023,Eastern,HDPE,Pouches,Flexible,3045.58,1729.02,23.84,95.41,99.97,1313.58,871.13,641.65,301585.39,76328.0,5786.6,2.5,23.2
2023,Eastern,LDPE,Bottles,Rigid,4708.58,2129.33,415.4,979.99,39.3,2201.08,893.76,179.05,687223.67,489995.0,11771.45,0.3,59.59
2023,Eastern,LDPE,Containers,Rigid,3270.72,1854.25,168.37,699.67,75.49,1504.4,492.96,329.83,517876.72,349835.0,8176.8,1.08,55.64
2023,Eastern,LDPE,Sachets,Flexible,6775.93,2978.68,47.72,343.67,173.1,2209.95,1999.55,2001.94,579759.94,171835.0,16939.83,3.4,15.55
2023,Eastern,LDPE,Films,Flexible,2996.51,1479.49,19.86,123.4,98.59,1049.81,848.75,856.1,405206.14,61700.0,7491.28,2.48,16.51
2023,Eastern,LDPE,Pouches,Flexible,3411.97,1505.4,23.32,86.34,159.15,1378.79,998.72,765.65,334047.05,43170.0,8529.92,2.36,21.63
2023,Eastern,PP,Bottles,Rigid,5179.33,2261.47,442.08,1125.91,37.68,2263.34,925.82,384.5,434925.56,675546.0,8804.86,0.82,58.09
2023,Eastern,PP,Containers,Rigid,3083.96,1498.03,169.16,666.27,62.29,1474.79,570.05,141.4,270178.25,399762.0,5242.73,0.2,58.13
2023,Eastern,PP,Sachets,Flexible,5876.77,3302.12,37.48,346.79,112.96,2006.53,1643.98,1729.03,556148.18,208074.0,9990.51,2.94,16.61
2023,Eastern,PP,Films,Flexible,2791.32,1355.27,21.14,195.67,57.53,924.38,741.02,851.58,319091.79,117402.0,4745.24,3.16,17.23
2023,Eastern,PP,Pouches,Flexible,2983.72,1485.37,15.0,77.92,143.63,1048.2,1093.42,605.55,496799.99,46752.0,5072.32,2.48,20.79
2023,Eastern,Multilayer Laminate,Bottles,Rigid,4486.19,1981.47,281.78,340.59,155.02,2450.53,1025.17,233.1,412399.05,102177.0,13907.19,0.81,51.1
2023,Eastern,Multilayer Laminate,Containers,Rigid,2739.98,1225.66,94.03,218.56,39.51,1459.82,653.34,274.72,411419.82,65568.0,8493.94,1.41,46.27
2023,Eastern,Multilayer Laminate,Sachets,Flexible,6021.45,2764.78,10.91,77.33,295.91,2031.88,1374.14,2231.28,934242.5,23199.0,18666.49,3.63,8.13
2023,Eastern,Multilayer Laminate,Films,Flexible,2492.86,1223.45,1.13,62.15,70.16,890.09,829.89,639.44,333068.8,18645.0,7727.87,2.5,15.21
2023,Eastern,Multilayer Laminate,Pouches,Flexible,2940.71,1661.19,3.98,50.6,89.34,1231.4,1128.76,436.63,261583.62,15180.0,9116.2,1.8,23.53
2023,Northern,PET,Bottles,Rigid,3914.67,1711.3,191.38,1110.74,24.08,1724.1,634.87,229.5,488894.18,999666.0,8612.27,0.53,60.38
2023,Northern,PET,Containers,Rigid,2086.82,685.65,80.22,272.49,34.14,1117.37,468.47,114.13,158739.98,245241.0,4591.0,0.4,51.75
2023,Northern,PET,Sachets,Flexible,4230.17,1880.68,36.2,96.55,120.11,1378.01,1082.95,1516.35,553725.79,86895.0,9306.37,3.69,8.72
2023,Northern,PET,Films,Flexible,2224.6,685.26,1.93,105.72,28.13,847.58,665.54,575.7,231712.3,95148.0,4894.12,2.93,17.52
2023,Northern,PET,Pouches,Flexible,2291.32,714.2,1.52,60.22,29.01,817.45,773.18,609.94,145516.71,54198.0,5040.9,2.8,13.41
2023,Northern,HDPE,Bottles,Rigid,3046.48,1110.59,125.46,680.9,10.24,1449.79,525.97,254.12,334883.81,544720.0,5788.31,0.37,55.46
2023,Northern,HDPE,Containers,Rigid,2158.73,818.14,65.72,373.49,13.63,981.31,470.33,254.25,181487.39,298792.0,4101.59,1.63,49.69
2023,Northern,HDPE,Sachets,Flexible,3748.15,1423.6,20.6,160.32,44.89,1265.04,1274.32,982.98,232761.31,128256.0,7121.48,2.7,15.56
2023,Northern,HDPE,Films,Flexible,1861.93,799.22,15.06,105.95,41.85,681.22,618.39,399.46,216168.41,84760.0,3537.67,2.18,22.65
2023,Northern,HDPE,Pouches,Flexible,2149.72,772.7,10.72,60.99,53.37,887.41,763.05,374.18,218309.22,48792.0,4084.47,2.18,23.17
2023,Northern,LDPE,Bottles,Rigid,3001.73,919.52,128.32,443.12,15.72,1488.95,676.36,249.26,152028.28,221560.0,7504.32,1.21,50.9
2023,Northern,LDPE,Containers,Rigid,1940.95,714.42,74.34,337.28,22.17,955.09,411.01,141.06,116799.0,168640.0,4852.38,1.13,52.92
2023,Northern,LDPE,Sachets,Flexible,3859.3,1524.39,4.55,142.64,56.31,1480.4,1218.29,957.11,389369.39,71320.0,9648.25,2.07,17.17
2023,Northern,LDPE,Films,Flexible,1838.95,599.9,11.84,73.65,47.26,603.67,678.01,424.52,111485.16,36825.0,4597.38,2.23,18.11
2023,Northern,LDPE,Pouches,Flexible,1920.58,583.29,9.45,42.71,29.23,746.83,801.75,290.61,162029.55,21355.0,4801.45,1.26,21.93
2023,Northern,PP,Bottles,Rigid,2670.88,1077.95,160.28,492.12,26.69,1256.81,605.16,129.82,172918.82,295272.0,4540.5,0.58,55.57
2023,Northern,PP,Containers,Rigid,1728.39,634.32,47.84,306.6,20.62,876.5,329.45,147.38,88652.18,183960.0,2938.26,1.07,52.29
2023,Northern,PP,Sachets,Flexible,3296.76,1330.28,15.58,102.34,87.56,1126.86,1021.1,943.32,362712.69,61404.0,5604.49,3.03,14.04
2023,Northern,PP,Films,Flexible,1679.96,619.93,2.4,55.24,18.04,577.25,490.38,536.65,114258.26,33144.0,2855.93,2.82,10.45
2023,Northern,PP,Pouches,Flexible,1803.88,561.5,1.51,45.28,31.18,737.12,571.06,417.73,151431.18,27168.0,3066.6,1.93,17.87
2023,Northern,Multilayer Laminate,Bottles,Rigid,2762.16,1009.77,113.24,210.49,74.38,1492.81,587.74,283.5,173476.1,63147.0,8562.7,0.78,47.25
2023,Northern,Multilayer Laminate,Containers,Rigid,1638.55,581.84,82.26,91.56,25.95,918.54,384.25,135.99,152010.84,27468.0,5079.51,0.66,47.1
2023,Northern,Multilayer Laminate,Sachets,Flexible,3499.85,1070.1,27.96,36.94,66.18,1350.23,925.12,1093.42,342920.96,11082.0,10849.53,3.07,11.42
2023,Northern,Multilayer Laminate,Films,Flexible,1593.64,511.14,4.49,24.75,31.96,531.83,538.13,462.48,131789.18,7425.0,4940.28,3.21,10.67
2023,Northern,Multilayer Laminate,Pouches,Flexible,1516.77,545.42,3.67,17.04,56.41,578.38,630.66,230.61,92151.72,5112.0,4701.99,1.69,21.84
2024,Greater Accra,PET,Bottles,Rigid,15380.78,11919.09,1132.44,6212.64,366.44,4864.18,1913.55,891.53,3093463.27,5591376.0,33837.72,1.01,68.73
2024,Greater Accra,PET,Containers,Rigid,9766.58,7806.65,407.95,3496.42,331.12,3453.89,1336.85,740.35,2349836.26,3146778.0,21486.48,0.31,63.84
2024,Greater Accra,PET,Sachets,Flexible,17821.94,12936.44,217.47,1562.67,690.98,5460.68,4641.65,5248.49,3458054.75,1406403.0,39208.27,2.7,21.36
2024,Greater Accra,PET,Films,Flexible,8389.91,5603.54,25.17,781.1,506.78,2805.85,2111.2,2159.81,1193948.29,702990.0,18457.8,2.47,26.05
2024,Greater Accra,PET,Pouches,Flexible,8586.13,5659.83,66.89,666.93,221.74,3726.04,2713.63,1190.9,1759177.47,600237.0,18889.49,1.59,32.8
2024,Greater Accra,HDPE,Bottles,Rigid,14948.37,10633.36,1695.34,5459.54,301.77,4775.86,2105.49,610.37,2568747.2,4367632.0,28401.9,0.72,69.59
2024,Greater Accra,HDPE,Containers,Rigid,8622.9,6463.46,396.46,3424.32,198.27,2997.56,959.59,646.7,1995577.5,2739456.0,16383.51,0.29,66.22
2024,Greater Accra,HDPE,Sachets,Flexible,16032.46,11725.26,52.1,1382.1,316.47,5454.13,4896.03,3931.63,3879043.3,1105680.0,30461.67,2.66,22.52
2024,Greater Accra,HDPE,Films,Flexible,8517.92,6040.49,0.16,541.81,429.49,2710.54,2562.4,2273.52,1449888.71,433448.0,16184.05,2.24,19.82
2024,Greater Accra,HDPE,Pouches,Flexible,7727.75,5996.73,86.94,632.36,214.16,2749.04,2151.48,1893.77,2095301.09,505888.0,14682.72,2.23,24.44
2024,Greater Accra,LDPE,Bottles,Rigid,13398.09,9063.84,1356.2,4787.88,171.73,4376.33,2019.55,686.4,1789053.2,2393940.0,33495.22,0.22,67.56
2024,Greater Accra,LDPE,Containers,Rigid,7486.9,5067.33,710.4,1960.71,124.78,2867.97,1352.27,470.77,1740022.71,980355.0,18717.25,0.57,61.54
2024,Greater Accra,LDPE,Sachets,Flexible,16678.17,12256.44,57.81,1234.54,835.56,5406.01,4086.71,5057.54,4011175.58,617270.0,41695.42,3.28,19.63
2024,Greater Accra,LDPE,Films,Flexible,7759.77,5745.98,37.42,960.9,427.58,2591.92,2433.52,1308.43,763966.27,480450.0,19399.43,1.21,35.0
2024,Greater Accra,LDPE,Pouches,Flexible,7699.76,5389.09,47.24,310.52,225.53,3060.3,2351.15,1705.02,1042818.92,155260.0,19249.4,2.31,21.76
2024,Greater Accra,PP,Bottles,Rigid,11156.24,7498.31,665.77,4137.74,263.33,3822.42,1641.41,625.57,1722422.85,2482644.0,18965.61,0.7,66.01
2024,Greater Accra,PP,Containers,Rigid,6644.16,4938.07,631.02,2013.81,142.58,2453.51,1075.54,327.7,1581775.16,1208286.0,11295.07,0.34,64.77
2024,Greater Accra,PP,Sachets,Flexible,15429.89,11328.68,300.04,963.51,770.85,4618.02,4267.45,4510.02,1551118.01,578106.0,26230.81,2.48,20.07
2024,Greater Accra,PP,Films,Flexible,7960.57,5807.09,71.42,672.26,194.58,2747.34,2061.45,2213.52,1105873.34,403356.0,13532.97,3.12,21.75
2024,Greater Accra,PP,Pouches,Flexible,6693.93,5235.76,26.88,405.16,548.77,2250.36,2102.14,1360.62,1042520.01,243096.0,11379.68,1.81,27.38
2024,Greater Accra,Multilayer Laminate,Bottles,Rigid,12573.66,9588.91,1508.97,1756.34,217.69,5916.94,2699.42,474.3,2335831.76,526902.0,38978.35,0.72,57.85
2024,Greater Accra,Multilayer Laminate,Containers,Rigid,6222.13,4386.68,323.33,767.2,120.36,2833.47,1446.77,731.0,956100.71,230160.0,19288.6,1.66,48.6
2024,Greater Accra,Multilayer Laminate,Sachets,Flexible,13873.39,10954.77,1.76,478.52,1165.54,4584.21,4330.2,3313.16,3667067.06,143556.0,43007.51,2.43,21.39
2024,Greater Accra,Multilayer Laminate,Films,Flexible,6900.18,4631.19,0.07,287.25,164.55,2686.61,1858.95,1902.75,1264373.93,86175.0,21390.56,2.34,16.99
2024,Greater Accra,Multilayer Laminate,Pouches,Flexible,7004.9,4725.43,69.55,115.84,325.54,2479.41,2534.42,1480.14,895975.92,34752.0,21715.19,2.28,19.73
2024,Ashanti,PET,Bottles,Rigid,10655.82,7107.22,677.9,4083.08,122.59,3453.89,1727.36,591.0,2310689.76,3674772.0,23442.8,0.25,66.17
2024,Ashanti,PET,Containers,Rigid,7018.75,3964.98,353.49,2140.4,131.44,2751.34,1131.47,510.61,569678.86,1926360.0,15441.25,0.95,61.04
2024,Ashanti,PET,Sachets,Flexible,13735.67,9209.63,68.78,753.61,503.9,4655.86,4603.26,3150.26,3005826.64,678249.0,30218.47,2.31,21.27
2024,Ashanti,PET,Films,Flexible,6801.43,3776.43,66.41,302.59,391.95,2167.87,2221.25,1651.36,474357.1,272331.0,14963.15,2.51,20.91
2024,Ashanti,PET,Pouches,Flexible,6929.66,4069.68,34.91,385.96,348.25,3122.52,2113.37,924.65,706999.05,347364.0,15245.25,1.1,32.85
2024,Ashanti,HDPE,Bottles,Rigid,9342.24,5333.66,1058.0,2490.11,72.1,3696.48,1696.59,328.96,955253.33,1992088.0,17750.26,0.0,64.03
2024,Ashanti,HDPE,Containers,Rigid,5834.2,3264.86,197.0,1563.03,76.28,2364.11,1208.27,425.51,1072072.65,1250424.0,11084.98,0.8,57.22
2024,Ashanti,HDPE,Sachets,Flexible,11992.85,7373.14,91.1,849.23,454.46,3831.56,2755.03,4011.47,1835614.95,679384.0,22786.42,2.94,16.64
2024,Ashanti,HDPE,Films,Flexible,5806.25,3601.55,14.85,631.0,130.78,1951.98,1727.95,1349.69,749504.0,504800.0,11031.88,2.69,26.09
2024,Ashanti,HDPE,Pouches,Flexible,6260.64,3911.12,5.26,306.23,373.88,2410.38,1883.19,1281.7,575897.53,244984.0,11895.22,1.56,25.35
2024,Ashanti,LDPE,Bottles,Rigid,9339.26,6244.77,1091.78,2668.1,185.39,3604.51,1360.78,428.7,945241.82,1334050.0,23348.15,0.16,65.66
2024,Ashanti,LDPE,Containers,Rigid,5314.36,3101.9,157.95,1439.99,87.94,2190.49,902.49,535.5,627525.12,719995.0,13285.9,0.52,56.52
2024,Ashanti,LDPE,Sachets,Flexible,12457.71,6919.5,195.17,795.67,463.6,4108.72,3246.53,3648.02,1860384.56,397835.0,31144.27,2.47,19.76
2024,Ashanti,LDPE,Films,Flexible,5312.87,3335.04,36.66,522.98,109.4,1652.33,1489.69,1501.81,643057.61,261490.0,13282.17,2.73,21.22
2024,Ashanti,LDPE,Pouches,Flexible,5425.38,3448.41,55.29,233.35,234.31,2006.81,1619.32,1276.3,618196.46,116675.0,13563.45,2.74,21.99
2024,Ashanti,PP,Bottles,Rigid,9290.95,5459.32,613.05,2927.31,65.19,3345.1,1661.2,679.1,1150815.5,1756386.0,15794.62,0.72,61.65
2024,Ashanti,PP,Containers,Rigid,5907.95,3664.08,380.15,1283.63,60.43,2859.22,981.32,343.2,535561.17,770178.0,10043.51,0.49,58.17
2024,Ashanti,PP,Sachets,Flexible,11304.65,7586.01,40.61,371.72,822.36,3822.32,3336.41,2911.23,2258204.94,223032.0,19217.9,2.24,19.85
2024,Ashanti,PP,Films,Flexible,5843.34,3977.99,47.48,402.46,189.19,2165.04,1903.18,1135.99,806131.59,241476.0,9933.68,1.92,26.44
2024,Ashanti,PP,Pouches,Flexible,5340.14,3519.0,63.43,180.56,210.67,2149.0,1914.19,822.29,1176542.21,108336.0,9078.24,1.32,26.92
2024,Ashanti,Multilayer Laminate,Bottles,Rigid,9350.52,5243.35,798.89,873.33,394.39,4557.71,2091.87,634.33,810472.18,261999.0,28986.61,0.22,52.6
2024,Ashanti,Multilayer Laminate,Containers,Rigid,5536.89,3341.73,210.19,595.91,212.61,3132.01,1102.49,283.68,724076.5,178773.0,17164.36,0.91,52.01
2024,Ashanti,Multilayer Laminate,Sachets,Flexible,11287.41,7430.48,36.03,363.84,537.58,4109.96,3413.82,2826.18,2142149.52,109152.0,34990.97,2.71,18.91
2024,Ashanti,Multilayer Laminate,Films,Flexible,4838.41,2834.68,39.02,104.08,187.01,1728.65,1349.16,1430.49,856650.74,31224.0,14999.07,3.3,14.45
2024,Ashanti,Multilayer Laminate,Pouches,Flexible,5306.2,3124.46,17.12,78.35,122.71,2157.5,1986.63,943.89,1027761.86,23505.0,16449.22,1.38,20.58
2024,Western,PET,Bottles,Rigid,7164.82,3962.81,362.56,2644.44,77.58,2772.15,1000.19,307.9,1107634.17,2379996.0,15762.6,0.0,65.96
2024,Western,PET,Containers,Rigid,4397.0,2274.24,258.51,996.27,92.71,1845.72,808.88,394.91,511601.57,896643.0,9673.4,1.29,56.46
2024,Western,PET,Sachets,Flexible,8231.49,4743.57,114.04,421.52,213.38,3010.21,2145.92,2326.42,1141399.52,379368.0,18109.28,3.13,18.95
2024,Western,PET,Films,Flexible,3996.84,2183.6,10.73,202.32,200.0,1389.14,1424.69,769.96,436038.58,182088.0,8793.05,2.4,24.17
2024,Western,PET,Pouches,Flexible,4512.56,2212.24,1.81,219.62,140.53,2064.31,1409.33,676.96,708238.1,197658.0,9927.63,1.14,28.87
2024,Western,HDPE,Bottles,Rigid,5715.89,2722.77,531.57,1433.49,77.38,2449.66,937.87,285.92,627732.03,1146792.0,10860.19,0.55,61.9
2024,Western,HDPE,Containers,Rigid,3803.41,1858.22,269.19,730.56,100.36,1825.37,712.12,165.81,414937.53,584448.0,7226.48,0.51,58.13
2024,Western,HDPE,Sachets,Flexible,7316.02,3747.46,82.38,412.9,341.46,2489.05,2127.48,1862.75,768378.06,330320.0,13900.44,2.53,21.78
2024,Western,HDPE,Films,Flexible,3567.73,1681.39,7.19,147.38,139.67,1262.36,1032.0,979.13,221893.95,117904.0,6778.69,3.13,17.26
2024,Western,HDPE,Pouches,Flexible,3974.55,2052.85,24.05,228.06,140.29,1400.66,1222.58,958.91,454446.87,182448.0,7551.65,2.5,21.43
2024,Western,LDPE,Bottles,Rigid,6202.04,3710.3,469.95,1540.98,173.51,2536.34,1110.41,370.85,1078700.55,770490.0,15505.1,0.87,60.37
2024,Western,LDPE,Containers,Rigid,3499.61,1735.04,255.7,732.68,49.83,1655.78,595.81,209.81,276727.25,366340.0,8749.02,0.63,58.2
2024,Western,LDPE,Sachets,Flexible,6705.74,3650.17,12.91,357.07,182.04,2199.67,2415.4,1538.65,1166198.53,178535.0,16764.35,2.03,19.33
2024,Western,LDPE,Films,Flexible,3694.73,1999.9,38.83,208.08,160.1,1286.62,1312.22,688.88,487906.81,104040.0,9236.83,1.65,25.78
2024,Western,LDPE,Pouches,Flexible,3234.07,1796.62,23.17,114.83,191.71,1208.7,1251.63,444.03,348212.18,57415.0,8085.18,1.13,28.12
2024,Western,PP,Bottles,Rigid,5527.57,3170.45,292.88,1806.58,108.77,2248.14,863.12,208.08,673808.69,1083948.0,9396.87,0.66,64.29
2024,Western,PP,Containers,Rigid,3598.88,1687.87,155.39,711.47,52.44,1638.64,792.58,248.36,371887.24,426882.0,6118.1,0.38,54.41
2024,Western,PP,Sachets,Flexible,7004.41,3995.2,58.3,267.19,320.84,2248.78,2244.96,1864.34,516478.7,160314.0,11907.5,2.26,17.54
2024,Western,PP,Films,Flexible,2969.07,1404.2,1.94,237.78,65.2,1005.56,1066.11,592.48,336498.07,142668.0,5047.42,1.86,24.27
2024,Western,PP,Pouches,Flexible,3539.99,1802.73,12.08,98.19,108.32,1527.61,1158.84,634.95,455650.72,58914.0,6017.98,1.36,23.82
2024,Western,Multilayer Laminate,Bottles,Rigid,4829.1,2468.21,474.97,436.34,139.76,2578.41,943.26,256.36,469564.87,130902.0,14970.21,0.19,54.25
2024,Western,Multilayer Laminate,Containers,Rigid,2886.79,1628.48,84.0,303.56,79.61,1566.44,597.7,255.48,305950.74,91068.0,8949.05,1.12,48.88
2024,Western,Multilayer Laminate,Sachets,Flexible,6634.87,3177.35,9.31,154.99,185.27,2354.18,1840.02,2091.1,811959.97,46497.0,20568.1,3.18,11.51
2024,Western,Multilayer Laminate,Films,Flexible,2904.69,1503.99,23.97,78.14,54.28,1044.18,928.55,775.57,398101.71,23442.0,9004.54,2.32,15.16
2024,Western,Multilayer Laminate,Pouches,Flexible,3217.93,1775.01,0.87,48.94,103.45,1192.36,1145.92,726.39,585819.63,14682.0,9975.58,2.56,16.72
2024,Central,PET,Bottles,Rigid,6614.18,3616.47,293.95,2241.2,72.62,2348.02,1216.92,441.47,944451.39,2017080.0,14551.2,0.96,61.92
2024,Central,PET,Containers,Rigid,3356.66,1435.03,180.58,570.02,70.85,1719.44,660.48,155.29,374031.7,513018.0,7384.65,0.66,55.64
2024,Central,PET,Sachets,Flexible,7089.38,2950.56,6.16,320.63,201.66,2286.43,1903.84,2370.66,624220.62,288567.0,15596.64,2.87,11.77
2024,Central,PET,Films,Flexible,3539.63,1934.06,33.79,227.13,138.71,1220.15,892.77,1027.08,265231.97,204417.0,7787.19,2.91,19.87
2024,Central,PET,Pouches,Flexible,4003.63,2017.76,2.86,127.45,187.65,1460.35,1269.3,956.02,255282.18,114705.0,8807.99,2.72,19.17
2024,Central,HDPE,Bottles,Rigid,5806.53,2548.23,420.56,1198.56,31.25,2755.48,1134.36,266.32,551037.88,958848.0,11032.41,0.47,58.0
2024,Central,HDPE,Containers,Rigid,3278.69,1444.59,76.44,742.18,41.07,1543.12,665.71,210.17,458348.29,593744.0,6229.51,0.64,55.25
2024,Central,HDPE,Sachets,Flexible,6101.72,3077.91,19.03,273.52,99.86,1711.71,1863.48,2134.12,981154.72,218816.0,11593.27,3.46,8.34
2024,Central,HDPE,Films,Flexible,3454.99,1703.02,27.35,209.84,147.64,1276.13,967.02,827.01,385567.87,167872.0,6564.48,2.68,23.58
2024,Central,HDPE,Pouches,Flexible,3505.86,1693.94,6.09,132.68,182.15,1439.06,956.37,789.51,385553.75,106144.0,6661.13,2.4,23.18
2024,Central,LDPE,Bottles,Rigid,5527.24,2251.75,410.48,1032.45,38.63,2610.77,1142.78,292.13,296978.14,516225.0,13818.1,0.19,56.59
2024,Central,LDPE,Containers,Rigid,3305.56,1387.97,101.79,591.09,53.2,1517.95,712.06,329.47,363953.01,295545.0,8263.9,0.61,51.3
2024,Central,LDPE,Sachets,Flexible,5794.34,2697.58,32.12,281.74,196.1,1965.4,1690.23,1628.75,680775.41,140870.0,14485.85,2.73,17.21
2024,Central,LDPE,Films,Flexible,3120.29,1328.0,17.61,203.06,58.93,1204.62,858.5,777.57,341110.96,101530.0,7800.73,2.08,21.73
2024,Central,LDPE,Pouches,Flexible,3176.96,1313.5,25.2,109.61,118.97,1217.03,1000.11,706.04,416938.89,54805.0,7942.4,2.68,21.4
2024,Central,PP,Bottles,Rigid,4879.06,2633.38,395.01,1251.31,69.99,2102.14,856.14,204.47,624733.41,750786.0,8294.4,0.3,61.72
2024,Central,PP,Containers,Rigid,2897.83,1585.39,134.8,666.36,32.95,1369.84,561.15,132.73,467629.97,399816.0,4926.31,0.11,57.89
2024,Central,PP,Sachets,Flexible,5940.13,2602.05,17.8,112.36,103.15,1895.49,2119.88,1691.45,496953.84,67416.0,10098.22,2.48,10.62
2024,Central,PP,Films,Flexible,2751.78,1343.3,1.72,209.24,131.96,1061.75,776.18,570.93,359149.19,125544.0,4678.03,1.99,27.52
2024,Central,PP,Pouches,Flexible,2793.35,1204.01,15.75,79.93,51.17,1036.22,976.22,634.06,177012.9,47958.0,4748.69,2.56,17.84
2024,Central,Multilayer Laminate,Bottles,Rigid,4733.77,1975.17,322.7,369.18,147.64,2638.01,1022.93,233.31,671690.88,110754.0,14674.69,0.32,51.82
2024,Central,Multilayer Laminate,Containers,Rigid,2998.74,1604.99,123.65,316.63,139.3,1557.74,661.26,200.16,301471.95,94989.0,9296.09,0.18,50.99
2024,Central,Multilayer Laminate,Sachets,Flexible,5182.7,2292.26,30.51,53.13,239.84,1549.02,1581.6,1728.6,619691.84,15939.0,16066.37,3.79,8.8
2024,Central,Multilayer Laminate,Films,Flexible,2472.16,1080.8,20.06,71.23,93.86,793.41,773.5,720.1,187263.83,21369.0,7663.7,2.59,14.12
2024,Central,Multilayer Laminate,Pouches,Flexible,2915.36,1225.2,11.48,49.15,54.41,1146.88,877.36,776.08,194969.54,14745.0,9037.62,2.48,14.7
2024,Eastern,PET,Bottles,Rigid,6308.28,2961.69,336.67,1954.19,29.38,2434.73,1149.19,404.12,979332.82,1758771.0,13878.22,0.43,61.07
2024,Eastern,PET,Containers,Rigid,3601.3,1888.05,228.95,974.9,40.19,1488.37,673.95,194.94,425156.42,877410.0,7922.86,0.89,60.41
2024,Eastern,PET,Sachets,Flexible,7612.71,3714.26,17.47,342.47,262.87,2672.56,2546.27,1771.07,1026660.81,308223.0,16747.96,2.46,19.75
2024,Eastern,PET,Films,Flexible,4157.78,1758.26,19.59,303.37,112.99,1344.45,1452.19,925.19,401367.42,273033.0,9147.12,2.6,22.43
2024,Eastern,PET,Pouches,Flexible,3908.99,2063.44,33.19,195.19,120.79,1588.13,1200.02,771.67,431811.83,175671.0,8599.78,1.57,25.24
2024,Eastern,HDPE,Bottles,Rigid,6242.47,2712.76,428.03,1373.14,60.63,2696.81,1256.44,427.42,807228.7,1098512.0,11860.69,1.01,57.17
2024,Eastern,HDPE,Containers,Rigid,3230.79,1820.83,210.51,958.22,48.04,1236.38,558.55,219.09,406185.3,766576.0,6138.5,0.45,61.38
2024,Eastern,HDPE,Sachets,Flexible,6769.6,3263.23,28.08,236.21,322.37,2647.94,1924.47,1610.53,650154.05,188968.0,12862.24,1.94,21.21
2024,Eastern,HDPE,Films,Flexible,3299.58,1791.5,31.71,178.19,113.43,1178.42,992.61,805.22,426390.9,142552.0,6269.2,2.61,21.45
2024,Eastern,HDPE,Pouches,Flexible,3698.98,1559.22,12.56,166.78,133.34,1460.79,1178.59,746.92,373775.79,133424.0,7028.06,2.17,23.66
2024,Eastern,LDPE,Bottles,Rigid,5355.36,2861.18,524.59,1153.8,83.55,2428.19,882.93,282.3,764672.42,576900.0,13388.4,0.9,60.41
2024,Eastern,LDPE,Containers,Rigid,3213.06,1817.83,271.43,619.39,47.25,1467.31,476.59,331.09,224410.49,309695.0,8032.65,0.69,56.17
2024,Eastern,LDPE,Sachets,Flexible,7181.2,3222.92,48.59,363.83,89.48,2173.63,2230.21,2275.46,596872.1,181915.0,17953.0,3.36,12.09
2024,Eastern,LDPE,Films,Flexible,3380.37,1539.55,1.07,168.84,76.74,1196.06,930.65,1007.01,399509.86,84420.0,8450.92,3.08,15.21
2024,Eastern,LDPE,Pouches,Flexible,3480.29,1698.38,9.36,98.42,124.48,1466.55,1104.62,676.86,484511.91,49210.0,8700.73,1.66,22.94
2024,Eastern,PP,Bottles,Rigid,4813.44,2339.53,251.11,1183.62,57.39,2235.09,815.8,270.43,364552.29,710172.0,8182.85,0.94,58.92
2024,Eastern,PP,Containers,Rigid,3033.65,1474.16,78.96,651.78,59.38,1477.69,518.39,247.45,262417.17,391068.0,5157.2,1.13,54.8
2024,Eastern,PP,Sachets,Flexible,6698.71,2959.15,44.18,176.95,96.94,2213.65,2260.29,1906.7,718353.92,106170.0,11387.81,2.49,12.26
2024,Eastern,PP,Films,Flexible,2772.64,1523.03,5.37,197.04,79.66,996.35,777.37,716.85,260862.3,118224.0,4713.49,2.27,21.22
2024,Eastern,PP,Pouches,Flexible,3030.14,1591.81,8.4,68.43,116.21,1229.55,958.56,648.99,363521.15,41058.0,5151.24,2.22,20.66
2024,Eastern,Multilayer Laminate,Bottles,Rigid,5214.86,2881.42,342.19,530.97,107.72,2764.5,1108.28,361.2,390700.87,159291.0,16166.07,0.92,51.48
2024,Eastern,Multilayer Laminate,Containers,Rigid,3058.63,1426.3,166.04,236.12,112.68,1519.09,678.56,346.14,460937.99,70836.0,9481.75,1.13,47.52
2024,Eastern,Multilayer Laminate,Sachets,Flexible,5549.2,2999.82,19.8,92.67,311.59,1828.56,1458.38,1838.2,605581.85,27801.0,17202.52,3.1,11.54
2024,Eastern,Multilayer Laminate,Films,Flexible,2695.53,1452.71,7.32,68.04,89.15,938.19,713.78,879.05,204338.08,20412.0,8356.14,3.35,11.46
2024,Eastern,Multilayer Laminate,Pouches,Flexible,2939.53,1431.56,12.36,26.71,106.51,1199.7,991.83,602.42,212474.53,8013.0,9112.54,1.65,19.63
2024,Northern,PET,Bottles,Rigid,3896.15,1283.67,141.42,667.89,55.12,1919.23,779.54,332.95,216010.02,601101.0,8571.53,0.85,52.33
2024,Northern,PET,Containers,Rigid,2067.72,828.55,84.77,468.38,12.34,974.07,329.31,198.85,175378.04,421542.0,4548.98,0.63,55.25
2024,Northern,PET,Sachets,Flexible,4350.57,1476.96,24.65,132.37,152.18,1751.1,1203.32,1086.95,439781.09,119133.0,9571.25,2.34,19.47
2024,Northern,PET,Films,Flexible,2124.21,910.61,5.63,143.95,61.63,724.84,670.19,517.97,127656.39,129555.0,4673.26,2.61,21.09
2024,Northern,PET,Pouches,Flexible,2468.58,761.97,2.14,76.11,47.42,954.08,914.48,474.35,113613.86,68499.0,5430.88,1.9,20.25
2024,Northern,HDPE,Bottles,Rigid,3612.16,1223.58,168.48,750.16,27.99,1618.08,757.18,290.27,158229.83,600128.0,6863.1,0.43,54.49
2024,Northern,HDPE,Containers,Rigid,1936.49,697.7,93.89,297.85,27.2,958.42,371.2,187.93,176324.33,238280.0,3679.33,0.81,51.72
2024,Northern,HDPE,Sachets,Flexible,3774.82,1694.59,6.47,91.79,174.11,1390.57,1077.7,1034.18,355922.33,73432.0,7172.16,2.5,16.33
2024,Northern,HDPE,Films,Flexible,1994.12,721.08,10.39,95.46,70.7,767.18,675.45,374.94,239142.8,76368.0,3788.83,1.43,24.63
2024,Northern,HDPE,Pouches,Flexible,2089.01,894.19,4.33,94.12,25.24,822.86,660.53,481.93,197595.18,75296.0,3969.12,1.85,19.53
2024,Northern,LDPE,Bottles,Rigid,3512.91,1301.69,108.66,697.65,36.34,1846.42,667.09,156.75,328139.8,348825.0,8782.27,0.57,55.68
2024,Northern,LDPE,Containers,Rigid,1946.61,822.57,111.95,346.18,11.35,904.12,391.95,181.06,221508.67,173090.0,4866.52,0.78,53.12
2024,Northern,LDPE,Sachets,Flexible,4213.15,1348.61,27.17,56.65,143.2,1525.71,1396.61,1063.81,277706.1,28325.0,10532.88,2.24,15.58
2024,Northern,LDPE,Films,Flexible,1977.48,724.62,0.5,72.85,67.04,688.49,591.13,557.47,138781.97,36425.0,4943.7,2.42,15.31
2024,Northern,LDPE,Pouches,Flexible,1855.89,788.32,15.46,55.56,22.15,761.0,705.22,296.5,108213.9,27780.0,4639.73,2.04,23.42
2024,Northern,PP,Bottles,Rigid,2967.7,1296.55,225.16,638.47,36.63,1311.63,561.73,194.08,320711.36,383082.0,5045.09,1.14,57.85
2024,Northern,PP,Containers,Rigid,1915.02,797.69,109.48,288.47,15.01,915.83,430.83,155.4,177143.2,173082.0,3255.53,0.88,52.02
2024,Northern,PP,Sachets,Flexible,3679.82,1125.03,20.76,124.65,43.27,1324.89,982.23,1184.02,166950.65,74790.0,6255.69,3.7,11.77
2024,Northern,PP,Films,Flexible,1791.1,598.43,2.05,81.16,43.72,557.75,612.94,493.48,125389.8,48696.0,3044.87,2.57,14.55
2024,Northern,PP,Pouches,Flexible,1816.22,651.13,11.25,62.57,33.09,661.13,599.81,448.37,114939.14,37542.0,3087.57,2.55,17.17
2024,Northern,Multilayer Laminate,Bottles,Rigid,2730.44,1156.65,93.27,246.74,49.43,1482.93,688.14,169.93,300861.95,74022.0,8464.36,0.98,48.66
2024,Northern,Multilayer Laminate,Containers,Rigid,1634.85,617.85,58.73,88.52,37.7,880.91,395.67,173.32,155332.49,26556.0,5068.03,0.63,45.0
2024,Northern,Multilayer Laminate,Sachets,Flexible,3168.04,1233.86,10.18,24.83,82.32,1034.01,1000.36,1016.34,330757.44,7449.0,9820.92,3.04,8.16
2024,Northern,Multilayer Laminate,Films,Flexible,1803.08,716.37,9.13,36.24,20.82,598.13,609.92,528.84,220739.74,10872.0,5589.55,3.02,10.52
2024,Northern,Multilayer Laminate,Pouches,Flexible,1630.59,539.0,3.67,15.62,29.44,590.22,648.47,343.17,78059.41,4686.0,5054.83,2.54,15.59
2025,Greater Accra,PET,Bottles,Rigid,17188.11,12526.76,2091.83,6649.24,328.23,5205.72,2313.6,599.49,2938399.9,5984316.0,37813.84,0.43,71.5
2025,Greater Accra,PET,Containers,Rigid,9118.59,6429.0,375.39,2787.42,172.49,3593.71,1803.94,385.64,828961.37,2508678.0,20060.9,0.58,61.45
2025,Greater Accra,PET,Sachets,Flexible,18183.45,14196.4,206.55,1126.99,985.13,6339.44,4650.19,4875.15,4958913.47,1014291.0,40003.59,2.61,22.69
2025,Greater Accra,PET,Films,Flexible,9235.88,6987.23,50.85,1248.5,403.18,2510.38,2703.19,2319.78,2020812.68,1123650.0,20318.94,2.22,28.03
2025,Greater Accra,PET,Pouches,Flexible,8849.27,6171.87,120.48,411.36,400.73,3517.89,3180.41,1218.4,2093613.48,370224.0,19468.39,1.39,30.07
2025,Greater Accra,HDPE,Bottles,Rigid,15199.35,11126.98,944.62,5929.71,347.86,5218.75,1828.74,929.67,1898543.87,4743768.0,28878.76,0.31,67.34
2025,Greater Accra,HDPE,Containers,Rigid,9296.87,7232.03,922.0,3168.39,236.86,3109.77,1353.99,505.86,918570.55,2534712.0,17664.05,0.18,66.95
2025,Greater Accra,HDPE,Sachets,Flexible,18470.62,14088.5,178.73,1344.09,795.41,5541.12,4778.37,5832.9,4032138.52,1075272.0,35094.18,2.86,17.99
2025,Greater Accra,HDPE,Films,Flexible,8294.7,5976.14,39.54,962.1,296.69,2693.96,2758.06,1544.35,1027613.56,769680.0,15759.93,1.97,30.84
2025,Greater Accra,HDPE,Pouches,Flexible,8457.58,5587.53,54.52,521.18,381.85,3092.74,2431.97,1975.32,1874113.94,416944.0,16069.4,2.21,23.9
2025,Greater Accra,LDPE,Bottles,Rigid,13699.95,10532.53,1252.5,5468.24,160.81,4231.19,2107.26,479.95,1803267.34,2734120.0,34249.88,0.57,69.77
2025,Greater Accra,LDPE,Containers,Rigid,8814.06,6426.91,668.42,2653.95,184.19,3197.41,1564.43,545.66,2157422.74,1326975.0,22035.15,0.98,62.57
2025,Greater Accra,LDPE,Sachets,Flexible,17452.7,12569.04,247.9,1461.05,709.88,4773.16,4333.4,5927.31,3560244.48,730525.0,43631.75,3.85,17.28
2025,Greater Accra,LDPE,Films,Flexible,7682.72,5853.62,60.97,552.58,523.45,2650.57,2043.8,1851.35,1350389.21,276290.0,19206.8,2.53,26.2
2025,Greater Accra,LDPE,Pouches,Flexible,7942.28,5398.81,103.83,386.18,471.5,2979.2,2581.43,1420.14,1155967.43,193090.0,19855.7,1.83,28.16
2025,Greater Accra,PP,Bottles,Rigid,12810.41,9282.08,892.7,4629.54,170.02,4768.39,1931.0,418.76,2521780.68,2777724.0,21777.7,0.23,67.04
2025,Greater Accra,PP,Containers,Rigid,8243.29,6146.94,780.15,2389.06,346.61,3051.53,1043.21,632.73,1120719.55,1433436.0,14013.59,0.55,63.96
2025,Greater Accra,PP,Sachets,Flexible,14541.73,11317.99,10.83,553.69,587.7,4771.57,4869.13,3748.81,2824054.87,332214.0,24720.94,2.08,16.76
2025,Greater Accra,PP,Films,Flexible,7512.29,5342.61,12.18,730.09,428.7,2626.32,1761.03,1953.97,1813291.37,438054.0,12770.89,2.92,26.51
2025,Greater Accra,PP,Pouches,Flexible,8235.67,5372.51,100.34,478.09,505.05,3112.38,2880.24,1159.57,1483166.75,286854.0,14000.64,1.48,31.79
2025,Greater Accra,Multilayer Laminate,Bottles,Rigid,12967.41,9290.38,1411.35,1779.43,695.09,5925.85,2653.25,502.44,2806981.51,533829.0,40198.97,0.47,58.29
2025,Greater Accra,Multilayer Laminate,Containers,Rigid,7727.99,6115.15,345.09,1071.3,150.88,3783.93,1824.5,552.29,1924483.53,321390.0,23956.77,0.34,51.38
2025,Greater Accra,Multilayer Laminate,Sachets,Flexible,13124.58,9691.06,154.7,255.8,1029.69,3575.43,3562.5,4546.46,2018727.71,76740.0,40686.2,3.7,11.86
2025,Greater Accra,Multilayer Laminate,Films,Flexible,7109.38,4751.82,88.19,219.53,427.1,2551.04,2197.52,1626.0,1112545.9,65859.0,22039.08,2.48,22.25
2025,Greater Accra,Multilayer Laminate,Pouches,Flexible,6907.63,5210.59,72.81,178.52,368.61,2490.71,2106.0,1690.98,864215.89,53556.0,21413.65,2.26,19.86
2025,Ashanti,PET,Bottles,Rigid,10816.43,7113.98,781.29,3868.2,244.9,3985.0,1505.29,431.75,2121512.85,3481380.0,23796.15,0.03,67.12
2025,Ashanti,PET,Containers,Rigid,7077.68,4502.67,534.64,2288.19,172.96,2741.94,1078.59,261.36,691537.57,2059371.0,15570.9,0.16,65.62
2025,Ashanti,PET,Sachets,Flexible,13743.9,8778.51,174.79,758.07,743.39,4387.18,4055.05,3625.42,1101305.89,682263.0,30236.58,2.22,21.1
2025,Ashanti,PET,Films,Flexible,7026.55,4990.92,72.02,445.53,474.93,2169.54,1994.91,1869.62,1062792.78,400977.0,15458.41,2.38,22.45
2025,Ashanti,PET,Pouches,Flexible,7160.93,4606.65,49.6,408.11,478.72,2462.84,2097.9,1663.76,1552387.91,367299.0,15754.05,1.92,24.55
2025,Ashanti,HDPE,Bottles,Rigid,10212.25,6476.2,1175.98,3278.09,196.8,3545.49,1683.73,332.16,1022519.59,2622472.0,19403.27,0.18,67.52
2025,Ashanti,HDPE,Containers,Rigid,6127.02,3734.27,451.22,1632.96,131.96,2646.36,994.7,269.82,1005126.78,1306368.0,11641.34,0.67,62.16
2025,Ashanti,HDPE,Sachets,Flexible,12112.07,8483.23,156.83,734.63,352.34,3843.34,2771.68,4253.25,1676909.58,587704.0,23012.93,3.82,14.24
2025,Ashanti,HDPE,Films,Flexible,6680.99,4544.3,40.1,710.21,245.79,2232.01,2135.75,1317.13,869952.72,568168.0,12693.88,1.93,29.61
2025,Ashanti,HDPE,Pouches,Flexible,6653.12,4271.68,72.06,412.22,133.49,2291.99,2054.7,1688.66,1152394.5,329776.0,12640.93,2.89,20.23
2025,Ashanti,LDPE,Bottles,Rigid,9335.75,5686.55,1052.98,2325.04,85.51,3917.42,1337.23,617.57,1799790.66,1162520.0,23339.38,0.85,62.36
2025,Ashanti,LDPE,Containers,Rigid,6096.58,4213.61,387.34,1589.73,124.43,2439.13,1134.61,421.34,1272557.1,794865.0,15241.45,0.77,59.4
2025,Ashanti,LDPE,Sachets,Flexible,12826.37,7472.66,11.22,871.19,242.52,4667.9,3675.19,3358.35,2402850.36,435595.0,32065.93,2.42,19.77
2025,Ashanti,LDPE,Films,Flexible,5479.39,3293.72,38.08,346.22,227.34,1906.39,1347.75,1613.61,745343.5,173110.0,13698.48,2.99,19.46
2025,Ashanti,LDPE,Pouches,Flexible,6617.61,4763.12,22.43,406.54,277.48,2529.59,2488.66,892.91,1106553.89,203270.0,16544.02,0.87,29.75
2025,Ashanti,PP,Bottles,Rigid,9881.1,5928.47,872.59,2622.26,109.62,4010.48,1773.43,492.72,982528.66,1573356.0,16797.87,0.51,61.93
2025,Ashanti,PP,Containers,Rigid,5323.38,3535.07,443.28,1240.63,133.47,2386.95,886.33,232.72,853201.96,744378.0,9049.75,0.45,61.15
2025,Ashanti,PP,Sachets,Flexible,12400.07,7977.51,139.53,600.71,835.31,3397.84,3458.65,3968.03,1750673.85,360426.0,21080.12,3.53,16.06
2025,Ashanti,PP,Films,Flexible,6084.06,3541.58,49.66,340.97,178.89,2404.59,1761.91,1348.04,425727.46,204582.0,10342.9,2.43,23.93
2025,Ashanti,PP,Pouches,Flexible,5339.16,3031.37,14.4,196.42,205.43,2296.14,1859.81,766.96,589100.18,117852.0,9076.57,1.26,27.65
2025,Ashanti,Multilayer Laminate,Bottles,Rigid,8837.79,5801.67,566.04,1077.1,446.41,4226.16,2063.62,458.46,1581094.32,323130.0,27397.15,0.36,53.65
2025,Ashanti,Multilayer Laminate,Containers,Rigid,5554.66,3073.65,379.79,516.12,224.71,2606.81,1180.23,647.0,730911.17,154836.0,17219.45,1.02,49.16
2025,Ashanti,Multilayer Laminate,Sachets,Flexible,10640.69,7100.34,188.3,171.04,759.29,3231.71,2745.51,3544.84,1309200.35,51312.0,32986.14,2.94,13.67
2025,Ashanti,Multilayer Laminate,Films,Flexible,4942.3,2962.95,36.4,180.81,304.59,1649.0,1473.81,1297.69,423515.26,54243.0,15321.13,2.49,19.35
2025,Ashanti,Multilayer Laminate,Pouches,Flexible,5359.26,2987.13,20.82,64.93,256.01,2156.09,1805.95,1055.46,1015279.29,19479.0,16613.71,1.68,21.25
2025,Western,PET,Bottles,Rigid,7167.56,4016.72,589.74,2521.59,57.96,2501.0,1167.59,329.68,748269.76,2269431.0,15768.63,0.12,66.14
2025,Western,PET,Containers,Rigid,4324.42,2291.28,131.95,1273.23,76.33,1802.54,821.43,218.94,553963.27,1145907.0,9513.72,0.4,60.01
2025,Western,PET,Sachets,Flexible,8267.9,4477.56,126.15,509.87,141.09,3060.0,2040.46,2390.33,1555689.78,458883.0,18189.38,3.34,19.45
2025,Western,PET,Films,Flexible,3924.73,2315.64,16.82,416.93,127.32,1298.52,1169.98,895.16,295872.81,375237.0,8634.41,2.37,26.97
2025,Western,PET,Pouches,Flexible,4017.7,2016.45,14.03,165.87,110.33,1726.13,1390.2,611.14,460067.77,149283.0,8838.94,1.98,26.81
2025,Western,HDPE,Bottles,Rigid,5935.18,3513.27,590.24,1881.33,91.75,2079.27,928.86,363.73,984878.36,1505064.0,11276.84,0.7,64.96
2025,Western,HDPE,Containers,Rigid,4114.37,1896.07,225.77,883.53,50.45,1824.91,861.94,267.77,443908.79,706824.0,7817.3,0.98,56.25
2025,Western,HDPE,Sachets,Flexible,7564.27,3520.1,6.5,184.03,213.8,2674.79,2332.98,2152.17,463584.54,147224.0,14372.11,2.57,13.38
2025,Western,HDPE,Films,Flexible,3683.46,1960.12,5.67,178.38,204.14,1169.75,1068.95,1056.57,395538.61,142704.0,6998.57,3.16,17.36
2025,Western,HDPE,Pouches,Flexible,3865.5,1813.61,26.8,132.03,88.8,1598.92,1299.66,719.29,318539.43,105624.0,7344.45,1.76,23.31
2025,Western,LDPE,Bottles,Rigid,5488.25,3105.66,312.16,1326.81,130.29,2388.34,943.22,387.43,519374.06,663405.0,13720.62,0.94,58.46
2025,Western,LDPE,Containers,Rigid,3788.84,1844.94,258.92,634.79,112.67,1627.27,772.82,382.37,527895.58,317395.0,9472.1,0.7,53.4
2025,Western,LDPE,Sachets,Flexible,7202.33,3318.3,38.79,346.11,190.03,2395.44,2246.76,1985.2,434511.92,173055.0,18005.83,2.64,16.51
2025,Western,LDPE,Films,Flexible,3394.29,1881.47,3.98,254.98,90.47,1430.06,914.97,699.83,415219.3,127490.0,8485.73,1.58,27.06
2025,Western,LDPE,Pouches,Flexible,3631.36,1907.03,12.27,95.43,114.93,1443.15,1156.37,809.21,487554.93,47715.0,9078.4,1.93,19.74
2025,Western,PP,Bottles,Rigid,5471.92,2595.25,285.26,1168.23,87.63,2669.89,909.54,351.37,694451.04,700938.0,9302.26,0.96,57.14
2025,Western,PP,Containers,Rigid,3470.31,1694.38,129.2,609.13,54.96,1669.22,667.78,340.02,478549.63,365478.0,5899.53,1.26,52.1
2025,Western,PP,Sachets,Flexible,6796.71,3770.21,43.88,209.02,231.56,2535.42,1649.64,2127.19,892411.13,125412.0,11554.41,2.96,14.56
2025,Western,PP,Films,Flexible,3434.7,1557.97,9.75,234.75,104.89,1220.4,1039.32,825.59,324234.32,140850.0,5838.99,2.74,22.1
2025,Western,PP,Pouches,Flexible,3749.41,1933.94,15.21,178.19,119.09,1334.78,1339.96,762.18,468704.5,106914.0,6374.0,2.34,22.03
2025,Western,Multilayer Laminate,Bottles,Rigid,5658.64,2728.88,452.66,565.65,104.6,2943.22,1310.92,281.59,548667.33,169695.0,17541.78,0.55,52.78
2025,Western,Multilayer Laminate,Containers,Rigid,3014.12,1745.02,132.23,279.58,97.68,1604.2,637.7,262.73,277514.38,83874.0,9343.77,1.09,49.22
2025,Western,Multilayer Laminate,Sachets,Flexible,6776.68,3519.46,75.4,148.98,139.86,2271.94,1608.05,2532.45,573031.29,44694.0,21007.71,3.36,7.74
2025,Western,Multilayer Laminate,Films,Flexible,2982.19,1676.66,15.75,101.12,151.55,1143.63,781.27,788.87,321430.58,30336.0,9244.79,2.78,19.63
2025,Western,Multilayer Laminate,Pouches,Flexible,2899.23,1318.99,22.47,44.42,67.47,1208.47,894.39,662.01,169211.38,13326.0,8987.61,2.72,18.68
2025,Central,PET,Bottles,Rigid,6153.38,2559.64,355.85,1550.79,32.62,2579.91,1344.01,290.2,423371.77,1395711.0,13537.44,0.55,58.75
2025,Central,PET,Containers,Rigid,4134.05,1744.71,256.62,951.63,58.8,1820.31,819.31,227.38,605041.74,856467.0,9094.91,0.23,58.23
2025,Central,PET,Sachets,Flexible,8025.42,3618.02,19.06,331.6,331.46,2512.77,2482.68,2347.85,766279.05,298440.0,17655.92,3.04,14.79
2025,Central,PET,Films,Flexible,3707.32,1701.36,23.67,323.03,106.76,1186.63,1041.42,1025.81,400653.74,290727.0,8156.1,2.29,21.19
2025,Central,PET,Pouches,Flexible,3621.68,1729.75,0.52,118.48,122.84,1455.15,1165.88,758.81,372569.53,106632.0,7967.7,2.53,21.28
2025,Central,HDPE,Bottles,Rigid,6040.62,2597.47,248.58,1528.9,65.92,2643.15,1112.2,441.87,900978.96,1223120.0,11477.18,0.77,57.36
2025,Central,HDPE,Containers,Rigid,3163.67,1658.53,124.7,882.24,75.68,1300.71,524.97,255.37,338032.08,705792.0,6010.97,0.66,58.82
2025,Central,HDPE,Sachets,Flexible,7045.05,3611.93,73.52,234.77,245.99,2186.79,1910.54,2393.44,1074048.17,187816.0,13385.59,3.56,11.4
2025,Central,HDPE,Films,Flexible,3366.83,1798.94,5.85,339.77,59.15,1385.41,977.6,599.05,517790.54,271816.0,6396.98,2.09,30.86
2025,Central,HDPE,Pouches,Flexible,3675.19,2016.72,11.86,189.92,73.3,1552.96,1157.32,689.83,516183.39,151936.0,6982.86,1.88,24.97
2025,Central,LDPE,Bottles,Rigid,5555.05,3032.69,262.9,1565.13,129.71,2259.24,1036.99,301.08,595550.55,782565.0,13887.62,0.2,60.38
2025,Central,LDPE,Containers,Rigid,3464.57,1656.9,237.48,737.42,62.99,1663.36,616.62,146.7,545921.24,368710.0,8661.43,0.1,59.02
2025,Central,LDPE,Sachets,Flexible,6199.86,2960.59,23.39,177.23,231.61,2190.99,2057.79,1518.85,845996.95,88615.0,15499.65,2.5,17.51
2025,Central,LDPE,Films,Flexible,3188.55,1546.01,11.3,250.91,44.86,1089.28,924.85,867.35,250962.93,125455.0,7971.38,2.52,19.55
2025,Central,LDPE,Pouches,Flexible,3379.08,1394.35,22.64,116.97,120.03,1407.25,1203.63,508.56,433799.26,58485.0,8447.7,1.05,26.72
2025,Central,PP,Bottles,Rigid,4595.48,2095.31,205.04,1063.14,93.1,2268.67,715.2,250.33,332648.0,637884.0,7812.32,0.08,58.45
2025,Central,PP,Containers,Rigid,2943.24,1578.25,94.21,720.63,53.92,1273.7,501.1,299.68,200113.66,432378.0,5003.51,0.95,55.4
2025,Central,PP,Sachets,Flexible,5825.13,3090.15,56.08,287.32,213.89,1923.94,1954.37,1389.53,964444.27,172392.0,9902.72,2.78,20.33
2025,Central,PP,Films,Flexible,3245.04,1348.17,6.13,91.69,71.66,1258.76,1151.59,665.21,432946.21,55014.0,5516.57,2.3,19.61
2025,Central,PP,Pouches,Flexible,3315.36,1352.95,0.33,110.71,69.6,1398.38,1162.82,573.52,321502.01,66426.0,5636.11,1.67,23.19
2025,Central,Multilayer Laminate,Bottles,Rigid,4774.34,2391.5,302.42,438.9,74.19,2541.56,1122.48,294.79,653807.97,131670.0,14800.45,0.35,50.67
2025,Central,Multilayer Laminate,Containers,Rigid,2907.84,1412.06,138.98,249.52,76.01,1621.89,550.49,270.95,412906.0,74856.0,9014.3,0.57,49.09
2025,Central,Multilayer Laminate,Sachets,Flexible,5219.66,2852.08,81.88,54.34,189.82,1806.97,1726.53,1360.12,965830.39,16302.0,16180.95,2.74,15.59
2025,Central,Multilayer Laminate,Films,Flexible,2774.01,1360.65,8.49,89.53,136.79,988.36,830.38,720.46,173736.14,26859.0,8599.43,2.91,18.18
2025,Central,Multilayer Laminate,Pouches,Flexible,2829.14,1269.63,11.96,47.24,49.89,1066.04,942.73,711.28,268428.02,14172.0,8770.33,2.23,14.86
2025,Eastern,PET,Bottles,Rigid,6499.0,3075.76,311.08,1856.35,66.21,2566.87,1226.74,471.75,908820.16,1670715.0,14297.8,0.99,59.17
2025,Eastern,PET,Containers,Rigid,4309.4,2312.62,330.2,1023.98,72.16,1923.84,782.58,176.64,331134.01,921582.0,9480.68,0.17,60.58
2025,Eastern,PET,Sachets,Flexible,7484.2,3177.52,86.68,157.08,282.37,2709.77,2349.99,1898.31,859192.71,141372.0,16465.24,2.71,17.51
2025,Eastern,PET,Films,Flexible,3604.72,2082.01,36.55,383.35,148.48,1323.31,948.73,764.3,519302.54,345015.0,7930.38,1.72,31.02
2025,Eastern,PET,Pouches,Flexible,4338.11,1919.71,8.63,170.22,171.94,1729.75,1338.43,919.14,564672.39,153198.0,9543.84,2.6,22.6
2025,Eastern,HDPE,Bottles,Rigid,6372.69,3145.77,592.83,1532.71,78.81,2605.14,1215.57,347.63,758623.98,1226168.0,12108.11,0.36,60.55
2025,Eastern,HDPE,Containers,Rigid,3426.3,1459.74,158.12,613.31,29.83,1600.47,712.6,311.97,344239.81,490648.0,6509.97,1.3,52.59
2025,Eastern,HDPE,Sachets,Flexible,7829.31,4299.7,81.99,322.04,461.5,2572.88,2363.6,2027.3,572175.4,257632.0,14875.69,3.07,20.13
2025,Eastern,HDPE,Films,Flexible,3664.13,1865.45,24.47,244.23,52.51,1326.31,1040.99,975.62,548774.32,195384.0,6961.85,2.39,19.67
2025,Eastern,HDPE,Pouches,Flexible,3399.74,1515.69,11.28,156.2,140.9,1303.8,1170.01,617.55,265969.58,124960.0,6459.51,1.48,25.0
2025,Eastern,LDPE,Bottles,Rigid,6202.48,3217.9,636.4,1355.08,114.39,2665.69,1162.25,268.67,622702.81,677540.0,15506.2,0.1,60.91
2025,Eastern,LDPE,Containers,Rigid,3239.16,1378.97,166.09,565.4,24.92,1565.43,729.99,187.33,195356.45,282700.0,8097.9,0.83,54.09
2025,Eastern,LDPE,Sachets,Flexible,6148.66,2827.77,75.56,285.06,90.22,1823.97,1747.6,2126.25,730045.8,142530.0,15371.65,3.64,10.55
2025,Eastern,LDPE,Films,Flexible,3736.05,1708.02,21.31,193.89,50.09,1377.94,1391.13,701.69,427769.36,96945.0,9340.12,1.93,22.59
2025,Eastern,LDPE,Pouches,Flexible,3082.05,1525.89,28.22,99.08,120.62,1180.08,941.61,712.44,484209.07,49540.0,7705.12,2.2,20.88
2025,Eastern,PP,Bottles,Rigid,5748.66,2635.39,299.45,1113.15,124.24,2791.02,1087.25,333.55,862621.09,667890.0,9772.72,0.91,56.2
2025,Eastern,PP,Containers,Rigid,3234.66,1677.42,163.44,679.9,93.74,1528.32,605.43,163.83,393480.24,407940.0,5498.92,0.46,57.54
2025,Eastern,PP,Sachets,Flexible,6424.98,2842.33,43.76,176.61,122.16,2532.41,1970.28,1579.76,750739.07,105966.0,10922.47,2.69,17.72
2025,Eastern,PP,Films,Flexible,3315.18,1641.94,12.74,173.26,127.55,1160.8,1017.72,823.11,261444.28,103956.0,5635.81,2.12,20.25
2025,Eastern,PP,Pouches,Flexible,3283.87,1537.5,0.57,146.58,70.1,1190.93,1045.23,830.46,255741.82,87948.0,5582.58,2.26,17.46
2025,Eastern,Multilayer Laminate,Bottles,Rigid,5021.9,2247.48,262.17,426.85,69.14,2966.86,1022.46,274.42,284407.81,128055.0,15567.89,0.68,50.77
2025,Eastern,Multilayer Laminate,Containers,Rigid,3286.0,1554.26,96.16,287.87,130.56,1748.44,661.12,361.85,380222.42,86361.0,10186.6,0.69,47.33
2025,Eastern,Multilayer Laminate,Sachets,Flexible,6215.51,3331.61,96.45,86.1,99.7,2100.13,1864.23,1968.9,548249.59,25830.0,19268.08,2.93,10.45
2025,Eastern,Multilayer Laminate,Films,Flexible,3007.93,1422.44,24.48,66.96,135.71,1132.33,850.11,798.34,442700.06,20088.0,9324.58,2.43,17.72
2025,Eastern,Multilayer Laminate,Pouches,Flexible,3028.04,1375.46,13.08,34.46,71.71,1032.62,1074.2,801.97,476401.49,10338.0,9386.92,2.17,12.51
2025,Northern,PET,Bottles,Rigid,4126.73,1394.57,118.34,804.76,53.83,2119.04,870.67,160.09,447487.33,724284.0,9078.81,0.0,55.31
2025,Northern,PET,Containers,Rigid,2467.7,992.06,115.98,559.35,32.96,1175.23,471.97,112.21,189814.67,503415.0,5428.94,0.41,57.88
2025,Northern,PET,Sachets,Flexible,4652.19,1697.35,49.86,96.98,175.21,1529.81,1405.88,1394.45,344403.34,87282.0,10234.82,2.93,13.26
2025,Northern,PET,Films,Flexible,2338.16,832.88,15.42,146.71,26.7,958.2,726.41,464.72,218540.56,132039.0,5143.95,1.63,24.88
2025,Northern,PET,Pouches,Flexible,2391.91,720.16,4.56,69.7,47.51,944.14,696.77,629.23,93953.45,62730.0,5262.2,2.98,16.31
2025,Northern,HDPE,Bottles,Rigid,3865.65,1635.53,155.95,1053.61,22.69,1755.69,612.54,265.17,537924.95,842888.0,7344.73,0.5,58.91
2025,Northern,HDPE,Containers,Rigid,2347.33,803.23,116.74,300.46,36.22,1231.51,458.07,204.33,226741.41,240368.0,4459.93,0.56,51.09
2025,Northern,HDPE,Sachets,Flexible,4331.55,1464.01,41.97,71.41,64.8,1646.31,1317.76,1189.3,341129.4,57128.0,8229.94,3.12,14.09
2025,Northern,HDPE,Films,Flexible,2234.02,864.55,1.54,133.87,32.79,742.53,666.45,656.84,173435.77,107096.0,4244.64,3.3,15.16
2025,Northern,HDPE,Pouches,Flexible,1983.05,763.17,2.17,71.81,76.82,733.32,720.57,378.36,183029.55,57448.0,3767.79,1.9,22.13
2025,Northern,LDPE,Bottles,Rigid,3426.29,1382.11,128.3,761.17,34.09,1716.04,648.88,137.81,197758.55,380585.0,8565.73,0.54,57.38
2025,Northern,LDPE,Containers,Rigid,2177.94,943.4,137.52,427.12,11.44,1055.61,395.32,150.93,243733.2,213560.0,5444.85,0.8,56.02
2025,Northern,LDPE,Sachets,Flexible,3938.85,1716.04,25.91,138.6,185.84,1245.25,1180.48,1162.77,527208.41,69300.0,9847.12,3.23,15.1
2025,Northern,LDPE,Films,Flexible,2140.88,869.63,4.42,134.91,80.63,701.71,779.08,440.13,278033.33,67455.0,5352.2,2.45,22.95
2025,Northern,LDPE,Pouches,Flexible,2180.47,831.31,10.75,61.5,26.27,826.08,741.8,514.07,195862.58,30750.0,5451.17,2.35,16.91
2025,Northern,PP,Bottles,Rigid,2966.59,1014.0,100.45,457.47,53.62,1526.57,685.48,143.0,263985.85,274482.0,5043.2,0.14,52.87
2025,Northern,PP,Containers,Rigid,2016.91,842.63,62.13,336.84,50.76,1015.52,341.18,210.48,182177.23,202104.0,3428.75,1.1,51.76
2025,Northern,PP,Sachets,Flexible,3571.81,1311.69,23.65,90.58,120.09,1038.83,1043.54,1255.12,188650.68,54348.0,6072.08,3.85,8.26
2025,Northern,PP,Films,Flexible,1772.7,553.86,7.11,63.5,53.98,642.33,586.37,419.41,124545.18,38100.0,3013.59,2.21,18.69
2025,Northern,PP,Pouches,Flexible,1978.82,819.1,13.97,80.82,39.11,721.29,675.14,448.49,187963.62,48492.0,3363.99,2.76,19.46
2025,Northern,Multilayer Laminate,Bottles,Rigid,3112.83,1378.59,248.42,288.99,86.89,1617.53,666.59,204.41,171847.22,86697.0,9649.77,0.68,52.2
2025,Northern,Multilayer Laminate,Containers,Rigid,1787.74,677.17,99.82,127.77,20.03,998.65,397.93,143.54,205625.43,38331.0,5541.99,0.83,48.43
2025,Northern,Multilayer Laminate,Sachets,Flexible,3623.38,1550.63,37.49,33.48,139.46,1317.25,1019.54,1076.16,359850.67,10044.0,11232.48,2.83,13.39
2025,Northern,Multilayer Laminate,Films,Flexible,1697.18,686.0,10.56,25.86,22.38,514.55,587.57,536.26,181345.86,7758.0,5261.26,2.98,7.72
2025,Northern,Multilayer Laminate,Pouches,Flexible,1695.38,510.9,2.41,10.61,42.37,724.24,634.24,281.51,96329.99,3183.0,5255.68,1.2,20.97
